MA,S#,SEMIS Code,District,Taluka,Union Council,Cluster Hub,School Name,Cost Centre,Gender,Level,Latitude,Longitude,Head Master Name,Contact No,Visit Date,Visit Time,Monitoring Officer,Monitoring Assistant,Building Exists,Building Type,Boundary Wall Status,Gate,Total Classrooms,Classrooms Condition,Roof Condition,Washrooms Boys,Washrooms Girls,Washrooms PWD,Water Supply Status,Electricity Status,Furniture,Science laboratary,computer labortary,libarary,play ground /Open area,Cause of Damage (Flood   Rain   Fire  Earthquake   Dilapidated Building  Encroachment   Other ),Extent of Damage ( (Fully Damaged  / Partially Damaged  /Repair Required  / Reconstruction Required  / Under Repair  / Work Completed  / Functional / No Damage),Brief Description of Damage,Primary Enrolled,Primary Present,Elem/Sec Enrolled,Elem/Sec Present,Total Enrolled,Total Present,Teaching Staff Posted,Teaching Staff Present,Non-Teaching Posted,Non-Teaching Present,Name of School,SEMIS Code,Gender (B/G/M),Distance (Meters),Class Rooms,No. of Teachers,Students Enrolled / Building Condition,S#,Name of Village / Mohalla / Locality,Distance from School (Meters),No. of Households,Potential Children (5-16 years),"Work Progress Status (Work Not Started  / Work Started  / Work In Progress  /Work Suspended
☐ Work Completed   ☐ Handed Over",Delay (Days),Reason for Delay,1. Foundation  (Satisfactory /Unsatisfactory /Not Observed,2. Roof (Satisfactory /Unsatisfactory /Not Observed,3. Walls (Satisfactory /Unsatisfactory /Not Observed,4. Plaster(Satisfactory /Unsatisfactory /Not Observed,5. Flooring(Satisfactory /Unsatisfactory /Not Observed,6. Doors / Windows(Satisfactory /Unsatisfactory /Not Observed,7. Electrical Work(Satisfactory /Unsatisfactory /Not Observed,8. Water Supply(Satisfactory /Unsatisfactory /Not Observed,9. Drainage(Satisfactory /Unsatisfactory /Not Observed,10. Boundary Wall(Satisfactory /Unsatisfactory /Not Observed,11. Painting / Finishing (Satisfactory /Unsatisfactory /Not Observed,"12. Laboratories (Science/Computer(

(Satisfactory /Unsatisfactory /Not Observed",1. Major Findings / Observations:,Irregularities / Non-Compliance (if any):,Risks Identified:,"/ Immediate Repair   / Reconstruction Required   / Minor Repair   / Major Repair
/ Release Next Installment   / Stop Further Payment   / Third Party Audit   / Quality Inspection
/ Recover Loss   / Inquiry Required   / Safe for Students   / Unsafe for Students
/ Stop Project / Irregularities   / Donate Inspection   / Engineering Audit   / Other ____________","/ Immediate Repair   / Reconstruction Required   / Minor Repair   / Major Repair
/ Release Next Installment   / Stop Further Payment   / Third Party Audit   / Quality Inspection
/ Recover Loss   / Inquiry Required   / Safe for Students   / Unsafe for Students
/ Stop Project / Irregularities   / Donate Inspection   / Engineering Audit   / Other ____________","/ Immediate Repair   / Reconstruction Required   / Minor Repair   / Major Repair
/ Release Next Installment   / Stop Further Payment   / Third Party Audit   / Quality Inspection
/ Recover Loss   / Inquiry Required   / Safe for Students   / Unsafe for Students
/ Stop Project / Irregularities   / Donate Inspection   / Engineering Audit   / Other ____________","/ Immediate Repair   / Reconstruction Required   / Minor Repair   / Major Repair
/ Release Next Installment   / Stop Further Payment   / Third Party Audit   / Quality Inspection
/ Recover Loss   / Inquiry Required   / Safe for Students   / Unsafe for Students
/ Stop Project / Irregularities   / Donate Inspection   / Engineering Audit   / Other ____________","/ Immediate Repair   / Reconstruction Required   / Minor Repair   / Major Repair
/ Release Next Installment   / Stop Further Payment   / Third Party Audit   / Quality Inspection
/ Recover Loss   / Inquiry Required   / Safe for Students   / Unsafe for Students
/ Stop Project / Irregularities   / Donate Inspection   / Engineering Audit   / Other ____________"
Abdul wahab,1,401010008,Badin,Badin,Abdullah Shah,,GBPS SAYED ABDULLAH SHAH,,Mixed,Primary,24.5922218608198,68.9582848517111,,,2025-12-03,10:11:36,,Ali Raza Jafri,,Government Building,Dangerous,,2,,,,,,NA,No,Partial,,NA,NA,NA,,,,178,,185,,363,,3,3,,,,,,,,,,,,,,,,,,,,,,,,,,,,,,,,,,,,,
Abdul wahab,2,401010048,Badin,Badin,Muhammad Khan Bhurgari,,GBPS URS KHASKHELI@ URIS SOOMRO,,Mixed,Primary,24.6410851338378,68.9259582046227,,,2025-12-18,10:41:25,,Ali Raza Jafri,FROM SMC AND VILLAGERS,No Building,No Boundary Wall,,0,,,,,,NA,No,Yes,,NA,NA,NA,,,,146,,145,,291,,1,1,,,,,,,,,,,,,,,,,,,,,,,,,,,,,,,,,,,,,
Abdul wahab,3,401010087,Badin,Badin,Muhammad Khan Bhurgari,,GBPS ALLAH DINO SOOMRO,,Mixed,Primary,24.6466593986704,68.9290487808373,,,2025-12-18,10:51:32,,Ali Raza Jafri,OTAQ,Any Other Building,No Boundary Wall,,1,,,,,,NA,No,Partial,,NA,NA,NA,,,,186,,203,,389,,2,2,,,,,,,,,,,,,,,,,,,,,,,,,,,,,,,,,,,,,
Abdul wahab,4,401010102,Badin,Badin,Nindo Shahar,,GBPS BUDHAL PANHWAR,,Boys,Primary,24.6433725614878,68.9799302795537,,,2026-01-12,11:28:39,,Abdul Wahab Bhurgri,,Government Building,Satisfactory,,2,,,,,,Simple Water Cooler,Yes,Partial,,NA,NA,NA,,,,206,,105,,311,,2,1,,,,,,,,,,,,,,,,,,,,,,,,,,,,,,,,,,,,,
Abdul wahab,5,401010124,Badin,Badin,Nindo Shahar,,GBPS NOOR MUHAMMAD BAJEER,,Mixed,Primary,24.5876292568378,69.0547102685771,,,2025-12-06,09:22:44,,Ali Raza Jafri,,Government Building,No Boundary Wall,,1,,,,,,NA,No,Yes,,NA,NA,NA,,,,134,,115,,249,,1,1,,,,,,,,,,,,,,,,,,,,,,,,,,,,,,,,,,,,,
Abdul wahab,6,401010140,Badin,Badin,Nindo Shahar,,GGPS HUSSAIN BAJEER,,Girls,Primary,24.5756556804884,69.048101305912,,,2025-11-13,11:14:14,,Ali Raza Jafri,,Government Building,Dangerous,,2,,,,,,Simple Water Cooler,No,Partial,,NA,NA,NA,,,,104,,195,,299,,1,1,,,,,,,,,,,,,,,,,,,,,,,,,,,,,,,,,,,,,
Abdul wahab,7,401010198,Badin,Badin,Nindo Shaher,,GGPS JAVED ALI KHASKHELI,,Mixed,Primary,24.6582843779716,69.0288671854137,,,2026-02-06,10:17:17,,Abdul Wahab Bhurgri,,Government Building,Dangerous,,2,,,,,,Simple Water Cooler,No,Partial,,NA,NA,NA,,,,172,,209,,381,,2,1,,,,,,,,,,,,,,,,,,,,,,,,,,,,,,,,,,,,,
Abdul wahab,8,401010212,Badin,Badin,Nindo Shahar,,GBPS MEHRAB MURADANI,,Mixed,Primary,24.6573360219666,68.9570134836449,,,2026-05-13,10:10:37,,Abdul Wahab Bhurgri,,Government Building,No Boundary Wall,,2,,,,,,Simple Water Cooler,No,Partial,,NA,NA,NA,,,,226,,213,,439,,4,1,,,,,,,,,,,,,,,,,,,,,,,,,,,,,,,,,,,,,
Abdul wahab,9,401010223,Badin,Badin,Nindo Shaher,,GBPS GHULAM MUHAMMAD FOROOQI,,Mixed,Primary,24.6596906635359,68.9816388417307,,,2026-05-15,09:40:45,,Abdul Wahab Bhurgri,,Government Building,Needs Repair,,3,,,,,,NA,Yes,Yes,,NA,NA,NA,,,,176,,153,,329,,2,1,,,,,,,,,,,,,,,,,,,,,,,,,,,,,,,,,,,,,
Abdul wahab,10,401010225,Badin,Badin,Nindo Shahar,,GBPS HAYAT MACHHI,,Boys,Primary,24.6341885908634,68.9973431825638,,,2026-05-13,09:12:37,,Abdul Wahab Bhurgri,,Government Building,Dangerous,,2,,,,,,NA,Yes,Partial,,NA,NA,NA,,,,218,,211,,429,,2,2,,,,,,,,,,,,,,,,,,,,,,,,,,,,,,,,,,,,,
Abdul wahab,11,401010226,Badin,Badin,Nindo Shaher,,GBPS MUHAMMAD KHAN BHURGRI,,Mixed,Primary,24.656151439174,69.0286204213899,,,2026-02-06,10:01:38,,Abdul Wahab Bhurgri,Open,Government Building,Dangerous,,5,,,,,,,No,Yes,,NA,NA,NA,,,,254,,237,,491,,4,2,,,,,,,,,,,,,,,,,,,,,,,,,,,,,,,,,,,,,
Abdul wahab,12,401010231,Badin,Badin,Nindo Shahar,,GBPS HAJI ALLAH DINO MAHRANPOTO,,Mixed,Primary,24.6114927069927,69.0043705705801,,,2026-05-22,09:43:30,,Abdul Wahab Bhurgri,,Government Building,Satisfactory,,2,,,,,,NA,Yes,Yes,,NA,NA,NA,,,,172,,135,,307,,3,2,,,,,,,,,,,,,,,,,,,,,,,,,,,,,,,,,,,,,
Abdul wahab,13,401010232,Badin,Badin,Nindo Shahar,,GBPS ALLAH RAKHYO BHURGRI,,Mixed,Primary,24.5869514028911,69.0378794062142,,,2025-12-19,08:44:13,,Ali Raza Jafri,,NA,NA,,3,,,,,,NA,NA,Partial,,NA,NA,NA,,,,266,,243,,509,,3,,,,,,,,,,,,,,,,,,,,,,,,,,,,,,,,,,,,,,
Abdul wahab,14,401010233,Badin,Badin,Nindo Shahar,,GBPS SIDDIQUE NOHRIO,,Mixed,Primary,24.6082494667417,69.0561291564508,,,2026-05-08,09:14:24,,Abdul Wahab Bhurgri,,Government Building,Dangerous,,2,,,,,,Simple Water Cooler,Kunda,Partial,,NA,NA,NA,,,,278,,187,,465,,3,2,,,,,,,,,,,,,,,,,,,,,,,,,,,,,,,,,,,,,
Abdul wahab,15,401010234,Badin,Badin,Nindo Shahar,,GBPS HUSSAIN BAJEER,,Boys,Primary,24.5761410990744,69.0495040974034,,,2025-11-13,10:58:32,,Ali Raza Jafri,,Government Building,Dangerous,,2,,,,,,NA,No,Partial,,NA,NA,NA,,,,178,,109,,287,,2,1,,,,,,,,,,,,,,,,,,,,,,,,,,,,,,,,,,,,,
Abdul wahab,16,401010317,Badin,Badin,Chakar Panhwer,,GBELS GUL MUHAMMAD CHANNA,,Boys,Elementary,24.5471343407633,69.1177726391611,,,2025-11-08,11:08:45,,Abdul Wahab Bhurgri,,Government Building,Satisfactory,,,,,,,,NA,No,Yes,,NA,NA,NA,,,,348,,261,,609,,3,3,,,,,,,,,,,,,,,,,,,,,,,,,,,,,,,,,,,,,
Abdul wahab,17,401010323,Badin,Badin,Mithi Village,,GBPS CHHUTTO KHAN LUND,,Boys,Primary,24.496409208102,69.1178186203159,,,2025-11-14,11:17:12,,Abdul Wahab Bhurgri,,Government Building,Needs Repair,,02,,,,,,Simple Water Cooler,No,Yes,,Not available,Not available,Not available,,,,176,,127,,303,,1,1,,,,,,,,,,,,,,,,,,,,,,,,,,,,,,,,,,,,,
Abdul wahab,18,401010324,Badin,Badin,Chakar Panhwer,,GBPS CHANSER DASTI,,Mixed,Primary,24.5589726094577,69.0683560063941,,,2025-12-06,09:39:33,,Ali Raza Jafri,,Government Building,Dangerous,,,,,,,,NA,No,Yes,,NA,NA,NA,,,,164,,117,,281,,1,1,,,,,,,,,,,,,,,,,,,,,,,,,,,,,,,,,,,,,
Abdul wahab,19,401010325,Badin,Badin,Chakar Panhwer,,GBPS HAJI MURAD KHATTI,,Boys,Primary,24.5368512357234,69.092823113516,,,2025-11-08,12:32:04,,Abdul Wahab Bhurgri,,Government Building,No Boundary Wall,,2,,,,,,Simple Water Cooler,No,Partial,,Not available,Not available,Not available,,,,176,,153,,329,,1,1,,,,,,,,,,,,,,,,,,,,,,,,,,,,,,,,,,,,,
Abdul wahab,20,401010326,Badin,Badin,Chakar Panhwer,,GBPS MUHAMMAD URS MURADANI,,Boys,Primary,24.5505004145109,69.0996989610286,,,2025-10-25,09:19:35,,Ali Raza Jafri,From Smc funds,Any Other Building,No Boundary Wall,,2,,,,,,,No,Partial,,Not available,Not available,Not available,,,,128,,111,,239,,1,1,,,,,,,,,,,,,,,,,,,,,,,,,,,,,,,,,,,,,
Abdul wahab,21,401010337,Badin,Badin,Muhammad Khan Bhurgari,,GBPS ISHAQ SOOMRO,,Mixed,Primary,24.6206064264087,68.9275628493245,,,2025-11-03,10:32:14,,Ali Raza Jafri,,Government Building,Dangerous,,2,,,,,,NA,No,Partial,,NA,NA,NA,,,,244,,191,,435,,2,2,,,,,,,,,,,,,,,,,,,,,,,,,,,,,,,,,,,,,
Abdul wahab,22,401010348,Badin,Badin,Dr. Abdullah Soomro,,GBPS RAJO KHAN JAMALI,,Mixed,Primary,24.6628596583956,68.9490392752506,,,2026-05-13,10:22:05,,Abdul Wahab Bhurgri,Open,Government Building,Needs Repair,,1,,,,,,NA,No,Partial,,NA,NA,NA,,,,184,,167,,351,,2,2,,,,,,,,,,,,,,,,,,,,,,,,,,,,,,,,,,,,,
Abdul wahab,23,401010350,Badin,Badin,Muhammad Khan Bhurgari,,GBPS QASIM LANJAR,,Mixed,Primary,24.6367912018084,68.9347283545665,,,2025-12-18,10:31:28,,Ali Raza Jafri,,Government Building,No Boundary Wall,,1,,,,,,NA,NA,Yes,,NA,NA,NA,,,,118,,111,,229,,1,1,,,,,,,,,,,,,,,,,,,,,,,,,,,,,,,,,,,,,
Abdul wahab,24,401010356,Badin,Badin,Muhammad Khan Bhurgari,,GBPS MUHAMMAD ESSA SOOMRO,,Mixed,Primary,24.6273080705323,68.9098897597386,,,2026-04-29,10:16:32,,Abdul Wahab Bhurgri,,Government Building,Dangerous,,3,,,,,,,No,Partial,,NA,NA,NA,,,,202,,147,,349,,2,2,,,,,,,,,,,,,,,,,,,,,,,,,,,,,,,,,,,,,
Abdul wahab,25,401010361,Badin,Badin,Nindo-Tc,,GBPS EIDO KOTAR MALLAH,,Mixed,Primary,24.6438966636092,69.0237374577432,,,2026-05-12,10:17:37,,Abdul Wahab Bhurgri,,Government Building,No Boundary Wall,,2,,,,,,NA,No,Partial,,NA,NA,NA,,,,236,,221,,457,,3,3,,,,,,,,,,,,,,,,,,,,,,,,,,,,,,,,,,,,,
Abdul wahab,26,401010363,Badin,Badin,Nindo Shaher,,GBPS SOBDAR SHAH,,Mixed,Primary,24.672694616973,68.9927834278343,,,2026-05-21,09:55:43,,Abdul Wahab Bhurgri,chapra,No Building,No Boundary Wall,,0,,,,,,NA,No,Partial,,NA,NA,NA,,,,142,,127,,269,,1,1,,,,,,,,,,,,,,,,,,,,,,,,,,,,,,,,,,,,,
Abdul wahab,27,401010365,Badin,Badin,TC - Nindo,,GBPS ARBAB ABDULLAH,,Mixed,Primary,24.6304047429032,69.0213489441107,,,2025-12-12,08:52:27,,Ali Raza Jafri,,Government Building,No Boundary Wall,,2,,,,,,NA,No,Partial,,NA,NA,NA,,,,166,,135,,301,,1,1,,,,,,,,,,,,,,,,,,,,,,,,,,,,,,,,,,,,,
Abdul wahab,28,401010370,Badin,Badin,Nindo Shahar,,GBPS USMAN DARS,,Mixed,Primary,24.5897268638787,69.0672804385433,,,2025-12-02,10:40:25,,Abdul Wahab Bhurgri,,Government Building,Dangerous,,2,,,,,,NA,No,Yes,,NA,NA,NA,,,,124,,121,,245,,1,1,,,,,,,,,,,,,,,,,,,,,,,,,,,,,,,,,,,,,
Abdul wahab,29,401010374,Badin,Badin,Chakar Panhwer,,GBPS HAIBAT FAQEER,,Boys,Primary,24.5623624019181,69.1098350036487,,,2025-10-25,12:00:37,,Ali Raza Jafri,,Pakka/RCC/Tier Guarder,Dangerous,,,,,,,,,No,Partial,,NA,NA,NA,,,,190,,131,,321,,1,1,,,,,,,,,,,,,,,,,,,,,,,,,,,,,,,,,,,,,
Abdul wahab,30,401010377,Badin,Badin,Chakar Panhwer,,GBPS HUSSAIN KHAN LUND,,Boys,Primary,24.5393778202017,69.0921967674643,,,2025-11-08,11:58:59,,Abdul Wahab Bhurgri,Open,Government Building,Dangerous,,2,,,,,,NA,No,Partial,,Not available,Not available,Not available,,,,216,,171,,387,,1,1,,,,,,,,,,,,,,,,,,,,,,,,,,,,,,,,,,,,,
Abdul wahab,31,401010381,Badin,Badin,Chakar Panhwer,,GBPS EIDOO NUHRIO,,Boys,Primary,24.5251485023735,69.0883988142014,,,2025-11-08,12:43:44,,Abdul Wahab Bhurgri,,Government Building,Dangerous,,2,,,,,,Simple Water Cooler,No,Yes,,Not available,Not available,Not available,,,,142,,133,,275,,1,1,,,,,,,,,,,,,,,,,,,,,,,,,,,,,,,,,,,,,
Abdul wahab,32,401010382,Badin,Badin,Mithi-III,,GBPS DIN MUHAMMAD LUND,,Boys,Primary,24.5172224225213,69.1271996498108,,,2025-11-13,11:49:41,,Abdul Wahab Bhurgri,No,Government Building,Dangerous,,2,,,,,,Direct Handpump,No,Partial,,Not available,Not available,Not available,,,,146,,129,,275,,2,2,,,,,,,,,,,,,,,,,,,,,,,,,,,,,,,,,,,,,
Abdul wahab,33,401010383,Badin,Badin,Chakar Panhwer,,GBPS BUDHO DASTI,,Mixed,Primary,24.5552618473857,69.0623116451516,,,2026-04-06,10:14:47,,Abdul Wahab Bhurgri,,Government Building,Dangerous,,,,,,,,NA,No,Partial,,NA,NA,NA,,,,288,,229,,517,,2,2,,,,,,,,,,,,,,,,,,,,,,,,,,,,,,,,,,,,,
Abdul wahab,34,401010423,Badin,Badin,Mitho Khan Chandio,,GBPS AHMED KHAN CHANDIO,,Mixed,Primary,24.4969632633097,69.0353742214399,,,2025-11-13,11:27:09,,Naseeruddin Korejo,Open,Government Building,No Boundary Wall,,01,,,,,,NA,No,Partial,,Not available,Not available,Not available,,,,182,,153,,335,,2,1,,,,,,,,,,,,,,,,,,,,,,,,,,,,,,,,,,,,,
Abdul wahab,35,401010434,Badin,Badin,Abdullah Shah,,GBPS QAZI ABAD,,Mixed,Primary,24.5591178404507,69.0406957268715,,,2026-05-07,10:35:46,,Abdul Wahab Bhurgri,,Government Building,Dangerous,,2,,,,,,NA,No,Partial,,Not available,Not available,Not available,,,,192,,201,,393,,2,1,,,,,,,,,,,,,,,,,,,,,,,,,,,,,,,,,,,,,
Abdul wahab,36,401010495,Badin,Badin,Nindo Shahar,,GBPS HAJI UMAR SOOMRO,,Mixed,Primary,24.6724552325895,68.9767491583108,,,2026-05-25,10:07:42,,Abdul Wahab Bhurgri,,Government Building,Needs Repair,,2,,,,,,Simple Water Cooler,No,Yes,,NA,NA,NA,,,,224,,207,,431,,2,2,,,,,,,,,,,,,,,,,,,,,,,,,,,,,,,,,,,,,
Abdul wahab,37,401010508,Badin,Badin,Chakar Panhwer,,GBPS DATO JAT,,Mixed,Primary,24.5418751579938,69.0750494673823,,,2026-04-06,11:49:14,,Abdul Wahab Bhurgri,Open,Pakka/RCC/Tier Guarder,Dangerous,,2,,,,,,Simple Water Cooler,No,Partial,,NA,NA,NA,,,,198,,199,,397,,3,3,,,,,,,,,,,,,,,,,,,,,,,,,,,,,,,,,,,,,
Abdul wahab,38,401010554,Badin,Badin,Nindo Shahar,,GBPS HAJI KHAN JAMALI,,Mixed,Primary,24.6697723642862,69.0095499159892,,,2026-02-17,10:28:52,,Ali Raza Jafri,,Government Building,Dangerous,,1,,,,,,NA,No,Yes,,NA,NA,NA,,,,210,,161,,371,,2,2,,,,,,,,,,,,,,,,,,,,,,,,,,,,,,,,,,,,,
Abdul wahab,39,401010563,Badin,Badin,Nindo Shaher,,GBPS MUHAMMAD JAFFER KHASKHELI,,Boys,Primary,24.6233410127195,69.0081685755659,,,2026-05-22,09:26:20,,Abdul Wahab Bhurgri,,Government Building,No Boundary Wall,,,,,,,,Simple Water Cooler,No,Partial,,NA,NA,NA,,,,230,,147,,377,,2,1,,,,,,,,,,,,,,,,,,,,,,,,,,,,,,,,,,,,,
Abdul wahab,40,401010568,Badin,Badin,Dr. Abdullah Soomro,,GBPS SALEH ABRO,,Mixed,Primary,24.6435942619546,68.9690619746831,,,2026-05-13,09:57:40,,Abdul Wahab Bhurgri,otaq,Any Other Building,No Boundary Wall,,0,,,,,,NA,No,No,,NA,NA,NA,,,,116,,121,,237,,1,1,,,,,,,,,,,,,,,,,,,,,,,,,,,,,,,,,,,,,
Abdul wahab,41,401010591,Badin,Badin,Chakar Panhwer,,GBPS LAKHOO REBARI,,Mixed,Primary,24.5397400819802,69.0734884166709,,,2026-04-06,11:10:56,,Abdul Wahab Bhurgri,,Government Building,No Boundary Wall,,2,,,,,,NA,No,Partial,,NA,NA,NA,,,,172,,163,,335,,1,1,,,,,,,,,,,,,,,,,,,,,,,,,,,,,,,,,,,,,
Abdul wahab,42,401010657,Badin,Badin,Dr. Abdullah Soomro,,GBPS JUMOO GUDARO,,Mixed,Primary,24.6668475163082,68.9665567867957,,,2026-02-25,10:47:16,,Ali Raza Jafri,,NA,NA,,2,,,,,,NA,NA,Yes,,NA,NA,NA,,,,156,,149,,305,,1,,,,,,,,,,,,,,,,,,,,,,,,,,,,,,,,,,,,,,
Abdul wahab,43,401010670,Badin,Badin,TC - Nindo,,GBPS GEDOORO MALLAH,,Mixed,Primary,24.6241334297803,69.0273731934035,,,2025-12-12,11:14:08,,Ali Raza Jafri,,Government Building,Dangerous,,4,,,,,,NA,No,Yes,,NA,NA,NA,,,,238,,249,,487,,4,4,,,,,,,,,,,,,,,,,,,,,,,,,,,,,,,,,,,,,
Abdul wahab,44,401010675,Badin,Badin,Chakar Khan Panwar,,GBPS AMIN ARAIN,,Mixed,Primary,24.5063209430783,69.0832468821442,,,2025-11-07,11:01:12,,Abdul Wahab Bhurgri,,Government Building,No Boundary Wall,,1,,,,,,Direct Handpump,No,Partial,,Not available,Not available,Not available,,,,170,,139,,309,,1,1,,,,,,,,,,,,,,,,,,,,,,,,,,,,,,,,,,,,,
Abdul wahab,45,401010731,Badin,Badin,Shaheed Rani @ Allah Dino Jamali,,GBPS ISMAIL NOTIAR,,Mixed,Primary,24.5151798150306,69.0001206097512,,,2025-11-20,10:40:11,,Naseeruddin Korejo,,No Building,No Boundary Wall,,0,,,,,,NA,No,Partial,,Not available,Not available,Not available,,,,184,,181,,365,,1,1,,,,,,,,,,,,,,,,,,,,,,,,,,,,,,,,,,,,,
Abdul wahab,46,401010773,Badin,Badin,Nindo Shahar,,GBPS ALLAH BACHAYO PARHERI,,Mixed,Primary,24.6169123319621,69.0267267840102,,,2025-12-19,11:22:01,,Ali Raza Jafri,From Villagers and SmC,No Building,No Boundary Wall,,0,,,,,,NA,No,Partial,,NA,NA,NA,,,,180,,159,,339,,1,1,,,,,,,,,,,,,,,,,,,,,,,,,,,,,,,,,,,,,
Abdul wahab,47,401010776,Badin,Badin,Nindo Shaher,,GBPS GHULAM FAREED SOLANGI,,Mixed,Primary,24.5958400784152,69.0574756180275,,,2025-12-06,08:40:58,,Ali Raza Jafri,,Government Building,Dangerous,,1,,,,,,NA,No,Partial,,NA,NA,NA,,,,132,,121,,253,,1,1,,,,,,,,,,,,,,,,,,,,,,,,,,,,,,,,,,,,,
Abdul wahab,48,401010786,Badin,Badin,Nindo Shahar,,GBPS BHANO@MOHAMMAD ALI MEMON,,Mixed,Primary,24.5704062949447,69.0625449998186,,,2025-11-13,09:01:07,,Ali Raza Jafri,Open,Any Other Building,No Boundary Wall,,3,,,,,,NA,No,Partial,,NA,NA,NA,,,,198,,175,,373,,2,1,,,,,,,,,,,,,,,,,,,,,,,,,,,,,,,,,,,,,
Abdul wahab,49,401010805,Badin,Badin,Chakar Khan Panwar,,GBLSS YOUSIF SHAH @ DATO JAT,,Mixed,Middle,24.5418489298651,69.0750736079586,,,2026-04-06,11:27:56,,Abdul Wahab Bhurgri,Open,Shared with Other Government school building (SEMIS Code),Dangerous,,2,,,,,,Simple Water Cooler,No,Yes,,NA,NA,NA,,,,176,,157,,333,,4,1,,,,,,,,,,,,,,,,,,,,,,,,,,,,,,,,,,,,,
Abdul wahab,50,401010823,Badin,Badin,Nindo-Tc,,GGHS NINDO,,Girls,Secondary,24.6376944575204,69.0394297254082,,,2026-01-08,10:29:08,,Abdul Wahab Bhurgri,,Government Building,Needs Repair,,10,,,,,,Simple Water Cooler,Yes,Partial,,NA,NA,NA,,,,104,,781,,885,,51,13,,,,,,,,,,,,,,,,,,,,,,,,,,,,,,,,,,,,,
Abdul wahab,51,401010832,Badin,Badin,TC - Nindo,,GBHSS NINDO SHAHAR,,Mixed,Hi.Secondary,24.6414125011216,69.0404811291963,,,2025-12-20,10:17:06,,Ali Raza Jafri,,Government Building,Dangerous,,34,,,,,,Electric Water Cooler,Yes,Partial,,NA,NA,NA,,,,3298,,327,,3625,,52,42,,,,,,,,,,,,,,,,,,,,,,,,,,,,,,,,,,,,,
Abdul wahab,52,401040297,Badin,Tando Bago,Khalifo Qasim,,GBPS QADIR BUX DAL,,Mixed,Primary,24.708153040152,69.0251603959963,,,2025-12-01,11:19:18,,Abdul Wahab Bhurgri,,Government Building,No Boundary Wall,,01,,,,,,NA,No,Partial,,Not available,Not available,Not available,,,,202,,179,,381,,2,2,,,,,,,,,,,,,,,,,,,,,,,,,,,,,,,,,,,,,
Abdul wahab,53,401040602,Badin,Tando Bago,Saeed Khan Bhurgari,,GBPS DUR MUHAMMED JAT,,Mixed,Primary,24.6320442270278,69.0809623867975,,,2026-02-03,11:16:26,,Abdul Wahab Bhurgri,,Government Building,Satisfactory,,2,,,,,,Simple Water Cooler,No,Partial,,NA,NA,NA,,,,258,,181,,439,,2,2,,,,,,,,,,,,,,,,,,,,,,,,,,,,,,,,,,,,,
Ali Hyder Baloch,54,401020088,Badin,"Shaheed Fazal Rahu, Golarchi",Golarchi-S.F.Rao-Tc,,GGPS BHAGWAN DAS,,Girls,Primary,24.6755653228999,68.529726863677,,,2026-05-21,13:24:07,,Ali Hyder Baloch,Closed During Visit,NA,NA,,01,,,,,,NA,NA,Partial,,Not available,Not available,Not available,,,,104,,243,,347,,3,,,,,,,,,,,,,,,,,,,,,,,,,,,,,,,,,,,,,,
Ali Hyder Baloch,55,401020243,Badin,"Shaheed Fazal Rahu, Golarchi",Kandiari,,GBPS MUHAMMAD JUMAN SOLANGI,,Mixed,Primary,24.6684644702628,68.5699917648711,,,2026-05-21,11:24:48,,Ali Hyder Baloch,Open,No Building,No Boundary Wall,,0,,,,,,NA,No,Partial,,Not available,Not available,Not available,,,,140,,143,,283,,1,1,,,,,,,,,,,,,,,,,,,,,,,,,,,,,,,,,,,,,
Ali Hyder Baloch,56,401020251,Badin,"Shaheed Fazal Rahu, Golarchi",Kandiari,,GBPS HAJI KHAN AHMEDANI,,Mixed,Primary,24.69633874169,68.6013982481397,,,2026-02-13,09:30:45,,Muhammad Asghar Arain,,Government Building,No Boundary Wall,,01,,,,,,NA,No,Yes,,Not available,Not available,Not available,,,,182,,157,,339,,1,,,,,,,,,,,,,,,,,,,,,,,,,,,,,,,,,,,,,,
Ali Hyder Baloch,57,401020256,Badin,"Shaheed Fazal Rahu, Golarchi",Kandiari,,GBPS CHAK NO. 13,,Mixed,Primary,24.729981756937,68.5985166379766,,,2026-04-08,10:50:56,,Muhammad Asghar Arain,Open,Government Building,No Boundary Wall,,06,,,,,,NA,No,Yes,,Not available,Not available,Not available,,,,210,,143,,353,,2,1,,,,,,,,,,,,,,,,,,,,,,,,,,,,,,,,,,,,,
Ali Hyder Baloch,58,401020278,Badin,"Shaheed Fazal Rahu, Golarchi",Dadhako,,GBPS ALLAH DINO NOTKANI,,Boys,Primary,24.7342858853456,68.5324251712434,,,2025-12-16,11:27:05,,Ali Hyder Baloch,Open,Government Building,No Boundary Wall,,02,,,,,,Direct Handpump,No,Partial,,Not available,Not available,Not available,,,,294,,149,,443,,2,1,,,,,,,,,,,,,,,,,,,,,,,,,,,,,,,,,,,,,
Ali Hyder Baloch,59,401020293,Badin,"Shaheed Fazal Rahu, Golarchi",Kandiari,,GBPS CHAK NO. 15,,Mixed,Primary,24.6967325708687,68.5865568335056,,,2025-10-30,12:55:01,,Ali Hyder Baloch,Closed During Visit,NA,NA,,0,,,,,,,NA,No,,Not available,Not available,Not available,,,,166,,151,,317,,1,,,,,,,,,,,,,,,,,,,,,,,,,,,,,,,,,,,,,,
Ali Hyder Baloch,60,401020307,Badin,"Shaheed Fazal Rahu, Golarchi",Dubi,,GBPS GHULAM ALI SAMOON,,Mixed,Primary,24.7405904137785,68.5320228419135,,,2025-12-16,10:36:24,,Ali Hyder Baloch,otaq,Any Other Building,No Boundary Wall,,0,,,,,,NA,No,Partial,,Not available,Not available,Not available,,,,266,,177,,443,,2,2,,,,,,,,,,,,,,,,,,,,,,,,,,,,,,,,,,,,,
Ali Hyder Baloch,61,401020308,Badin,"Shaheed Fazal Rahu, Golarchi",Kandiari,,GBPS SULEMAN KHASKHELI AT JAKHRO NOHANI,,Mixed,Primary,24.722723393356,68.5450100736956,,,2026-02-07,10:55:48,,Muhammad Asghar Arain,Open,No Building,No Boundary Wall,,0,,,,,,NA,No,Partial,,Not available,Not available,Not available,,,,154,,115,,269,,1,1,,,,,,,,,,,,,,,,,,,,,,,,,,,,,,,,,,,,,
Ali Hyder Baloch,62,401020358,Badin,"Shaheed Fazal Rahu, Golarchi",Kandiari,,GBPS HAJI MITHO NOTKANI,,Mixed,Primary,24.7390556905383,68.5430252572256,,,2025-12-16,09:58:01,,Ali Hyder Baloch,Open,Government Building,No Boundary Wall,,02,,,,,,NA,No,Partial,,Not available,Not available,Not available,,,,220,,151,,371,,2,2,,,,,,,,,,,,,,,,,,,,,,,,,,,,,,,,,,,,,
Ali Hyder Baloch,63,401020398,Badin,"Shaheed Fazal Rahu, Golarchi",Kandiari,,GBELS ARAB NOHANI,,Mixed,Elementary,24.7217904661856,68.5529647912904,,,2026-01-02,12:05:45,,Zeb Ali Rajo,,Pakka/RCC/Tier Guarder,No Boundary Wall,,02,,,,,,Simple Water Cooler,No,Partial,,Not available,Not available,Not available,,,,382,,229,,611,,4,3,,,,,,,,,,,,,,,,,,,,,,,,,,,,,,,,,,,,,
Ali Hyder Baloch,64,401020454,Badin,"Shaheed Fazal Rahu, Golarchi",Kandiari,,GBPS ACHAR KAMDAR,,Mixed,Primary,24.6808790981565,68.5741335116892,,,2026-05-21,12:14:51,,Ali Hyder Baloch,,Government Building,No Boundary Wall,,02,,,,,,NA,No,Partial,,Not available,Not available,Not available,,,,210,,143,,353,,2,1,,,,,,,,,,,,,,,,,,,,,,,,,,,,,,,,,,,,,
Ali Hyder Baloch,65,401050004,Badin,Talhar,TC - Talhar,,GBPS DARYA KHAN JATOI,,Boys,Primary,24.8759248129607,68.8009974413099,,,2026-05-13,12:53:30,,Ali Hyder Baloch,,Government Building,No Boundary Wall,,03,,,,,,NA,No,Partial,,Not available,Not available,Not available,,,,210,,105,,315,,1,1,,,,,,,,,,,,,,,,,,,,,,,,,,,,,,,,,,,,,
Ali Hyder Baloch,66,401050010,Badin,Talhar,Pir Ali Bahadur Shah @ Chaneri,,GBPS GULAN KHASKHELI,,Mixed,Primary,24.8310784829805,68.8568396869301,,,2025-12-12,12:02:54,,Ali Hyder Baloch,,Government Building,Satisfactory,,02,,,,,,NA,Yes,Partial,,Not available,Not available,Not available,,,,300,,399,,699,,2,2,,,,,,,,,,,,,,,,,,,,,,,,,,,,,,,,,,,,,
Ali Hyder Baloch,67,401050029,Badin,Talhar,Wasi Adil,,GBPS WASI ADIL,,Boys,Primary,24.8957697014614,68.8253545765081,,,2026-05-15,11:10:20,,Ali Hyder Baloch,,Government Building,Dangerous,,01,,,,,,NA,No,Yes,,Not available,Not available,Not available,,,,160,,105,,265,,1,1,,,,,,,,,,,,,,,,,,,,,,,,,,,,,,,,,,,,,
Ali Hyder Baloch,68,401050030,Badin,Talhar,Saeed Pur,,GBPS HAJI GHULAM MUHAMMAD NIZAMANI,,Boys,Primary,24.9408504874236,68.8168305158615,,,2026-05-04,10:48:48,,Ali Hyder Baloch,Open,Government Building,Dangerous,,02,,,,,,NA,No,Partial,,Not available,Not available,Not available,,,,192,,105,,297,,2,2,,,,,,,,,,,,,,,,,,,,,,,,,,,,,,,,,,,,,
Ali Hyder Baloch,69,401050032,Badin,Talhar,Mir Ahsan Talpur @ Rajo Khanani,,GBPS GHULAM RASOOL ARAIN,,Boys,Primary,25.0093367870228,68.9813518477495,,,2025-12-10,11:41:21,,Ali Hyder Baloch,,Government Building,Dangerous,,02,,,,,,Simple Water Cooler,Yes,Yes,,Not available,Not available,Not available,,,,178,,105,,283,,1,1,,,,,,,,,,,,,,,,,,,,,,,,,,,,,,,,,,,,,
Ali Hyder Baloch,70,401050033,Badin,Talhar,Mir Ahasn Ali @ Rajo Khanani,,GBPS CHOUDHRY ABDUL GHAFOOR @ MAQBOOL AR,,Mixed,Primary,25.0286255665269,69.0060858412093,,,2025-12-10,10:53:17,,Ali Hyder Baloch,NGO building by Rida Foundation,Any Other Building,Satisfactory,,02,,,,,,Direct Handpump,Yes,Partial,,Not available,Not available,Not available,,,,210,,201,,411,,2,2,,,,,,,,,,,,,,,,,,,,,,,,,,,,,,,,,,,,,
Ali Hyder Baloch,71,401050059,Badin,Talhar,Wasi Adil,,GGPS GHULAM MUHAMMAD NIZAMANI,,Girls,Primary,24.941256500157,68.816606546791,,,2026-05-04,11:00:51,,Ali Hyder Baloch,,Pakka/RCC/Tier Guarder,Dangerous,,02,,,,,,,No,Partial,,Not available,Not available,Not available,,,,104,,201,,305,,1,1,,,,,,,,,,,,,,,,,,,,,,,,,,,,,,,,,,,,,
Ali Hyder Baloch,72,401050069,Badin,Talhar,Mir Sahib Khan Talpur @ Saeedpur,,GGPS KHABAR JAMALI,,Girls,Primary,24.8835239258463,68.8026389474672,,,2026-05-13,13:06:37,,Ali Hyder Baloch,,Government Building,Dangerous,,01,,,,,,Simple Water Cooler,Yes,Yes,,Not available,Not available,Not available,,,,104,,199,,303,,2,1,,,,,,,,,,,,,,,,,,,,,,,,,,,,,,,,,,,,,
Ali Hyder Baloch,73,401050072,Badin,Talhar,TC - Talhar,,GGPS DARYA KHAN JATOI,,Girls,Primary,24.8756985479357,68.8009531794489,,,2026-05-13,12:38:53,,Ali Hyder Baloch,,Government Building,No Boundary Wall,,01,,,,,,Direct Handpump,Yes,Partial,,Not available,Not available,Not available,,,,104,,219,,323,,2,1,,,,,,,,,,,,,,,,,,,,,,,,,,,,,,,,,,,,,
Ali Hyder Baloch,74,401050103,Badin,Talhar,Mir Sahib Ahsan Khan Talpur,,GBPS HAJI GANHWAR KHASKHELI,,Mixed,Primary,24.8369362404318,68.8453423885535,,,2026-01-14,12:21:00,,Ali Hyder Baloch,madrassa,Any Other Building,No Boundary Wall,,02,,,,,,NA,No,Partial,,Not available,Not available,Not available,,,,256,,331,,587,,2,2,,,,,,,,,,,,,,,,,,,,,,,,,,,,,,,,,,,,,
Ali Hyder Baloch,75,401050105,Badin,Talhar,Talhar-Tc,,GBPS YAR MUHAMMAD UMRANI,,Mixed,Primary,24.8763519540166,68.8456159810232,,,2026-05-11,11:21:49,,Ali Hyder Baloch,,Government Building,Dangerous,,02,,,,,,Direct Handpump,Yes,Partial,,Not available,Not available,Not available,,,,168,,185,,353,,3,2,,,,,,,,,,,,,,,,,,,,,,,,,,,,,,,,,,,,,
Ali Hyder Baloch,76,401050107,Badin,Talhar,Pir Bahadur Shah Siqiqui,,GBPS GHULAM HUSSAIN WADHO,,Mixed,Primary,24.8269779385419,68.8793501257897,,,2026-02-09,10:44:56,,Asim Ahmed Jamali,,Government Building,No Boundary Wall,,01,,,,,,Simple Water Cooler,No,Partial,,Not available,Not available,Not available,,,,154,,147,,301,,1,1,,,,,,,,,,,,,,,,,,,,,,,,,,,,,,,,,,,,,
Ali Hyder Baloch,77,401050109,Badin,Talhar,Pir Ali Bahadur Shah @ Chaneri,,GBPS MIR MUHAMMAD JOYO,,Mixed,Primary,24.8026055983969,68.883176293275,,,2026-02-19,10:38:10,,Ali Hyder Baloch,Open,Government Building,Dangerous,,02,,,,,,NA,Yes,Partial,,Not available,Not available,Not available,,,,250,,253,,503,,3,3,,,,,,,,,,,,,,,,,,,,,,,,,,,,,,,,,,,,,
Ali Hyder Baloch,78,401050121,Badin,Talhar,Pir Bahadur Shah Siqiqui,,GBPS ALLAH VARAYO KHASKHELI,,Mixed,Primary,24.8173498426765,68.861403458518,,,2026-02-09,11:14:27,,Asim Ahmed Jamali,,Government Building,No Boundary Wall,,02,,,,,,NA,No,Partial,,Not available,Not available,Not available,,,,162,,155,,317,,2,2,,,,,,,,,,,,,,,,,,,,,,,,,,,,,,,,,,,,,
Ali Hyder Baloch,79,401050125,Badin,Talhar,Pir Ali Bahadur Shah @ Chaneri,,GBPS MUHAMMAD JUNEJO,,Mixed,Primary,24.8108712664386,68.8823005454773,,,2026-02-10,11:03:43,,Asim Ahmed Jamali,,NA,No Boundary Wall,,0,,,,,,NA,No,No,,Not available,Not available,Not available,,,,176,,163,,339,,1,1,,,,,,,,,,,,,,,,,,,,,,,,,,,,,,,,,,,,,
Ali Hyder Baloch,80,401050132,Badin,Talhar,TC - Talhar,,GBPS MALLAH MOHALLA TALHAR,,Mixed,Primary,24.8863197219542,68.8115452236928,,,2026-05-15,11:28:33,,Ali Hyder Baloch,Open,Shared with Other Government school building (SEMIS Code),Needs Repair,,02,,,,,,NA,Solar,Partial,,Not available,Not available,Not available,,,,104,,229,,333,,2,2,,,,,,,,,,,,,,,,,,,,,,,,,,,,,,,,,,,,,
Ali Hyder Baloch,81,401050134,Badin,Talhar,TC - Talhar,,GBPS SAIN BUX LAGHARI,,Boys,Primary,24.8836225551682,68.802632240604,,,2026-05-13,13:01:36,,Ali Hyder Baloch,No,Government Building,Dangerous,,02,,,,,,NA,Yes,Yes,,Not available,Not available,Available but not functional,,,,178,,105,,283,,1,1,,,,,,,,,,,,,,,,,,,,,,,,,,,,,,,,,,,,,
Ali Hyder Baloch,82,401050162,Badin,Talhar,Mir Ahsan Talpur @ Rajo Khanani,,GBPS LAKHA DINO KHASKHELI,,Mixed,Primary,25.0125015688494,68.8953293825201,,,2025-12-10,08:38:28,,Ali Hyder Baloch,,Government Building,Dangerous,,02,,,,,,NA,No,Yes,,Not available,Not available,Not available,,,,150,,139,,289,,1,1,,,,,,,,,,,,,,,,,,,,,,,,,,,,,,,,,,,,,
Ali Hyder Baloch,83,401050163,Badin,Talhar,Wasi Adil,,GBPS MURAD ALI SHAH,,Mixed,Primary,24.9516483679735,68.8148939645775,,,2026-05-04,11:58:00,,Ali Hyder Baloch,,Government Building,Dangerous,,02,,,,,,Direct Handpump,No,Partial,,Not available,Not available,Not available,,,,294,,279,,573,,4,4,,,,,,,,,,,,,,,,,,,,,,,,,,,,,,,,,,,,,
Ali Hyder Baloch,84,401050166,Badin,Talhar,Wasi Adil,,GBPS HAJI KHAN LASHARI,,Mixed,Primary,24.9368143367936,68.7931291752559,,,2026-05-04,12:38:24,,Ali Hyder Baloch,Open,Government Building,Dangerous,,02,,,,,,Direct Handpump,No,Partial,,Not available,Not available,Not available,,,,220,,203,,423,,3,2,,,,,,,,,,,,,,,,,,,,,,,,,,,,,,,,,,,,,
Ali Hyder Baloch,85,401050170,Badin,Talhar,TC - Rajo Khanani,,GBPS RAJO KHANANI (SHEEDI MUHALLAH),,Mixed,Primary,24.9852410698828,68.8524341560411,,,2026-04-06,13:09:01,,Ali Hyder Baloch,Open,Government Building,Satisfactory,,02,,,,,,Simple Water Cooler,Yes,Partial,,Not available,Not available,Not available,,,,420,,285,,705,,7,7,,,,,,,,,,,,,,,,,,,,,,,,,,,,,,,,,,,,,
Ali Hyder Baloch,86,401050183,Badin,Talhar,Mir Sahib Khan Talpur @ Saeedpur,,GBPS CHIBHAR KHASKHELI,,Mixed,Primary,24.8573618438035,68.8836175226164,,,2026-02-14,11:22:36,,Ghulam Akber Dal,,Government Building,No Boundary Wall,,01,,,,,,NA,No,Partial,,Not available,Not available,Not available,,,,128,,125,,253,,1,1,,,,,,,,,,,,,,,,,,,,,,,,,,,,,,,,,,,,,
Ali Hyder Baloch,87,401050184,Badin,Talhar,Wasi Adil,,GBPS IBRAHIM SAMOON,,Mixed,Primary,24.9392075264236,68.8062424941863,,,2026-05-04,12:14:23,,Ali Hyder Baloch,Closed During Visit,NA,NA,,01,,,,,,NA,NA,Partial,,Not available,Not available,Not available,,,,140,,133,,273,,1,,,,,,,,,,,,,,,,,,,,,,,,,,,,,,,,,,,,,,
Ali Hyder Baloch,88,401050186,Badin,Talhar,Wasi Adil,,GBPS SIDDIQUE SOOMRO,,Mixed,Primary,24.8978864415272,68.8180334830296,,,2026-05-25,12:04:18,,Ali Hyder Baloch,,NA,NA,,01,,,,,,NA,NA,Partial,,Not available,Not available,Not available,,,,140,,131,,271,,1,,,,,,,,,,,,,,,,,,,,,,,,,,,,,,,,,,,,,,
Ali Hyder Baloch,89,401050193,Badin,Talhar,Pir Ali Bahadur Shah @ Chaneri,,GBPS ISHAQUE KHASKHELI,,Mixed,Primary,24.8809253303171,68.891677559018,,,2026-02-10,11:36:19,,Asim Ahmed Jamali,,NA,NA,,02,,,,,,NA,NA,Partial,,Not available,Not available,Not available,,,,240,,171,,411,,1,,,,,,,,,,,,,,,,,,,,,,,,,,,,,,,,,,,,,,
Ali Hyder Baloch,90,401050194,Badin,Talhar,Mir Sahib Ahsan Khan Talpur,,GBPS MUHAMMAD SULEMAN MANGWANOO,,Mixed,Primary,24.8828719706598,68.9094230485972,,,2026-05-12,11:22:08,,Ali Hyder Baloch,,Government Building,Dangerous,,02,,,,,,Simple Water Cooler,Yes,Partial,,Not available,Not available,Not available,,,,214,,193,,407,,3,3,,,,,,,,,,,,,,,,,,,,,,,,,,,,,,,,,,,,,
Ali Hyder Baloch,91,401050197,Badin,Talhar,Mir Sahib Khan Talpur @ Saeedpur,,GBPS HAJI KHAN KHOSO,,Mixed,Primary,24.9015185569977,68.9227670588044,,,2025-12-15,11:32:57,,Ali Hyder Baloch,otaq,Any Other Building,No Boundary Wall,,0,,,,,,Simple Water Cooler,No,Partial,,Not available,Not available,Not available,,,,256,,191,,447,,3,1,,,,,,,,,,,,,,,,,,,,,,,,,,,,,,,,,,,,,
Ali Hyder Baloch,92,401050223,Badin,Talhar,Mir Ahsan Talpur @ Rajo Khanani,,GBPS BOHRO SAHIB KHAN,,Mixed,Primary,25.011670282961,68.9412689207991,,,2025-12-10,09:38:18,,Ali Hyder Baloch,otaq,Any Other Building,No Boundary Wall,,02,,,,,,NA,No,Partial,,Not available,Not available,Not available,,,,118,,123,,241,,1,1,,,,,,,,,,,,,,,,,,,,,,,,,,,,,,,,,,,,,
Ali Hyder Baloch,93,401050226,Badin,Talhar,Mir Ahsan Talpur @ Rajo Khanani,,GBPS KHUDA BUX JAMALI,,Boys,Primary,24.9682824246377,68.9682707152777,,,2026-01-12,11:18:03,,Behzad Ali Memon,Open,Government Building,No Boundary Wall,,01,,,,,,NA,No,Yes,,Not available,Not available,Not available,,,,116,,115,,231,,1,1,,,,,,,,,,,,,,,,,,,,,,,,,,,,,,,,,,,,,
Ali Hyder Baloch,94,401050230,Badin,Talhar,Mir Ahsan Talpur @ Rajo Khanani,,GBPS FATAN HINGORJO,,Mixed,Primary,25.0208992227479,69.0160033114748,,,2025-12-10,11:05:27,,Ali Hyder Baloch,,Government Building,No Boundary Wall,,03,,,,,,Simple Water Cooler,No,Partial,,Not available,Not available,Not available,,,,176,,157,,333,,1,1,,,,,,,,,,,,,,,,,,,,,,,,,,,,,,,,,,,,,
Ali Hyder Baloch,95,401050232,Badin,Talhar,Saeed Pur,,GBPS MUHAMMAD HASHIM LASHARI,,Mixed,Primary,24.9432289882667,68.7899842837956,,,2026-05-04,12:24:55,,Ali Hyder Baloch,Open,Government Building,No Boundary Wall,,01,,,,,,Direct Handpump,No,Partial,,Not available,Not available,Not available,,,,164,,157,,321,,1,1,,,,,,,,,,,,,,,,,,,,,,,,,,,,,,,,,,,,,
Ali Hyder Baloch,96,401050241,Badin,Talhar,Mir Sahib Ahsan Khan Talpur,,GBPS DHANI PARTO JAT,,Mixed,Primary,24.8801722257238,68.8501059953391,,,2026-02-16,11:36:02,,Ali Hyder Baloch,,Government Building,No Boundary Wall,,02,,,,,,Direct Handpump,No,Partial,,Not available,Not available,Not available,,,,254,,227,,481,,1,1,,,,,,,,,,,,,,,,,,,,,,,,,,,,,,,,,,,,,
Ali Hyder Baloch,97,401050242,Badin,Talhar,Mir Sahib Khan Talpur @ Saeedpur,,GBPS ALLAH DINO MALLAH,,Mixed,Primary,24.8962332839354,68.8862071897598,,,2026-02-14,11:57:38,,Ghulam Akber Dal,Open,Government Building,No Boundary Wall,,02,,,,,,NA,No,Partial,,Not available,Not available,Not available,,,,138,,139,,277,,2,2,,,,,,,,,,,,,,,,,,,,,,,,,,,,,,,,,,,,,
Ali Hyder Baloch,98,401050246,Badin,Talhar,Mir Sahib Khan Talpur @ Saeedpur,,GBPS LOUNG KHASKHELI,,Mixed,Primary,24.8733576579183,68.914816972813,,,2026-05-12,11:34:04,,Ali Hyder Baloch,,Government Building,No Boundary Wall,,02,,,,,,NA,No,Partial,,Not available,Not available,Not available,,,,162,,157,,319,,1,1,,,,,,,,,,,,,,,,,,,,,,,,,,,,,,,,,,,,,
Ali Hyder Baloch,99,401050252,Badin,Talhar,Mir Sahib Khan Talpur @ Saeedpur,,GBPS MUHAMMAD KHATTI,,Mixed,Primary,24.9553204067754,68.9514680195355,,,2025-12-11,12:21:36,,Ali Hyder Baloch,hut,No Building,No Boundary Wall,,0,,,,,,NA,No,Partial,,Not available,Not available,Not available,,,,182,,139,,321,,1,1,,,,,,,,,,,,,,,,,,,,,,,,,,,,,,,,,,,,,
Ali Hyder Baloch,100,401050257,Badin,Talhar,Mir Sahib Khan Talpur @ Saeedpur,,GBPS MUHAMMAD USMAN JAT,,Mixed,Primary,24.9750394573136,68.9480119935674,,,2025-12-11,11:50:34,,Ali Hyder Baloch,,Government Building,No Boundary Wall,,02,,,,,,NA,No,Partial,,Not available,Not available,Not available,,,,204,,197,,401,,1,1,,,,,,,,,,,,,,,,,,,,,,,,,,,,,,,,,,,,,
Ali Hyder Baloch,101,401050260,Badin,Talhar,TC - Rajo Khanani,,GBPS KHUDA BUX LAGHARI,,Mixed,Primary,24.9723041493471,68.8613350650185,,,2025-12-02,12:53:43,,Ali Hyder Baloch,NGO building,Any Other Building,Needs Repair,,02,,,,,,Direct Handpump,Yes,Partial,,Not available,Not available,Not available,,,,154,,139,,293,,1,1,,,,,,,,,,,,,,,,,,,,,,,,,,,,,,,,,,,,,
Ali Hyder Baloch,102,401050262,Badin,Talhar,Mir Ahasn Ali @ Rajo Khanani,,GBPS CHOUDIRI FAZAL MUHAMMED,,Mixed,Primary,24.9651334368083,68.948870306212,,,2025-12-11,12:04:37,,Ali Hyder Baloch,,Government Building,Dangerous,,02,,,,,,NA,No,Partial,,Not available,Not available,Not available,,,,170,,147,,317,,2,2,,,,,,,,,,,,,,,,,,,,,,,,,,,,,,,,,,,,,
Ali Hyder Baloch,103,401050263,Badin,Talhar,TC - Talhar,,GBPS RAJO RABARI @ FATEH KHAN LAGHARI,,Mixed,Primary,24.8625211475682,68.8028763231636,,,2026-05-13,11:24:49,,Ali Hyder Baloch,Open,No Building,No Boundary Wall,,0,,,,,,Simple Water Cooler,No,Partial,,Not available,Not available,Not available,,,,178,,143,,321,,2,2,,,,,,,,,,,,,,,,,,,,,,,,,,,,,,,,,,,,,
Ali Hyder Baloch,104,401050290,Badin,Talhar,Mir Ahasn Ali @ Rajo Khanani,,GBLSS GHULAM RASOOL ARAIN,,Mixed,Middle,25.0098960256547,68.9810246211296,,,2025-12-10,11:31:35,,Ali Hyder Baloch,,Government Building,Dangerous,,09,,,,,,Simple Water Cooler,No,Yes,,Not available,Not available,Not available,,,,132,,143,,275,,3,2,,,,,,,,,,,,,,,,,,,,,,,,,,,,,,,,,,,,,
Ali Hyder Baloch,105,401050291,Badin,Talhar,Mir Ahsan Talpur @ Rajo Khanani,,GBHS USMAN RAHEMOON,,Mixed,Secondary,24.8512239058998,68.9122527899324,,,2025-12-12,10:49:47,,Ali Hyder Baloch,Open,Government Building,Dangerous,,12,,,,,,Simple Water Cooler,Yes,Partial,,Not available,Not available,Not available,,,,454,,227,,681,,14,10,,,,,,,,,,,,,,,,,,,,,,,,,,,,,,,,,,,,,
Ali Hyder Baloch,106,401050293,Badin,Talhar,Mir Sahib Khan Talpur @ Saeedpur,,GBELS JAMALI PHURDO,,Mixed,Elementary,24.8451219623744,68.8789719368012,,,2025-12-12,11:41:01,,Ali Hyder Baloch,Open,Government Building,Dangerous,,02,,,,,,Direct Handpump,No,Partial,,Not available,Not available,Not available,,,,296,,261,,557,,4,4,,,,,,,,,,,,,,,,,,,,,,,,,,,,,,,,,,,,,
Ali Hyder Baloch,107,401050295,Badin,Talhar,TC - Rajo Khanani,,GGHS RAJO KHANANI,,Girls,Secondary,24.9801991319987,68.8525842945006,,,2026-01-19,14:13:27,,Ali Hyder Baloch,401050295,Shared with Other Government school building (SEMIS Code),Satisfactory,,08,,,,,,Direct Handpump,Yes,Partial,,Not available,Not available,Not available,,,,104,,771,,875,,13,11,,,,,,,,,,,,,,,,,,,,,,,,,,,,,,,,,,,,,
Ali Hyder Baloch,108,401050298,Badin,Talhar,TC - Talhar,,GBHS S.A.B TALHAR,,Mixed,Secondary,24.8811954108293,68.8244064040023,,,2026-05-11,12:20:44,,Ali Hyder Baloch,,Government Building,Dangerous,,08,,,,,,Simple Water Cooler,Yes,Partial,,Not available,Not available,Not available,,,,656,,105,,761,,21,19,,,,,,,,,,,,,,,,,,,,,,,,,,,,,,,,,,,,,
Ali Hyder Baloch,109,401050299,Badin,Talhar,Mir Ahsan Talpur @ Rajo Khanani,,GBHS GHULAM MUHAMMAD NIZAMANI,,Mixed,Secondary,24.9393776488385,68.815832726362,,,2026-05-04,11:15:28,,Ali Hyder Baloch,Open,Government Building,Dangerous,,13,,,,,,Simple Water Cooler,Yes,Partial,,Not available,Not available,Not available,,,,564,,325,,889,,13,9,,,,,,,,,,,,,,,,,,,,,,,,,,,,,,,,,,,,,
Ali Hyder Baloch,110,401050300,Badin,Talhar,Mir Ahsan Talpur @ Rajo Khanani,,GBHS GHULAM SHAH MORI,,Mixed,Secondary,24.9540739970721,68.9789700468395,,,2025-12-11,12:57:21,,Ali Hyder Baloch,,Government Building,Needs Repair,,0,,,,,,Simple Water Cooler,Yes,Partial,,Not available,Available but not functional,Available and functional,,,,1632,,679,,2311,,27,24,,,,,,,,,,,,,,,,,,,,,,,,,,,,,,,,,,,,,
Ali Hyder Baloch,111,401050303,Badin,Talhar,TC - Talhar,,GBHSS TALHAR,,Boys,Hi.Secondary,24.8853561512157,68.813064694206,,,2026-05-25,13:13:16,,Ali Hyder Baloch,,Government Building,Needs Repair,,16,,,,,,Simple Water Cooler,Yes,Partial,,Available but not functional,Available and functional,Available but not functional,,,,1978,,105,,2083,,37,35,,,,,,,,,,,,,,,,,,,,,,,,,,,,,,,,,,,,,
Ali raza jafri,112,401010319,Badin,Badin,Mithi-III,,GBELS HAJI ALI MUHAMMED NOHERIO,,Boys,Elementary,24.5460972436362,69.1976036125194,,,2026-05-25,10:31:43,,Ali Raza Jafri,FROM VILLAGERS,Any Other Building,No Boundary Wall,,02,,,,,,NA,No,Partial,,Not available,Not available,Not available,,,,252,,209,,461,,1,1,,,,,,,,,,,,,,,,,,,,,,,,,,,,,,,,,,,,,
Ali raza jafri,113,401010320,Badin,Badin,Mithi Village,,GBPS PORHO KHAN LUND,,Mixed,Primary,24.5389203350976,69.2105814814568,,,2026-05-25,10:05:28,,Ali Raza Jafri,,Government Building,Dangerous,,02,,,,,,NA,Yes,Partial,,Not available,Not available,Not available,,,,196,,141,,337,,1,1,,,,,,,,,,,,,,,,,,,,,,,,,,,,,,,,,,,,,
Ali raza jafri,114,401010321,Badin,Badin,Chakar Panhwer,,GBPS ALI MUHAMMAD RAHWANI,,Boys,Primary,24.5646811242882,69.1372002668654,,,2026-05-22,08:59:18,,Ali Raza Jafri,Closed During Visit,NA,NA,,2,,,,,,NA,NA,Yes,,NA,NA,NA,,,,146,,141,,287,,1,,,,,,,,,,,,,,,,,,,,,,,,,,,,,,,,,,,,,,
Ali raza jafri,115,401010378,Badin,Badin,Mithi Village,,GBPS MUHBAT KHAN QABAILY,,Mixed,Primary,24.5498166810928,69.210322929898,,,2026-05-25,09:46:24,,Ali Raza Jafri,,Government Building,Needs Repair,,05,,,,,,NA,No,Partial,,Not available,Not available,Available but not functional,,,,242,,225,,467,,1,1,,,,,,,,,,,,,,,,,,,,,,,,,,,,,,,,,,,,,
Ali raza jafri,116,401010576,Badin,Badin,Mithi Village,,GBPS MUHAMMED URIS LUND,,Mixed,Primary,24.5444169931896,69.1614974631554,,,2026-05-22,10:23:53,,Ali Raza Jafri,Closed During Visit,Government Building,No Boundary Wall,,1,,,,,,NA,No,Partial,,Not available,Not available,Not available,,,,296,,139,,435,,2,1,,,,,,,,,,,,,,,,,,,,,,,,,,,,,,,,,,,,,
Ali raza jafri,117,401010578,Badin,Badin,Mithi-III,,GBPS KHALIFO MITHAN,,Boys,Primary,24.5272474456331,69.1514133567005,,,2025-11-15,12:06:51,,Abdul Wahab Bhurgri,Open,Any Other Building,No Boundary Wall,,01,,,,,,NA,No,Partial,,Not available,Not available,Not available,,,,174,,159,,333,,2,2,,,,,,,,,,,,,,,,,,,,,,,,,,,,,,,,,,,,,
Ali raza jafri,118,401010607,Badin,Badin,Mithi-III,,GBPS GHULAM HAIDER CHANDIO @ SHAFI M. LU,,Boys,Primary,24.5301965443354,69.1455030597841,,,2025-11-15,12:30:01,,Abdul Wahab Bhurgri,Open,Any Other Building,No Boundary Wall,,1,,,,,,Simple Water Cooler,No,Partial,,Not available,Not available,Not available,,,,222,,167,,389,,3,3,,,,,,,,,,,,,,,,,,,,,,,,,,,,,,,,,,,,,
Ali raza jafri,119,401040002,Badin,Tando Bago,Saeed Khan Bhurgari,,GBPS ABDULLAH BHURGARI,,Boys,Primary,24.6775321880865,69.0791344642639,,,2026-05-11,09:19:31,,Abdul Wahab Bhurgri,,Pakka/RCC/Tier Guarder,Dangerous,,3,,,,,,NA,No,Partial,,NA,NA,NA,,,,254,,169,,423,,3,2,,,,,,,,,,,,,,,,,,,,,,,,,,,,,,,,,,,,,
Ali raza jafri,120,401040003,Badin,Tando Bago,Saeed Khan Bhurgri @ Khoski,,GBPS ALEEM DARS,,Mixed,Primary,24.6139239389201,69.0795421600342,,,2025-12-01,09:17:19,,Ali Raza Jafri,,Government Building,No Boundary Wall,,3,,,,,,NA,No,Partial,,NA,NA,NA,,,,172,,133,,305,,1,1,,,,,,,,,,,,,,,,,,,,,,,,,,,,,,,,,,,,,
Ali raza jafri,121,401040013,Badin,Tando Bago,Khalifo Qasim,,GBPS PUNJAB CHAK,,Mixed,Primary,24.684102641687,69.1411989759233,,,2026-04-09,08:08:47,,Ameer Ahmed Khoso,,Government Building,Dangerous,,02,,,,,,NA,No,Partial,,Not available,Not available,Not available,,,,144,,167,,311,,2,1,,,,,,,,,,,,,,,,,,,,,,,,,,,,,,,,,,,,,
Ali raza jafri,122,401040024,Badin,Tando Bago,Saeed Khan Bhurgari,,GBPS TALHO KHAN BHURGARI,,Boys,Primary,24.6615386217486,69.0427060423043,,,2025-12-05,11:36:17,,Ali Raza Jafri,,Government Building,No Boundary Wall,,3,,,,,,NA,No,Partial,,NA,NA,NA,,,,224,,105,,329,,2,2,,,,,,,,,,,,,,,,,,,,,,,,,,,,,,,,,,,,,
Ali raza jafri,123,401040027,Badin,Tando Bago,Saeed Khan Bhurgri @ Khoski,,GBPS BHALE DINO SOOMRO,,Mixed,Primary,24.5749630128419,69.1094675637748,,,2026-03-10,09:54:29,,Abdul Wahab Bhurgri,,Government Building,No Boundary Wall,,1,,,,,,NA,No,Partial,,NA,NA,NA,,,,212,,203,,415,,2,2,,,,,,,,,,,,,,,,,,,,,,,,,,,,,,,,,,,,,
Ali raza jafri,124,401040046,Badin,Tando Bago,Khalifo Qasim,,GBPS BACHAL AHMEDANI,,Boys,Primary,24.6870955854164,69.1499816658095,,,2026-05-13,10:30:03,,Ali Raza Jafri,,Government Building,Dangerous,,NA,,,,,,NA,No,Partial,,Not available,Not available,Not available,,,,212,,105,,317,,1,1,,,,,,,,,,,,,,,,,,,,,,,,,,,,,,,,,,,,,
Ali raza jafri,125,401040062,Badin,Tando Bago,Saeed Khan Bhurgri @ Khoski,,GBPS ALLAH BACHAYO BHOOT,,Mixed,Primary,24.6682977457494,69.1297048330307,,,2026-05-14,09:47:08,,Ali Raza Jafri,from villagerz,Any Other Building,No Boundary Wall,,01,,,,,,NA,No,Partial,,Not available,Not available,Not available,,,,164,,139,,303,,2,2,,,,,,,,,,,,,,,,,,,,,,,,,,,,,,,,,,,,,
Ali raza jafri,126,401040111,Badin,Tando Bago,Pir Bodlo @ Navi More,,GGPS BACHAL AHEMEDANI,,Girls,Primary,24.6866246493765,69.1503645477693,,,2026-04-09,09:19:35,,Ameer Ahmed Khoso,Open,Government Building,No Boundary Wall,,03,,,,,,NA,No,No,,Not available,Not available,Not available,,,,104,,219,,323,,3,2,,,,,,,,,,,,,,,,,,,,,,,,,,,,,,,,,,,,,
Ali raza jafri,127,401040117,Badin,Tando Bago,Saeed Khan Bhurgri @ Khoski,,GGPS HAJI ABDUL KARIM BHURGARI,,Girls,Primary,24.6786368791304,69.0795528897657,,,2026-05-11,08:57:31,,Abdul Wahab Bhurgri,Open,Government Building,Needs Repair,,2,,,,,,Simple Water Cooler,No,Yes,,NA,NA,NA,,,,,,,,,,2,1,,,,,,,,,,,,,,,,,,,,,,,,,,,,,,,,,,,,,
Ali raza jafri,128,401040118,Badin,Tando Bago,TC - Khoski,,GGPS KHOSKI,,Girls,Primary,24.6445004675677,69.1144340893458,,,2025-11-28,11:16:34,,Abdul Wahab Bhurgri,Open,Government Building,Needs Repair,,6,,,,,,Overhead Water Tank,No,Partial,,NA,NA,NA,,,,104,,327,,431,,6,5,,,,,,,,,,,,,,,,,,,,,,,,,,,,,,,,,,,,,
Ali raza jafri,129,401040121,Badin,Tando Bago,Khalifo Qasim,,GGPS ABDULLAH JUNEJO,,Girls,Primary,24.7000667904079,69.0560755040262,,,2025-12-08,09:37:01,,Ameer Ahmed Khoso,Open,Government Building,Dangerous,,07,,,,,,NA,No,Partial,,Not available,Not available,Not available,,,,104,,189,,293,,3,2,,,,,,,,,,,,,,,,,,,,,,,,,,,,,,,,,,,,,
Ali raza jafri,130,401040166,Badin,Tando Bago,Saeed Khan Bhurgari,,GGPS MUHAMMAD ACHAR RIND,,Girls,Primary,24.6737940125189,69.0308734707433,,,2026-02-02,10:11:23,,Abdul Wahab Bhurgri,,Government Building,No Boundary Wall,,02,,,,,,Simple Water Cooler,No,Partial,,Not available,Not available,Not available,,,,104,,261,,365,,3,3,,,,,,,,,,,,,,,,,,,,,,,,,,,,,,,,,,,,,
Ali raza jafri,131,401040175,Badin,Tando Bago,Muhammad Ishaq Dero,,GBPS SALAR SOOMRO,,Mixed,Primary,24.5827219887948,69.1236738882459,,,2025-11-11,11:40:37,,Abdul Wahab Bhurgri,,Government Building,No Boundary Wall,,7,,,,,,NA,No,Partial,,NA,NA,NA,,,,240,,211,,451,,4,3,,,,,,,,,,,,,,,,,,,,,,,,,,,,,,,,,,,,,
Ali raza jafri,132,401040178,Badin,Tando Bago,Pir Bodlo @ Navi More,,GBPS ISHAQ DERO,,Mixed,Primary,24.5691529700838,69.2128063612098,,,2026-05-25,09:28:27,,Ali Raza Jafri,Open,Government Building,Needs Repair,,1,,,,,,NA,No,Partial,,NA,NA,NA,,,,236,,135,,371,,1,1,,,,,,,,,,,,,,,,,,,,,,,,,,,,,,,,,,,,,
Ali raza jafri,133,401040180,Badin,Tando Bago,Muhammad Ishaq Dero,,GBPS BACHAL AHMEDANI,,Mixed,Primary,24.6954136075511,69.200482967202,,,2026-05-15,09:08:43,,Ali Raza Jafri,Open,Any Other Building,Dangerous,,3,,,,,,NA,Yes,Partial,,Not available,Not available,Not available,,,,258,,213,,471,,2,2,,,,,,,,,,,,,,,,,,,,,,,,,,,,,,,,,,,,,
Ali raza jafri,134,401040181,Badin,Tando Bago,Saeed Khan Bhurgari,,GBPS SAEED KHAN BHURGARI,,Mixed,Primary,24.6630717961963,69.0652191629993,,,2026-05-29,10:16:13,,Abdul Wahab Bhurgri,Open,Government Building,No Boundary Wall,,2,,,,,,Simple Water Cooler,No,Partial,,NA,NA,NA,,,,184,,147,,331,,2,2,,,,,,,,,,,,,,,,,,,,,,,,,,,,,,,,,,,,,
Ali raza jafri,135,401040201,Badin,Tando Bago,Khalifo Qasim,,GBPS IMAM BUX AHMEDANI,,Mixed,Primary,24.6886778516764,69.123008699417,,,2026-05-06,08:41:11,,Ali Raza Jafri,Open,Government Building,Satisfactory,,04,,,,,,NA,No,Partial,,Not available,Not available,Available and functional,,,,198,,223,,421,,1,1,,,,,,,,,,,,,,,,,,,,,,,,,,,,,,,,,,,,,
Ali raza jafri,136,401040205,Badin,Tando Bago,Khalifo Qasim,,GBPS ABDULAH JUNEJO,,Boys,Primary,24.7004480522472,69.0564845089179,,,2025-12-08,09:28:13,,Ameer Ahmed Khoso,,Government Building,No Boundary Wall,,02,,,,,,NA,No,Partial,,Not available,Not available,Not available,,,,194,,105,,299,,1,1,,,,,,,,,,,,,,,,,,,,,,,,,,,,,,,,,,,,,
Ali raza jafri,137,401040208,Badin,Tando Bago,Khalifo Qasim,,GBPS KHUDI ADIT MALLAH @ HOTE MALLAH,,Mixed,Primary,24.7345196590738,69.0954504215599,,,2026-05-06,09:43:20,,Ali Raza Jafri,,NA,NA,,01,,,,,,NA,NA,Partial,,Not available,Not available,Not available,,,,150,,119,,269,,1,,,,,,,,,,,,,,,,,,,,,,,,,,,,,,,,,,,,,,
Ali raza jafri,138,401040284,Badin,Tando Bago,Saeed Khan Bhurgari,,GBPS ARZI KHAN CHHALGRI,,Mixed,Primary,24.6214708428827,69.0598654702238,,,2026-05-08,09:53:48,,Abdul Wahab Bhurgri,Open,Government Building,Dangerous,,2,,,,,,Simple Water Cooler,No,Partial,,NA,NA,NA,,,,160,,149,,309,,1,1,,,,,,,,,,,,,,,,,,,,,,,,,,,,,,,,,,,,,
Ali raza jafri,139,401040288,Badin,Tando Bago,Saeed Khan Bhurgri @ Khoski,,GBPS KHAMISO LAKHATIO,,Boys,Primary,24.6431153277381,69.0620273351669,,,2026-05-14,09:37:51,,Abdul Wahab Bhurgri,,Pakka/RCC/Tier Guarder,No Boundary Wall,,2,,,,,,NA,No,Partial,,NA,NA,NA,,,,130,,125,,255,,1,1,,,,,,,,,,,,,,,,,,,,,,,,,,,,,,,,,,,,,
Ali raza jafri,140,401040291,Badin,Tando Bago,TC - Khoski,,GBPS IBRAHIM BHOOT,,Mixed,Primary,24.6725241651174,69.1274490952492,,,2026-05-14,09:41:19,,Ali Raza Jafri,,NA,NA,,01,,,,,,NA,NA,Partial,,Not available,Not available,Not available,,,,156,,143,,299,,1,,,,,,,,,,,,,,,,,,,,,,,,,,,,,,,,,,,,,,
Ali raza jafri,141,401040292,Badin,Tando Bago,TC - Khoski,,GBPS SAHIR JAT,,Mixed,Primary,24.6328565415222,69.1428905654464,,,2026-02-19,11:30:06,,Abdul Wahab Bhurgri,,Government Building,No Boundary Wall,,1,,,,,,NA,No,Partial,,NA,NA,NA,,,,174,,115,,289,,1,1,,,,,,,,,,,,,,,,,,,,,,,,,,,,,,,,,,,,,
Ali raza jafri,142,401040295,Badin,Tando Bago,TC - Khoski,,GBPS ABDUL KARIM KATHAI,,Mixed,Primary,24.6478654642072,69.0945759360004,,,2026-05-11,10:53:19,,Ali Raza Jafri,,Government Building,Dangerous,,2,,,,,,NA,No,Partial,,NA,NA,NA,,,,244,,217,,461,,3,2,,,,,,,,,,,,,,,,,,,,,,,,,,,,,,,,,,,,,
Ali raza jafri,143,401040298,Badin,Tando Bago,Khalifo Qasim,,GBPS HAJI AHMED SAMOON,,Mixed,Primary,24.6892018006229,69.0742367559664,,,2026-05-08,08:45:06,,Ali Raza Jafri,,NA,NA,,2,,,,,,NA,NA,Partial,,NA,NA,NA,,,,158,,159,,317,,1,,,,,,,,,,,,,,,,,,,,,,,,,,,,,,,,,,,,,,
Ali raza jafri,144,401040304,Badin,Tando Bago,Khalifo Qasim,,GBPS ROPARO,,Mixed,Primary,24.7502829173356,69.1295411503416,,,2026-05-07,08:58:39,,Ali Raza Jafri,,Government Building,Dangerous,,01,,,,,,NA,No,Partial,,Not available,Not available,Not available,,,,190,,175,,365,,1,1,,,,,,,,,,,,,,,,,,,,,,,,,,,,,,,,,,,,,
Ali raza jafri,145,401040306,Badin,Tando Bago,Khalifo Qasim,,GBPS HAJI MUHAMMAD HASHIM KHOSO,,Mixed,Primary,24.7526432739075,69.119429294665,,,2026-05-07,09:29:12,,Ali Raza Jafri,,Any Other Building,No Boundary Wall,,0,,,,,,NA,No,Partial,,Not available,Not available,Not available,,,,136,,127,,263,,2,1,,,,,,,,,,,,,,,,,,,,,,,,,,,,,,,,,,,,,
Ali raza jafri,146,401040308,Badin,Tando Bago,Khalifo Qasim,,GBPS MUHAMMAD BACHAL NOHRIO,,Mixed,Primary,24.7094031008035,69.1114202208918,,,2026-05-06,09:15:32,,Ali Raza Jafri,Open,Any Other Building,No Boundary Wall,,Yes,,,,,,NA,Solar,Partial,,Not available,Not available,Not available,,,,268,,129,,397,,1,1,,,,,,,,,,,,,,,,,,,,,,,,,,,,,,,,,,,,,
Ali raza jafri,147,401040479,Badin,Tando Bago,Khalifo Qasim,,GBPS CHAKAR KHAN AHMEDANI,,Mixed,Primary,24.6818052655344,69.119925499757,,,2026-05-14,08:41:55,,Ali Raza Jafri,Open,Government Building,Dangerous,,01,,,,,,NA,No,Partial,,Not available,Not available,Not available,,,,174,,159,,333,,1,1,,,,,,,,,,,,,,,,,,,,,,,,,,,,,,,,,,,,,
Ali raza jafri,148,401040493,Badin,Tando Bago,Pir Bodlo @ Navi More,,GBPS GHULAMULLAH BHURGARI,,Mixed,Primary,24.6862065727054,69.2027789318507,,,2026-02-21,09:44:15,,Ameer Ahmed Khoso,,Government Building,Dangerous,,2,,,,,,NA,No,Partial,,Not available,Not available,Not available,,,,206,,143,,349,,1,1,,,,,,,,,,,,,,,,,,,,,,,,,,,,,,,,,,,,,
Ali raza jafri,149,401040561,Badin,Tando Bago,Khalifo Qasim,,GBPS KHALIQUE DINO DARS,,Boys,Primary,24.6843483120271,69.0586537947246,,,2025-11-12,10:20:36,,Abdul Wahab Bhurgri,,Government Building,No Boundary Wall,,02,,,,,,Simple Water Cooler,Yes,Yes,,Not available,Not available,Not available,,,,190,,105,,295,,2,2,,,,,,,,,,,,,,,,,,,,,,,,,,,,,,,,,,,,,
Ali raza jafri,150,401040583,Badin,Tando Bago,Saeed Khan Bhurgari,,GBPS MUHAMMED KHAN KHOSO,,Mixed,Primary,24.639120709987,69.0671879008345,,,2025-12-10,08:46:59,,Ali Raza Jafri,From smc,Any Other Building,No Boundary Wall,,1,,,,,,NA,No,Partial,,NA,NA,NA,,,,134,,137,,271,,1,1,,,,,,,,,,,,,,,,,,,,,,,,,,,,,,,,,,,,,
Ali raza jafri,151,401040584,Badin,Tando Bago,Saeed Khan Bhurgari,,GBPS MUHAMMED DERO @ MUHAMMAD HASHIM LAK,,Mixed,Primary,24.6373702473117,69.0582481031127,,,2026-05-14,09:45:53,,Abdul Wahab Bhurgri,,Any Other Building,No Boundary Wall,,,,,,,,NA,No,Partial,,NA,NA,NA,,,,148,,111,,259,,1,1,,,,,,,,,,,,,,,,,,,,,,,,,,,,,,,,,,,,,
Ali raza jafri,152,401040585,Badin,Tando Bago,TC - Khoski,,GBELS KHOSKI,,Mixed,Elementary,24.6439170177506,69.1139817395665,,,2026-05-29,09:37:45,,Ali Raza Jafri,,Government Building,Needs Repair,,9,,,,,,NA,No,Yes,,NA,NA,NA,,,,906,,613,,1519,,16,14,,,,,,,,,,,,,,,,,,,,,,,,,,,,,,,,,,,,,
Ali raza jafri,153,401040603,Badin,Tando Bago,Saeed Khan Bhurgri @ Khoski,,GBPS QASER AHMEDANI,,Mixed,Primary,24.5753386344345,69.1008871784793,,,2026-03-10,10:05:06,,Abdul Wahab Bhurgri,Open,Government Building,Needs Repair,,2,,,,,,NA,No,Partial,,NA,NA,NA,,,,284,,253,,537,,3,3,,,,,,,,,,,,,,,,,,,,,,,,,,,,,,,,,,,,,
Ali raza jafri,154,401040670,Badin,Tando Bago,TC - Pangrio,,GBPS KHAN MUHAMMAD VEGHO / HAJI KHAN MUH,,Mixed,Primary,24.7415891416842,69.1964864766652,,,2026-02-06,11:42:54,,Ameer Ahmed Khoso,,Government Building,Dangerous,,02,,,,,,NA,No,Partial,,Not available,Not available,Not available,,,,138,,151,,289,,1,1,,,,,,,,,,,,,,,,,,,,,,,,,,,,,,,,,,,,,
Ali raza jafri,155,401040696,Badin,Tando Bago,Pir Bodlo @ Navi More,,GBPS JUMOON BHURGARI,,Mixed,Primary,24.6900779090887,69.1899083539075,,,2026-02-21,09:26:35,,Ameer Ahmed Khoso,Open,Government Building,No Boundary Wall,,2,,,,,,Simple Water Cooler,Yes,Partial,,Not available,Not available,Not available,,,,228,,165,,393,,2,2,,,,,,,,,,,,,,,,,,,,,,,,,,,,,,,,,,,,,
Ali raza jafri,156,401040709,Badin,Tando Bago,Saeed Khan Bhurgri @ Khoski,,GBPS ARBAB BAQA NOHRIO,,Mixed,Primary,24.607556881934,69.0599218010903,,,2026-05-08,09:35:52,,Abdul Wahab Bhurgri,Open,Government Building,Dangerous,,1,,,,,,NA,Yes,Partial,,NA,NA,NA,,,,238,,179,,417,,2,1,,,,,,,,,,,,,,,,,,,,,,,,,,,,,,,,,,,,,
Ali raza jafri,157,401040720,Badin,Tando Bago,Khalifo Qasim,,GGLSS PUNJAB CHAK,,Girls,Middle,24.6841030473731,69.1411314804675,,,2026-04-09,08:02:09,,Ameer Ahmed Khoso,,NA,NA,,2,,,,,,,NA,Partial,,Not available,Not available,Not available,,,,104,,159,,263,,1,,,,,,,,,,,,,,,,,,,,,,,,,,,,,,,,,,,,,,
Ali raza jafri,158,401040730,Badin,Tando Bago,Khalifo Qasim,,GBLSS ABDULLAH KHAN JUNEJO,,Mixed,Middle,24.7023951305138,69.0557885226589,,,2025-11-12,11:16:50,,Abdul Wahab Bhurgri,,Government Building,No Boundary Wall,,05,,,,,,NA,No,Partial,,Not available,Not available,Not available,,,,188,,149,,337,,4,4,,,,,,,,,,,,,,,,,,,,,,,,,,,,,,,,,,,,,
Ali raza jafri,159,401040739,Badin,Tando Bago,Khalifo Qasim,,GBLSS FAQIR MUHAMMAD NOHERIO,,Mixed,Middle,24.7395016238801,69.0623961383105,,,2026-05-08,10:03:57,,Ali Raza Jafri,Open,Any Other Building,No Boundary Wall,,0,,,,,,NA,No,Partial,,Not available,Not available,Not available,,,,168,,129,,297,,3,1,,,,,,,,,,,,,,,,,,,,,,,,,,,,,,,,,,,,,
Ali raza jafri,160,401040740,Badin,Tando Bago,Khalifo Qasim,,GBHS KHALIFO QASIM,,Mixed,Secondary,24.7492649757044,69.1095452300885,,,2026-05-07,09:44:21,,Ali Raza Jafri,Open,Government Building,Dangerous,,09,,,,,,NA,Yes,Partial,,Not available,Not available,Available and functional,,,,1144,,437,,1581,,17,15,,,,,,,,,,,,,,,,,,,,,,,,,,,,,,,,,,,,,
Ali raza jafri,161,401040742,Badin,Tando Bago,Khoskhi-Tc,,GGHS KHOSKI,,Girls,Secondary,24.6445045488536,69.114630711056,,,2026-05-11,08:50:58,,Ali Raza Jafri,Open,Government Building,Needs Repair,,6,,,,,,Simple Water Cooler,Yes,Partial,,NA,NA,NA,,,,104,,621,,725,,11,8,,,,,,,,,,,,,,,,,,,,,,,,,,,,,,,,,,,,,
Ali raza jafri,162,401040745,Badin,Tando Bago,Muhammad Ishaq Dero,,GBHS BALOCH CHAK,,Boys,Secondary,24.6631322709614,69.2053075274311,,,2026-04-08,11:39:04,,Ali Raza Jafri,,Government Building,No Boundary Wall,,12,,,,,,NA,No,Partial,,Not available,Not available,Available and functional,,,,700,,205,,905,,17,10,,,,,,,,,,,,,,,,,,,,,,,,,,,,,,,,,,,,,
Ali raza jafri,163,401040747,Badin,Tando Bago,TC - Khoski,,GBHS SIGNAL CHAK @ SHADI LARGE,,Mixed,Secondary,24.6293764876862,69.1786086285894,,,2025-11-28,09:46:39,,Abdul Wahab Bhurgri,Open,Government Building,Satisfactory,,8,,,,,,Simple Water Cooler,No,Yes,,NA,NA,NA,,,,830,,317,,1147,,16,12,,,,,,,,,,,,,,,,,,,,,,,,,,,,,,,,,,,,,
Ameer Ahmed Khoso,164,401040015,Badin,Tando Bago,Dargah Saman Sarkar @ Bukhsho Lund,,GBPS BAKHSHO LUND,,Mixed,Primary,24.8033473751346,69.1821098069594,,,2026-05-11,12:56:34,,Ameer Ahmed Khoso,,Government Building,Dangerous,,06,,,,,,NA,No,Partial,,Not available,Not available,Available but not functional,,,,520,,255,,775,,4,4,,,,,,,,,,,,,,,,,,,,,,,,,,,,,,,,,,,,,
Ameer Ahmed Khoso,165,401040084,Badin,Tando Bago,Pangrio-Tc,,GBPS JAMIA HANIFA SULTAN,,Boys,Primary,24.7623128617254,69.191080902973,,,2026-04-10,10:49:16,,Ameer Ahmed Khoso,madersa building,Any Other Building,No Boundary Wall,,01,,,,,,NA,No,Partial,,Not available,Not available,Not available,,,,156,,105,,261,,1,1,,,,,,,,,,,,,,,,,,,,,,,,,,,,,,,,,,,,,
Ameer Ahmed Khoso,166,401040089,Badin,Tando Bago,Malkani Shareef,,GBPS KHUDA BUX HEESBANI,,Boys,Primary,24.8910982854975,69.2197358564946,,,2025-11-14,11:31:07,,Ameer Ahmed Khoso,,Any Other Building,No Boundary Wall,,,,,,,,NA,No,No,,NA,NA,NA,,,,126,,105,,231,,1,1,,,,,,,,,,,,,,,,,,,,,,,,,,,,,,,,,,,,,
Ameer Ahmed Khoso,167,401040092,Badin,Tando Bago,TC - Pangrio,,GGPS MALOOK JAT,,Girls,Primary,24.7892800117198,69.2755865644679,,,2026-05-08,10:48:15,,Ameer Ahmed Khoso,,NA,NA,,0,,,,,,NA,NA,Partial,,Not available,Not available,Not available,,,,104,,185,,289,,1,,,,,,,,,,,,,,,,,,,,,,,,,,,,,,,,,,,,,,
Ameer Ahmed Khoso,168,401040122,Badin,Tando Bago,Khairpur Ghambo @ Malkani Sharif,,GGPS KHAIR PUR GAMBO,,Girls,Primary,24.8821930062102,69.2491409388223,,,2025-11-12,10:18:37,,Behzad Ali Memon,shared with 401040220,Shared with Other Government school building (SEMIS Code),No Boundary Wall,,05,,,,,,NA,No,No,,Not available,Not available,Not available,,,,104,,415,,519,,2,2,,,,,,,,,,,,,,,,,,,,,,,,,,,,,,,,,,,,,
Ameer Ahmed Khoso,169,401040137,Badin,Tando Bago,Sangi Pharho,,GGPS HAYAT KHASKHALI,,Girls,Primary,24.9598251779435,69.2917665925795,,,2025-12-18,13:43:22,,Behzad Ali Memon,NA,NA,NA,,,,,,,,8,NA,Partial,,Not available,Not available,Available but not functional,,,,,,,,,,1,,,,,,,,,,,,,,,,,,,,,,,,,,,,,,,,,,,,,,
Ameer Ahmed Khoso,170,401040150,Badin,Tando Bago,Bahadur Khan Chandio @ Sangi Pharho,,GGPS MUHAMMAD USMAN KACHHI,,Girls,Primary,24.9537275459717,69.286274759879,,,2025-12-18,13:47:53,,Behzad Ali Memon,shared with 401040345,Shared with Other Government school building (SEMIS Code),Needs Repair,,0,,,,,,NA,No,Partial,,Not available,Not available,Not available,,,,104,,171,,275,,2,2,,,,,,,,,,,,,,,,,,,,,,,,,,,,,,,,,,,,,
Ameer Ahmed Khoso,171,401040153,Badin,Tando Bago,Khairpur Ghambo @ Malkani Sharif,,GGPS SHAKARDI ARAIN,,Girls,Primary,24.8432325161089,69.1932641808893,,,2026-02-19,10:30:29,,Ameer Ahmed Khoso,Under chapra,No Building,No Boundary Wall,,0,,,,,,NA,No,Partial,,Not available,Not available,Not available,,,,156,,161,,317,,1,1,,,,,,,,,,,,,,,,,,,,,,,,,,,,,,,,,,,,,
Ameer Ahmed Khoso,172,401040154,Badin,Tando Bago,Dargah Saman Sarkar @ Bukhsho Lund,,GGPS ASHRAF KHOSO,,Mixed,Primary,24.767084093109,69.2133906503038,,,2026-01-08,11:03:10,,Ameer Ahmed Khoso,,Government Building,No Boundary Wall,,01,,,,,,Simple Water Cooler,Yes,Partial,,Not available,Not available,Not available,,,,176,,215,,391,,4,3,,,,,,,,,,,,,,,,,,,,,,,,,,,,,,,,,,,,,
Ameer Ahmed Khoso,173,401040184,Badin,Tando Bago,TC - Pangrio,,GBELS PANGRIO,,Mixed,Elementary,24.7624719846676,69.1983980294165,,,2026-05-12,12:26:19,,Ameer Ahmed Khoso,Open,Government Building,Partially Dangerous,,12,,,,,,Overhead Water Tank,Yes,Partial,,Not available,Not available,Not available,,,,790,,437,,1227,,14,12,,,,,,,,,,,,,,,,,,,,,,,,,,,,,,,,,,,,,
Ameer Ahmed Khoso,174,401040200,Badin,Tando Bago,Dargah Saman Sarkar @ Bukhsho Lund,,GBPS PIR SHAH MUHAMMAD SHAH,,Mixed,Primary,24.8071374577761,69.2683679830567,,,2026-05-29,10:38:26,,Ameer Ahmed Khoso,,Government Building,Dangerous,,2,,,,,,NA,No,Partial,,Not available,Not available,Not available,,,,186,,105,,291,,1,1,,,,,,,,,,,,,,,,,,,,,,,,,,,,,,,,,,,,,
Ameer Ahmed Khoso,175,401040214,Badin,Tando Bago,Khairpur Ghambo @ Malkani Sharif,,GBPS ALLAH DINO SHAH,,Mixed,Primary,24.8411652781636,69.2769974866919,,,2025-12-05,10:10:10,,Ameer Ahmed Khoso,,Government Building,No Boundary Wall,,2,,,,,,NA,No,Partial,,Not available,Not available,Not available,,,,146,,115,,261,,1,1,,,,,,,,,,,,,,,,,,,,,,,,,,,,,,,,,,,,,
Ameer Ahmed Khoso,176,401040215,Badin,Tando Bago,Bahadur Khan Chandio @ Sangi Pharho,,GBPS CHHUTO KHAN HEESBANI,,Mixed,Primary,24.8813036517011,69.2175136479495,,,2026-05-14,11:56:22,,Ameer Ahmed Khoso,,Government Building,No Boundary Wall,,1,,,,,,NA,No,Partial,,Not available,Not available,Not available,,,,128,,119,,247,,1,1,,,,,,,,,,,,,,,,,,,,,,,,,,,,,,,,,,,,,
Ameer Ahmed Khoso,177,401040218,Badin,Tando Bago,Malkani Shareef,,GBPS QASIM JAT,,Mixed,Primary,24.8498906075247,69.2095224102863,,,2026-05-13,13:22:33,,Ameer Ahmed Khoso,,Government Building,Dangerous,,02,,,,,,NA,NA,Partial,,Not available,Not available,Not available,,,,138,,139,,277,,1,1,,,,,,,,,,,,,,,,,,,,,,,,,,,,,,,,,,,,,
Ameer Ahmed Khoso,178,401040220,Badin,Tando Bago,Khairpur Ghambo @ Malkani Sharif,,GBPS KHAIR PUR GAMBO,,Mixed,Primary,24.8822368140512,69.2491999171107,,,2025-11-12,10:06:12,,Behzad Ali Memon,,Pakka/RCC/Tier Guarder,Satisfactory,,05,,,,,,Simple Water Cooler,Yes,Partial,,Not available,Not available,Not available,,,,610,,105,,715,,5,3,,,,,,,,,,,,,,,,,,,,,,,,,,,,,,,,,,,,,
Ameer Ahmed Khoso,179,401040223,Badin,Tando Bago,Saman Shah Sarkar,,GBPS HAJI GANHWER AHMDANI,,Boys,Primary,24.812303803217,69.2322219781537,,,2026-05-25,09:11:24,,Ameer Ahmed Khoso,,Government Building,No Boundary Wall,,1,,,,,,Direct Handpump,Yes,Partial,,Not available,Not available,Not available,,,,260,,183,,443,,1,1,,,,,,,,,,,,,,,,,,,,,,,,,,,,,,,,,,,,,
Ameer Ahmed Khoso,180,401040230,Badin,Tando Bago,Saman Shah Sarkar,,GBPS MUHAMMAD RAMZAN KHOS0,,Mixed,Primary,24.7813463397275,69.2184779807758,,,2026-02-20,09:10:17,,Ameer Ahmed Khoso,,Government Building,Dangerous,,NA,,,,,,NA,No,Partial,,Not available,Not available,Not available,,,,226,,219,,445,,2,2,,,,,,,,,,,,,,,,,,,,,,,,,,,,,,,,,,,,,
Ameer Ahmed Khoso,181,401040327,Badin,Tando Bago,Khairpur Ghambo @ Malkani Sharif,,GBPS PIR ALI ASGHAR SHAH,,Mixed,Primary,24.8204399979635,69.3019741482249,,,2025-11-11,11:06:28,,Behzad Ali Memon,,Government Building,Needs Repair,,2,,,,,,Direct Handpump,Yes,Partial,,Not available,Not available,Not available,,,,234,,213,,447,,1,1,,,,,,,,,,,,,,,,,,,,,,,,,,,,,,,,,,,,,
Ameer Ahmed Khoso,182,401040331,Badin,Tando Bago,Sangi Pharho,,GBPS SOHRAB JARWAR @ ALLAH DITO LUND,,Boys,Primary,24.9561654503419,69.2881375551224,,,2026-01-29,11:27:01,,Behzad Ali Memon,chhapra,No Building,No Boundary Wall,,0,,,,,,NA,No,Partial,,Not available,Not available,Not available,,,,136,,145,,281,,1,1,,,,,,,,,,,,,,,,,,,,,,,,,,,,,,,,,,,,,
Ameer Ahmed Khoso,183,401040332,Badin,Tando Bago,Khairpur Ghambo @ Malkani Sharif,,GBPS MUHAMMAD BUX DALWANI,,Mixed,Primary,24.8583870418057,69.2913343468777,,,2025-12-16,10:38:08,,Ameer Ahmed Khoso,,Government Building,No Boundary Wall,,02,,,,,,Overhead Water Tank,No,Partial,,Not available,Not available,Not available,,,,222,,193,,415,,2,2,,,,,,,,,,,,,,,,,,,,,,,,,,,,,,,,,,,,,
Ameer Ahmed Khoso,184,401040333,Badin,Tando Bago,Khairpur Ghambo @ Malkani Sharif,,GBPS AZEEM KHOSO @ GHULAM RASOOL ARAIN,,Boys,Primary,24.8978377050427,69.230937316618,,,2026-05-14,12:15:21,,Ameer Ahmed Khoso,,Government Building,No Boundary Wall,,1,,,,,,NA,Yes,Partial,,NA,NA,NA,,,,296,,159,,455,,2,2,,,,,,,,,,,,,,,,,,,,,,,,,,,,,,,,,,,,,
Ameer Ahmed Khoso,185,401040334,Badin,Tando Bago,Khairpur Ghambo @ Malkani Sharif,,GBPS FAZAL WADHO,,Mixed,Primary,24.8528670485036,69.2297265188216,,,2026-05-13,12:38:37,,Ameer Ahmed Khoso,,Government Building,No Boundary Wall,,01,,,,,,NA,No,Partial,,Not available,Not available,Not available,,,,278,,227,,505,,3,3,,,,,,,,,,,,,,,,,,,,,,,,,,,,,,,,,,,,,
Ameer Ahmed Khoso,186,401040335,Badin,Tando Bago,Khairpur Ghambo @ Malkani Sharif,,GBPS SIDDIQUE ARAIN,,Mixed,Primary,24.8501301943819,69.1997140349164,,,2026-02-19,10:22:37,,Ameer Ahmed Khoso,Under a Tree,No Building,No Boundary Wall,,01,,,,,,NA,No,Yes,,Not available,Not available,Not available,,,,170,,129,,299,,2,2,,,,,,,,,,,,,,,,,,,,,,,,,,,,,,,,,,,,,
Ameer Ahmed Khoso,187,401040337,Badin,Tando Bago,Malkani Shareef,,GBELS SAIN DINO JUNEJO,,Boys,Elementary,24.8349030062005,69.2669248542158,,,2025-12-05,08:42:22,,Ameer Ahmed Khoso,,Government Building,Partially Satisfactory,,4,,,,,,NA,No,Partial,,Not available,Not available,Not available,,,,542,,171,,713,,6,5,,,,,,,,,,,,,,,,,,,,,,,,,,,,,,,,,,,,,
Ameer Ahmed Khoso,188,401040340,Badin,Tando Bago,Malkani Shareef,,GBPS KANDRI LAGHARI,,Mixed,Primary,24.887941389047,69.285374983517,,,2025-12-02,11:11:57,,Behzad Ali Memon,,Government Building,Satisfactory,,02,,,,,,NA,Yes,Partial,,Not available,Not available,Not available,,,,192,,167,,359,,1,1,,,,,,,,,,,,,,,,,,,,,,,,,,,,,,,,,,,,,
Ameer Ahmed Khoso,189,401040341,Badin,Tando Bago,Khairpur Ghambo @ Malkani Sharif,,GBPS JARI LAGHARI,,Mixed,Primary,24.8818280369037,69.3017524740619,,,2025-12-02,11:19:40,,Behzad Ali Memon,,NA,NA,,01,,,,,,NA,NA,Partial,,Not available,Not available,Not available,,,,178,,169,,347,,1,,,,,,,,,,,,,,,,,,,,,,,,,,,,,,,,,,,,,,
Ameer Ahmed Khoso,190,401040343,Badin,Tando Bago,Gaad @ Hayat Khaskheli,,GBELS SULTAN ABAD,,Mixed,Elementary,24.9142442105144,69.2746970122437,,,2025-12-02,09:32:59,,Behzad Ali Memon,,Government Building,No Boundary Wall,,02,,,,,,NA,No,Partial,,Not available,Not available,Not available,,,,386,,227,,613,,2,2,,,,,,,,,,,,,,,,,,,,,,,,,,,,,,,,,,,,,
Ameer Ahmed Khoso,191,401040344,Badin,Tando Bago,Khairpur Gumboh,,GBPS MUHAMMAD ALI PITAFI,,Mixed,Primary,24.9222375389149,69.2516031882955,,,2025-11-12,12:41:06,,Behzad Ali Memon,,Government Building,Dangerous,,01,,,,,,NA,No,Partial,,Not available,Not available,Not available,,,,182,,145,,327,,1,1,,,,,,,,,,,,,,,,,,,,,,,,,,,,,,,,,,,,,
Ameer Ahmed Khoso,192,401040346,Badin,Tando Bago,Sangi Pharho,,GBPS MUHAMMAD KASKHELI AT MOOSA KACHHI,,Mixed,Primary,24.9607786747908,69.2356091454116,,,2025-11-04,12:12:12,,Behzad Ali Memon,,Pakka/RCC/Tier Guarder,No Boundary Wall,,2,,,,,,NA,No,Partial,,Not available,Not available,Not available,,,,204,,147,,351,,1,1,,,,,,,,,,,,,,,,,,,,,,,,,,,,,,,,,,,,,
Ameer Ahmed Khoso,193,401040440,Badin,Tando Bago,Gaad @ Hayat Khaskheli,,GBPS MUBARAK KHAN SIRAEE,,Mixed,Primary,24.9369772454649,69.3097615415204,,,2025-11-10,13:49:28,,Behzad Ali Memon,,NA,NA,,02,,,,,,NA,NA,Yes,,Not available,Not available,Not available,,,,168,,161,,329,,1,,,,,,,,,,,,,,,,,,,,,,,,,,,,,,,,,,,,,,
Ameer Ahmed Khoso,194,401040441,Badin,Tando Bago,Gaad @ Hayat Khaskheli,,GBPS UMAID ALI LAGHARI,,Mixed,Primary,24.8981515502614,69.2837092269563,,,2025-12-02,10:56:13,,Behzad Ali Memon,Open,Government Building,No Boundary Wall,,01,,,,,,NA,No,Yes,,Not available,Not available,Not available,,,,136,,131,,267,,1,1,,,,,,,,,,,,,,,,,,,,,,,,,,,,,,,,,,,,,
Ameer Ahmed Khoso,195,401040477,Badin,Tando Bago,Gaad @ Hayat Khaskheli,,GBPS BACHAL NOTKANI,,Mixed,Primary,24.9061057219844,69.3120414116056,,,2025-12-02,11:43:20,,Behzad Ali Memon,,Government Building,Needs Repair,,2,,,,,,Simple Water Cooler,No,Partial,,Not available,Not available,Not available,,,,274,,203,,477,,1,1,,,,,,,,,,,,,,,,,,,,,,,,,,,,,,,,,,,,,
Ameer Ahmed Khoso,196,401040510,Badin,Tando Bago,Gaad @ Hayat Khaskheli,,GBPS UES RIND @ GHULAM MUHAMMED ARAIN,,Mixed,Primary,24.934732358104,69.2770600373033,,,2025-11-12,11:46:15,,Behzad Ali Memon,,Government Building,Needs Repair,,02,,,,,,Simple Water Cooler,No,Partial,,Not available,Not available,Not available,,,,366,,183,,549,,1,1,,,,,,,,,,,,,,,,,,,,,,,,,,,,,,,,,,,,,
Ameer Ahmed Khoso,197,401040548,Badin,Tando Bago,Saman Shah Sarkar,,GBELS GHULAM HUSSAIN LAIL/AT HAJI SULEMAN,,Boys,Elementary,24.7811888618854,69.1821634826783,,,2026-02-10,08:51:38,,Ameer Ahmed Khoso,,Government Building,Needs Repair,,02,,,,,,Direct Handpump,Yes,Yes,,Not available,Not available,Not available,,,,416,,105,,521,,4,3,,,,,,,,,,,,,,,,,,,,,,,,,,,,,,,,,,,,,
Ameer Ahmed Khoso,198,401040549,Badin,Tando Bago,Khairpur Ghambo @ Malkani Sharif,,GBPS GHULAM MUHAMMAD KAMBOH,,Mixed,Primary,24.8634673658467,69.2235487986928,,,2026-05-13,12:58:55,,Ameer Ahmed Khoso,smc based one room,Any Other Building,No Boundary Wall,,01,,,,,,NA,No,Partial,,Not available,Not available,Not available,,,,218,,159,,377,,2,2,,,,,,,,,,,,,,,,,,,,,,,,,,,,,,,,,,,,,
Ameer Ahmed Khoso,199,401040552,Badin,Tando Bago,Gaad @ Hayat Khaskheli,,GBPS HAYAT KHASKHELI,,Boys,Primary,24.9598300437601,69.2918041413407,,,2025-12-18,13:40:18,,Behzad Ali Memon,shared with girls school,Shared with Other Government school building (SEMIS Code),NA,,03,,,,,,NA,NA,Partial,,Not available,Not available,Available but not functional,,,,250,,105,,355,,3,,,,,,,,,,,,,,,,,,,,,,,,,,,,,,,,,,,,,,
Ameer Ahmed Khoso,200,401040573,Badin,Tando Bago,Saman Shah Sarkar,,GBPS MUHAMMAD USMAN HAJAM,,Mixed,Primary,24.8091517534389,69.202313184415,,,2026-02-10,09:28:03,,Ameer Ahmed Khoso,Open,Government Building,No Boundary Wall,,02,,,,,,NA,No,Yes,,Not available,Not available,Not available,,,,220,,197,,417,,2,1,,,,,,,,,,,,,,,,,,,,,,,,,,,,,,,,,,,,,
Ameer Ahmed Khoso,201,401040592,Badin,Tando Bago,TC - Pangrio,,GBELS GREED ABAD PANGRIO,,Mixed,Elementary,24.7600071556789,69.197807957728,,,2026-02-09,10:09:49,,Ameer Ahmed Khoso,,Pakka/RCC/Tier Guarder,Satisfactory,,8,,,,,,Pot/Matka,No,Partial,,Not available,Not available,Not available,,,,688,,289,,977,,11,10,,,,,,,,,,,,,,,,,,,,,,,,,,,,,,,,,,,,,
Ameer Ahmed Khoso,202,401040593,Badin,Tando Bago,Dargah Saman Sarkar @ Bukhsho Lund,,GBPS HAMID ALI SHAH,,Mixed,Primary,24.7868952650157,69.3074227354222,,,2025-11-11,12:12:40,,Behzad Ali Memon,,Government Building,Dangerous,,02,,,,,,NA,No,Partial,,Not available,Not available,Not available,,,,146,,131,,277,,1,1,,,,,,,,,,,,,,,,,,,,,,,,,,,,,,,,,,,,,
Ameer Ahmed Khoso,203,401040609,Badin,Tando Bago,Khairpur Gumboh,,GBPS MUHAMMED MALLAH@ALI MURAD PITAFI,,Mixed,Primary,24.9109942589239,69.2750255796006,,,2025-12-02,10:04:35,,Behzad Ali Memon,smc room,Any Other Building,No Boundary Wall,,0,,,,,,NA,No,Partial,,Not available,Not available,Not available,,,,214,,163,,377,,1,1,,,,,,,,,,,,,,,,,,,,,,,,,,,,,,,,,,,,,
Ameer Ahmed Khoso,204,401040622,Badin,Tando Bago,Khairpur Gumboh,,GBPS CHOUDHARY MUHAMMAD SHAREEF RAJPUT,,Mixed,Primary,24.883480203652,69.2532554301312,,,2025-12-02,12:44:47,,Behzad Ali Memon,Open,Any Other Building,No Boundary Wall,,02,,,,,,NA,No,Partial,,Not available,Not available,Not available,,,,218,,175,,393,,3,3,,,,,,,,,,,,,,,,,,,,,,,,,,,,,,,,,,,,,
Ameer Ahmed Khoso,205,401040653,Badin,Tando Bago,Sangi Pharho,,GBPS ALI BAHADUR ARIAN,,Boys,Primary,24.9084739673979,69.2273131056216,,,2026-05-14,11:07:27,,Ameer Ahmed Khoso,Ngo based two rooms,Any Other Building,No Boundary Wall,,2,,,,,,NA,No,Partial,,Not available,Not available,Not available,,,,226,,145,,371,,2,1,,,,,,,,,,,,,,,,,,,,,,,,,,,,,,,,,,,,,
Ameer Ahmed Khoso,206,401040655,Badin,Tando Bago,Malkani Shareef,,GBPS MUBARAK KHOSO,,Mixed,Primary,24.8581561995761,69.2933250168876,,,2025-11-11,13:30:22,,Behzad Ali Memon,smc room,Any Other Building,No Boundary Wall,,01,,,,,,NA,No,Partial,,Not available,Not available,Not available,,,,112,,107,,219,,2,1,,,,,,,,,,,,,,,,,,,,,,,,,,,,,,,,,,,,,
Ameer Ahmed Khoso,207,401040657,Badin,Tando Bago,Malkani Shareef,,GBPS DOST ALI LISKANI,,Mixed,Primary,24.8273617488197,69.178057916603,,,2025-12-09,09:53:50,,Ameer Ahmed Khoso,Open,No Building,No Boundary Wall,,0,,,,,,NA,No,Partial,,Not available,Not available,Not available,,,,162,,137,,299,,1,1,,,,,,,,,,,,,,,,,,,,,,,,,,,,,,,,,,,,,
Ameer Ahmed Khoso,208,401040658,Badin,Tando Bago,Khairpur Ghambo @ Malkani Sharif,,GBPS GHULAM HUSSAIN FORM,,Mixed,Primary,24.8588293997204,69.2773019324607,,,2025-12-16,10:25:38,,Ameer Ahmed Khoso,Open,No Building,No Boundary Wall,,0,,,,,,NA,No,Partial,,Not available,Not available,Not available,,,,166,,131,,297,,1,1,,,,,,,,,,,,,,,,,,,,,,,,,,,,,,,,,,,,,
Ameer Ahmed Khoso,209,401040659,Badin,Tando Bago,Malkani Shareef,,GBPS ASLAM JAT @ GHAZI KHAN KALOI,,Mixed,Primary,24.897472762645,69.3104642564674,,,2025-12-02,11:32:26,,Behzad Ali Memon,under tree due to poor condition of smc room,No Building,No Boundary Wall,,01,,,,,,NA,No,Partial,,Not available,Not available,Not available,,,,134,,109,,243,,1,1,,,,,,,,,,,,,,,,,,,,,,,,,,,,,,,,,,,,,
Ameer Ahmed Khoso,210,401040669,Badin,Tando Bago,Malkani Shareef,,GBPS HAJI KHAN CHANDIO,,Mixed,Primary,24.8478999550781,69.2870486585832,,,2025-11-25,12:15:27,,Ameer Ahmed Khoso,hut,No Building,No Boundary Wall,,,,,,,,NA,No,Partial,,NA,NA,NA,,,,244,,195,,439,,1,1,,,,,,,,,,,,,,,,,,,,,,,,,,,,,,,,,,,,,
Ameer Ahmed Khoso,211,401040672,Badin,Tando Bago,Saman Shah Sarkar,,GBPS AMIR BUX LUND,,Mixed,Primary,24.7774089434429,69.2940652900874,,,2026-05-08,10:27:27,,Ameer Ahmed Khoso,,NA,NA,,01,,,,,,NA,NA,Partial,,Not available,Not available,Not available,,,,160,,143,,303,,1,,,,,,,,,,,,,,,,,,,,,,,,,,,,,,,,,,,,,,
Ameer Ahmed Khoso,212,401040706,Badin,Tando Bago,Malkani Shareef,,GBPS KIRSHAN THAKER,,Mixed,Primary,24.8698408112495,69.2886749466426,,,2025-11-10,12:07:00,,Behzad Ali Memon,,Government Building,No Boundary Wall,,01,,,,,,NA,No,Partial,,Not available,Not available,Not available,,,,218,,157,,375,,1,1,,,,,,,,,,,,,,,,,,,,,,,,,,,,,,,,,,,,,
Ameer Ahmed Khoso,213,401040712,Badin,Tando Bago,Bahadur Khan Chandio @ Sangi Pharho,,GBHS SANGI PHARAHO,,Mixed,Secondary,24.9381674610681,69.1842234306703,,,2025-11-20,08:37:48,,Behzad Ali Memon,,Government Building,No Boundary Wall,,24,,,,,,,Yes,Partial,,Not available,Not available,Not available,,,,1432,,209,,1641,,19,15,,,,,,,,,,,,,,,,,,,,,,,,,,,,,,,,,,,,,
Ameer Ahmed Khoso,214,401040735,Badin,Tando Bago,Dargah Saman Sarkar @ Bukhsho Lund,,GBLSS ALAN KHAN KHOSO,,Mixed,Middle,24.8028036045572,69.2403620395477,,,2026-05-25,10:06:35,,Ameer Ahmed Khoso,Open,Government Building,Dangerous,,6,,,,,,NA,No,Partial,,Not available,Not available,Not available,,,,150,,145,,295,,3,2,,,,,,,,,,,,,,,,,,,,,,,,,,,,,,,,,,,,,
Ameer Ahmed Khoso,215,401040736,Badin,Tando Bago,Khairpur Ghambo @ Malkani Sharif,,GBLSS PIR ALI ASGHAR SHAH,,Mixed,Middle,24.8203280014956,69.3019992113114,,,2025-11-11,11:13:47,,Behzad Ali Memon,Open,Shared with Other Government school building (SEMIS Code),No Boundary Wall,,0,,,,,,NA,No,Partial,,Not available,Not available,Not available,,,,282,,195,,477,,5,3,,,,,,,,,,,,,,,,,,,,,,,,,,,,,,,,,,,,,
Ameer Ahmed Khoso,216,401040741,Badin,Tando Bago,TC - Pangrio,,GGHS PANGRIO,,Girls,Secondary,24.7612095392696,69.1956630435173,,,2026-02-09,09:27:10,,Ameer Ahmed Khoso,,Government Building,Satisfactory,,14,,,,,,Overhead Water Tank,Yes,Partial,,Not available,Not available,Available but not functional,,,,228,,761,,989,,23,19,,,,,,,,,,,,,,,,,,,,,,,,,,,,,,,,,,,,,
Ameer Ahmed Khoso,217,401040746,Badin,Tando Bago,Malkani Shareef,,GBHSS WALI MUHAMMAD MALKANI,,Mixed,Hi.Secondary,24.8739196726993,69.2550967671611,,,2025-10-25,09:02:12,,Ameer Ahmed Khoso,Open,Government Building,Needs Repair,,049,,,,,,Simple Water Cooler,Yes,Partial,,Not available,Available and functional,Not available,,,,2446,,1307,,3753,,44,39,,,,,,,,,,,,,,,,,,,,,,,,,,,,,,,,,,,,,
Ameer Ahmed Khoso,218,401040749,Badin,Tando Bago,TC - Pangrio,,GBHSS PANGRIO,,Mixed,Hi.Secondary,24.7589184600856,69.1978248179555,,,2025-12-13,08:37:23,,Ameer Ahmed Khoso,Open,Government Building,Satisfactory,,41,,,,,,Overhead Water Tank,Yes,Partial,,Available but not functional,Available and functional,Available and functional,,,,2988,,447,,3435,,46,38,,,,,,,,,,,,,,,,,,,,,,,,,,,,,,,,,,,,,
Asif Ali Talpur,219,401010011,Badin,Badin,Pir Fatah Shah,,GBPS ABDULLAH MANDHRO,,Mixed,Primary,24.5703551606901,68.8062170150875,,,2026-05-07,09:30:48,,Asif Ali Talpur,,NA,NA,,03,,,,,,NA,NA,Yes,,Not available,Not available,Not available,,,,162,,145,,307,,2,,,,,,,,,,,,,,,,,,,,,,,,,,,,,,,,,,,,,,
Asif Ali Talpur,220,401010034,Badin,Badin,Abdullah Shah,,GBPS GHULAM RASOOL MALLAH,,Boys,Primary,24.5828451704955,68.9801233997075,,,2025-12-15,10:02:40,,Asif Ali Talpur,,Government Building,Dangerous,,02,,,,,,NA,No,Yes,,NA,NA,NA,,,,162,,145,,307,,1,1,,,,,,,,,,,,,,,,,,,,,,,,,,,,,,,,,,,,,
Asif Ali Talpur,221,401010039,Badin,Badin,Nindo Shahar,,GBPS HASSAN KALHORO,,Mixed,Primary,24.5988629016478,68.9695394147932,,,2026-05-22,09:22:28,,Asif Ali Talpur,,NA,NA,,1,,,,,,NA,NA,Partial,,NA,NA,NA,,,,172,,147,,319,,,,,,,,,,,,,,,,,,,,,,,,,,,,,,,,,,,,,,,,
Asif Ali Talpur,222,401010047,Badin,Badin,Abdullah Shah,,GBPS KANDO CHANDIO,,Mixed,Primary,24.563129625828,68.9941580593586,,,2026-05-22,10:03:18,,Asif Ali Talpur,,NA,NA,,01,,,,,,NA,NA,Partial,,NA,NA,NA,,,,144,,125,,269,,1,,,,,,,,,,,,,,,,,,,,,,,,,,,,,,,,,,,,,,
Asif Ali Talpur,223,401010073,Badin,Badin,Muhammad Khan Bhurgari,,GBPS HAJI FATAH KHAN NOTKANI,,Mixed,Primary,24.5747973680426,68.9178323365244,,,2026-05-14,09:56:54,,Asif Ali Talpur,otaq,Any Other Building,No Boundary Wall,,02,,,,,,NA,No,Yes,,Not available,Not available,Not available,,,,140,,147,,287,,1,1,,,,,,,,,,,,,,,,,,,,,,,,,,,,,,,,,,,,,
Asif Ali Talpur,224,401010123,Badin,Badin,Bhugra Memon,,GBPS ABDUL RAHIM MANDHRO,,Mixed,Primary,24.3868305333298,68.7908318648609,,,2025-11-15,13:35:46,,Asif Ali Talpur,,NA,NA,,2,,,,,,,NA,Yes,,Not available,Not available,Not available,,,,130,,127,,257,,1,,,,,,,,,,,,,,,,,,,,,,,,,,,,,,,,,,,,,,
Asif Ali Talpur,225,401010139,Badin,Badin,Abdullah Shah,,GGPS NAWAZ ALI PANHWAR,,Girls,Primary,24.5889378712882,68.9906457055421,,,2026-02-19,08:34:15,,Ali Raza Jafri,,NA,NA,,03,,,,,,NA,NA,Partial,,NA,NA,NA,,,,104,,195,,299,,2,,,,,,,,,,,,,,,,,,,,,,,,,,,,,,,,,,,,,,
Asif Ali Talpur,226,401010164,Badin,Badin,Bhugra Memon,,GGPS GOLO MANDHRO,,Girls,Primary,24.3745384726109,68.7880048161015,,,2025-11-15,12:50:17,,Asif Ali Talpur,,NA,Needs Repair,,02,,,,,,Simple Water Cooler,NA,Yes,,Not available,Not available,Not available,,,,104,,129,,233,,,,,,,,,,,,,,,,,,,,,,,,,,,,,,,,,,,,,,,,
Asif Ali Talpur,227,401010182,Badin,Badin,Shaheed Dado Soomro,,GGPS DARYA KHAN KHASKHELI,,Girls,Primary,24.391456045615,68.8807958369063,,,2025-11-15,09:44:13,,Asif Ali Talpur,,NA,Dangerous,,01,,,,,,NA,NA,Partial,,Not available,Not available,Not available,,,,142,,155,,297,,,,,,,,,,,,,,,,,,,,,,,,,,,,,,,,,,,,,,,,
Asif Ali Talpur,228,401010190,Badin,Badin,Abdullah Shah,,GGPS HAJI TAYAB JAMALI@ AHMED KHAN KHOSO,,Girls,Primary,24.5746885658652,68.9671703428357,,,2026-02-14,10:29:00,,Abdul Wahab Bhurgri,Ngo funded,Any Other Building,No Boundary Wall,,01,,,,,,NA,Yes,Yes,,NA,NA,NA,,,,104,,217,,321,,1,,,,,,,,,,,,,,,,,,,,,,,,,,,,,,,,,,,,,,
Asif Ali Talpur,229,401010267,Badin,Badin,Luari Sharif,,GBPS ABUL WASI,,Mixed,Primary,24.5847244530862,68.8945381309694,,,2026-05-25,09:53:46,,Asif Ali Talpur,Open,Government Building,Needs Repair,,02,,,,,,NA,No,Yes,,Not available,Not available,Not available,,,,158,,175,,333,,2,1,,,,,,,,,,,,,,,,,,,,,,,,,,,,,,,,,,,,,
Asif Ali Talpur,230,401010283,Badin,Badin,Bhugra Memon,,GBPS PIR ALAM SHAH,,Mixed,Primary,24.4269450882899,68.7662896521883,,,2026-05-21,11:38:21,,Asif Ali Talpur,,Government Building,No Boundary Wall,,02,,,,,,NA,No,Partial,,Not available,Not available,Available and functional,,,,204,,213,,417,,2,2,,,,,,,,,,,,,,,,,,,,,,,,,,,,,,,,,,,,,
Asif Ali Talpur,231,401010290,Badin,Badin,Bhugra Memon,,GBPS LAKHA DINO RAJO,,Mixed,Primary,24.4013197250748,68.7596364321286,,,2026-05-21,11:53:02,,Asif Ali Talpur,,Government Building,No Boundary Wall,,02,,,,,,NA,No,Partial,,Not available,Not available,Not available,,,,138,,143,,281,,1,1,,,,,,,,,,,,,,,,,,,,,,,,,,,,,,,,,,,,,
Asif Ali Talpur,232,401010306,Badin,Badin,Bhugra Memon,,GBPS RAB DINO TURK,,Mixed,Primary,24.4432977039761,68.7743872404099,,,2026-05-21,12:22:37,,Asif Ali Talpur,Open,No Building,No Boundary Wall,,0,,,,,,NA,Yes,Partial,,Not available,Not available,Not available,,,,140,,149,,289,,1,1,,,,,,,,,,,,,,,,,,,,,,,,,,,,,,,,,,,,,
Asif Ali Talpur,233,401010307,Badin,Badin,Bhugra Memon,,GBPS HAJI ISHAQUE JHAKRO,,Mixed,Primary,24.4315815955354,68.7518204752106,,,2026-05-21,11:22:16,,Asif Ali Talpur,NA,Government Building,Dangerous,,02,,,,,,Simple Water Cooler,No,Partial,,Not available,Not available,Not available,,,,172,,141,,313,,1,1,,,,,,,,,,,,,,,,,,,,,,,,,,,,,,,,,,,,,
Asif Ali Talpur,234,401010403,Badin,Badin,Muhammad Khan Bhurgari,,GBPS JAN MUHAMMAD LAGHARI @ABDUL SHAKUR,,Mixed,Primary,24.5961046160688,68.8830582794258,,,2026-05-15,09:21:22,,Asif Ali Talpur,Open,No Building,No Boundary Wall,,0,,,,,,NA,No,Partial,,Not available,Not available,Available but not functional,,,,236,,217,,453,,3,3,,,,,,,,,,,,,,,,,,,,,,,,,,,,,,,,,,,,,
Asif Ali Talpur,235,401010502,Badin,Badin,Muhammad Khan Bhurgari,,GBPS GHULAM HYDER SHAH,,Mixed,Primary,24.5979446814879,68.9022786240023,,,2026-05-08,08:58:59,,Asif Ali Talpur,,Government Building,No Boundary Wall,,01,,,,,,NA,No,Partial,,Not available,Not available,Not available,,,,148,,127,,275,,1,1,,,,,,,,,,,,,,,,,,,,,,,,,,,,,,,,,,,,,
Asif Ali Talpur,236,401010524,Badin,Badin,Abdullah Shah,,GBPS JAN MUHAMMAD PANHWAR,,Mixed,Primary,24.5846939862013,69.0084542332445,,,2026-02-07,10:54:51,,Abdul Wahab Bhurgri,,Government Building,No Boundary Wall,,01,,,,,,NA,No,Yes,,NA,NA,NA,,,,134,,157,,291,,1,1,,,,,,,,,,,,,,,,,,,,,,,,,,,,,,,,,,,,,
Asif Ali Talpur,237,401010527,Badin,Badin,Shaheed Dodo Soomro@ Lakho Pir,,GBPS MUHAMMAD BACHAL MALLAH,,Mixed,Primary,24.4048126359821,68.8271167884267,,,2025-11-05,12:20:42,,Asif Ali Talpur,Open,Government Building,No Boundary Wall,,01,,,,,,NA,No,Partial,,Not available,Not available,Not available,,,,140,,133,,273,,1,1,,,,,,,,,,,,,,,,,,,,,,,,,,,,,,,,,,,,,
Asif Ali Talpur,238,401010540,Badin,Badin,Shaheed Dodo Soomro@ Lakho Pir,,GBPS ABDUL REHMAN LUND,,Mixed,Primary,24.3537652138082,68.8791905357916,,,2025-11-15,10:22:39,,Asif Ali Talpur,,NA,No Boundary Wall,,0,,,,,,NA,No,Partial,,Not available,Not available,Not available,,,,186,,133,,319,,1,1,,,,,,,,,,,,,,,,,,,,,,,,,,,,,,,,,,,,,
Asif Ali Talpur,239,401010590,Badin,Badin,Abdullah Shah,,GBPS HAJI GUL MUHAMMED JAMALI,,Mixed,Primary,24.5565989952119,68.9635198519533,,,2025-12-15,11:15:01,,Asif Ali Talpur,,Government Building,Dangerous,,02,,,,,,NA,No,Yes,,Not available,Not available,Not available,,,,126,,133,,259,,1,1,,,,,,,,,,,,,,,,,,,,,,,,,,,,,,,,,,,,,
Asif Ali Talpur,240,401010625,Badin,Badin,Bhugra Memon,,GBPS SAYED MURAD SHAH,,Mixed,Primary,24.4352040869175,68.8095375894507,,,2026-05-12,11:35:06,,Asif Ali Talpur,,Government Building,Dangerous,,02,,,,,,Simple Water Cooler,No,Partial,,Not available,Not available,Not available,,,,254,,255,,509,,2,2,,,,,,,,,,,,,,,,,,,,,,,,,,,,,,,,,,,,,
Asif Ali Talpur,241,401010676,Badin,Badin,Abdullah Shah,,GBPS MUHAMMAD SOOMAR JAMALI,,Mixed,Primary,24.5615134400653,68.9642628266945,,,2025-12-15,11:24:18,,Asif Ali Talpur,,Government Building,Dangerous,,02,,,,,,NA,Yes,Partial,,Not available,Not available,Not available,,,,194,,215,,409,,1,1,,,,,,,,,,,,,,,,,,,,,,,,,,,,,,,,,,,,,
Asif Ali Talpur,242,401010685,Badin,Badin,Abdullah Shah,,GBPS HAJI YAKOOB JAMALI,,Mixed,Primary,24.5600131491509,68.969536718372,,,2025-12-15,11:04:20,,Asif Ali Talpur,,Government Building,Needs Repair,,02,,,,,,Simple Water Cooler,Yes,Partial,,Not available,Not available,Not available,,,,164,,161,,325,,1,1,,,,,,,,,,,,,,,,,,,,,,,,,,,,,,,,,,,,,
Asif Ali Talpur,243,401010687,Badin,Badin,Abdullah Shah,,GBPS HAJI TAYYAB JAMALI,,Boys,Primary,24.5746635595278,68.9670885351012,,,2026-02-14,10:18:22,,Abdul Wahab Bhurgri,Open,Government Building,No Boundary Wall,,01,,,,,,NA,No,Partial,,NA,NA,NA,,,,198,,105,,303,,1,1,,,,,,,,,,,,,,,,,,,,,,,,,,,,,,,,,,,,,
Asif Ali Talpur,244,401010689,Badin,Badin,Abdullah Shah,,GBPS HAJI HUSSAIN JAMALI,,Mixed,Primary,24.5682945082127,68.964335247907,,,2025-12-15,11:50:26,,Asif Ali Talpur,,No Building,No Boundary Wall,,0,,,,,,NA,No,Partial,,Not available,Not available,Not available,,,,130,,117,,247,,1,1,,,,,,,,,,,,,,,,,,,,,,,,,,,,,,,,,,,,,
Asif Ali Talpur,245,401010709,Badin,Badin,Shaheed Dado Soomro,,GBPS ALLAH RAKHIO JAT,,Mixed,Primary,24.3789702211474,68.8565339165697,,,2025-11-15,11:05:48,,Asif Ali Talpur,,Government Building,No Boundary Wall,,01,,,,,,NA,No,Partial,,Not available,Not available,Not available,,,,168,,151,,319,,1,1,,,,,,,,,,,,,,,,,,,,,,,,,,,,,,,,,,,,,
Asif Ali Talpur,246,401010789,Badin,Badin,Abdullah Shah,,GBELS ALI MURAD CHANDIO,,Mixed,Elementary,24.5758801208529,68.9860859518248,,,2026-05-22,10:20:07,,Asif Ali Talpur,,Government Building,Needs Repair,,08,,,,,,Simple Water Cooler,No,Partial,,NA,NA,NA,,,,446,,429,,875,,11,7,,,,,,,,,,,,,,,,,,,,,,,,,,,,,,,,,,,,,
Asif Ali Talpur,247,401010795,Badin,Badin,Bhugra Memon,,GGLSS BACHAL MANDHRO,,Girls,Middle,24.3820887665728,68.8142401722766,,,2025-11-05,12:52:19,,Asif Ali Talpur,,NA,NA,,,,,,,,NA,NA,Yes,,NA,NA,NA,,,,104,,105,,209,,1,,,,,,,,,,,,,,,,,,,,,,,,,,,,,,,,,,,,,,
Asif Ali Talpur,248,401010799,Badin,Badin,Pir Fatah Shah,,GGLSS LAL BUX NOTKANI,,Mixed,Middle,24.5254943890058,68.8539931925766,,,2025-12-16,10:18:13,,Naseeruddin Korejo,,Government Building,Needs Repair,,04,,,,,,NA,Yes,Yes,,Not available,Not available,Available but not functional,,,,104,,171,,275,,4,3,,,,,,,,,,,,,,,,,,,,,,,,,,,,,,,,,,,,,
Asif Ali Talpur,249,401010809,Badin,Badin,Muhammad Khan Bhurgari,,GBLSS BABU KHAN CHANG,,Mixed,Middle,24.6031209345895,68.9531645179788,,,2025-11-11,09:08:28,,Ali Raza Jafri,,Government Building,Needs Repair,,5,,,,,,NA,No,Partial,,NA,NA,NA,,,,228,,147,,375,,4,3,,,,,,,,,,,,,,,,,,,,,,,,,,,,,,,,,,,,,
Asif Ali Talpur,250,401010813,Badin,Badin,Muhammad Khan Bhurgari,,GBELS SACHAL NOHRIO,,Mixed,Elementary,24.5740263082006,68.9349791432148,,,2026-05-13,10:03:52,,Asif Ali Talpur,Open,Government Building,Needs Repair,,06,,,,,,Simple Water Cooler,No,Partial,,Not available,Not available,Not available,,,,600,,359,,959,,10,9,,,,,,,,,,,,,,,,,,,,,,,,,,,,,,,,,,,,,
Asif Ali Talpur,251,401010815,Badin,Badin,Shaheed Dado Soomro,,GBELS DOST ALI CHANG,,Mixed,Elementary,24.4242525909135,68.8824185743411,,,2025-12-20,09:29:07,,Naseeruddin Korejo,Open,Government Building,Needs Repair,,03,,,,,,NA,No,Partial,,Not available,Not available,Not available,,,,298,,159,,457,,3,1,,,,,,,,,,,,,,,,,,,,,,,,,,,,,,,,,,,,,
Asif Ali Talpur,252,401010816,Badin,Badin,Abdullah Shah,,GBELS GHULAM RASOOL JAMALI,,Mixed,Elementary,24.573609746565,68.9633602634263,,,2025-12-15,11:59:48,,Asif Ali Talpur,Open,Government Building,Needs Repair,,03,,,,,,Simple Water Cooler,No,Partial,,Not available,Not available,Not available,,,,218,,173,,391,,2,2,,,,,,,,,,,,,,,,,,,,,,,,,,,,,,,,,,,,,
Asif Ali Talpur,253,401010818,Badin,Badin,Bhugra Memon,,GBELS GOLO MANDHRO,,Boys,Elementary,24.3746038262744,68.7878867988068,,,2025-11-15,12:55:14,,Asif Ali Talpur,,Government Building,Needs Repair,,04,,,,,,Simple Water Cooler,No,Partial,,Not available,Not available,Not available,,,,292,,199,,491,,6,5,,,,,,,,,,,,,,,,,,,,,,,,,,,,,,,,,,,,,
Asif Ali Talpur,254,401010821,Badin,Badin,Muhammad Khan Bhurgari,,GBHS MIR AZIZ TALPUR,,Mixed,Secondary,24.5934450297833,68.8794084647837,,,2025-12-05,08:37:24,,Asif Ali Talpur,Open,Government Building,Needs Repair,,019,,,,,,Simple Water Cooler,Yes,Yes,,Not available,Not available,Not available,,,,714,,445,,1159,,25,18,,,,,,,,,,,,,,,,,,,,,,,,,,,,,,,,,,,,,
Asif Ali Talpur,255,401010830,Badin,Badin,Seerani,,GBHSS SEERANI,,Mixed,Hi.Secondary,24.4931018902803,68.7975615200421,,,2025-10-21,12:29:42,,Naseeruddin Korejo,,Pakka/RCC/Tier Guarder,Needs Repair,,030,,,,,,Electric Water Cooler,Yes,Partial,,Not available,Not available,Not available,,,,1398,,505,,1903,,34,26,,,,,,,,,,,,,,,,,,,,,,,,,,,,,,,,,,,,,
Asim Ahmed Jamali,256,401020118,Badin,"Shaheed Fazal Rahu, Golarchi",Rahooki,,GGPS HAJI KHAN NIZAMANI,,Girls,Primary,24.7823774553781,68.6661071356522,,,2026-05-15,10:40:12,,Asim Ahmed Jamali,,NA,NA,,0,,,,,,NA,NA,Yes,,Not available,Not available,Not available,,,,104,,179,,283,,1,,,,,,,,,,,,,,,,,,,,,,,,,,,,,,,,,,,,,,
Asim Ahmed Jamali,257,401020134,Badin,"Shaheed Fazal Rahu, Golarchi",Rahooki,,GGPS MANSOOR NIZAMANI,,Girls,Primary,24.7902854977477,68.6655230824151,,,2026-05-15,10:52:03,,Asim Ahmed Jamali,Open,No Building,No Boundary Wall,,0,,,,,,NA,No,Partial,,Not available,Not available,Not available,,,,146,,113,,259,,1,1,,,,,,,,,,,,,,,,,,,,,,,,,,,,,,,,,,,,,
Asim Ahmed Jamali,258,401020257,Badin,"Shaheed Fazal Rahu, Golarchi",Rahuki,,GBPS KARAM ALI NOHANI,,Mixed,Primary,24.7527941624227,68.6181522287874,,,2025-11-11,12:35:18,,Asim Ahmed Jamali,Hut,No Building,No Boundary Wall,,0,,,,,,NA,No,No,,Not available,Not available,Not available,,,,252,,115,,367,,1,1,,,,,,,,,,,,,,,,,,,,,,,,,,,,,,,,,,,,,
Asim Ahmed Jamali,259,401020355,Badin,"Shaheed Fazal Rahu, Golarchi",Rahooki,,GBPS HAJI RUSTAM MAHERI,,Mixed,Primary,24.7642990769293,68.6537669584758,,,2025-11-13,11:34:11,,Asim Ahmed Jamali,Open,Government Building,Dangerous,,02,,,,,,NA,Yes,Partial,,Not available,Not available,Not available,,,,152,,179,,331,,2,2,,,,,,,,,,,,,,,,,,,,,,,,,,,,,,,,,,,,,
Asim Ahmed Jamali,260,401020482,Badin,"Shaheed Fazal Rahu, Golarchi",Rahooki,,GBPS SIDDIQUE RAGHE@DARYA KHAN NOOHANI,,Mixed,Primary,24.7528830922253,68.6232655544088,,,2025-11-11,12:45:10,,Asim Ahmed Jamali,,Government Building,No Boundary Wall,,01,,,,,,NA,No,Partial,,Not available,Not available,Not available,,,,170,,125,,295,,1,1,,,,,,,,,,,,,,,,,,,,,,,,,,,,,,,,,,,,,
Asim Ahmed Jamali,261,401020543,Badin,"Shaheed Fazal Rahu, Golarchi",Rahooki,,GBELS SALEH MUHAMMAD NIZAMANI,,Mixed,Elementary,24.7905101466794,68.6673523398284,,,2026-05-15,11:07:26,,Asim Ahmed Jamali,Open,No Building,Dangerous,,0,,,,,,Simple Water Cooler,No,Yes,,Not available,Not available,Not available,,,,424,,169,,593,,2,2,,,,,,,,,,,,,,,,,,,,,,,,,,,,,,,,,,,,,
Asim Ahmed Jamali,262,401020552,Badin,"Shaheed Fazal Rahu, Golarchi",Terai,,GBLSS HAJI MISRI SAMEJO,,Mixed,Middle,24.732198035081,68.6680403399444,,,2025-11-13,12:45:53,,Asim Ahmed Jamali,,Government Building,Dangerous,,05,,,,,,Simple Water Cooler,No,Partial,,Not available,Not available,Not available,,,,206,,147,,353,,4,3,,,,,,,,,,,,,,,,,,,,,,,,,,,,,,,,,,,,,
Asim Ahmed Jamali,263,401030535,Badin,Matli,Haji Sawan,,GBPS MUHAMMAD IBRAHIM JUNEJO,,Mixed,Primary,24.9833136012961,68.8045661330605,,,2025-12-08,12:29:34,,Asim Ahmed Jamali,Hut,No Building,No Boundary Wall,,0,,,,,,NA,No,Partial,,Not available,Not available,Not available,,,,146,,141,,287,,1,1,,,,,,,,,,,,,,,,,,,,,,,,,,,,,,,,,,,,,
Asim Ahmed Jamali,264,401040278,Badin,Tando Bago,Khan Bahadur Mir Ghulam Muhammad Talpur,,GBELS KHADO,,Boys,Elementary,24.816997679942,68.8991868118253,,,2026-05-15,11:41:46,,Ghulam Akber Dal,Open,Government Building,No Boundary Wall,,0,,,,,,Simple Water Cooler,No,Partial,,Not available,Not available,Not available,,,,320,,293,,613,,6,3,,,,,,,,,,,,,,,,,,,,,,,,,,,,,,,,,,,,,
Asim Ahmed Jamali,265,401040377,Badin,Tando Bago,Khan Bahadur Mir Ghulam Muhammad Talpur,,GBPS SAIFAL CHANDIO,,Mixed,Primary,24.8324009615631,68.9187748193641,,,2026-05-15,11:09:51,,Ghulam Akber Dal,,Government Building,No Boundary Wall,,03,,,,,,Simple Water Cooler,No,Partial,,Not available,Not available,Not available,,,,176,,155,,331,,1,1,,,,,,,,,,,,,,,,,,,,,,,,,,,,,,,,,,,,,
Asim Ahmed Jamali,266,401050005,Badin,Talhar,TC - Talhar,,GBELS TALHAR (SINDHI MEDIUM),,Boys,Elementary,24.8851762225863,68.8141590348882,,,2025-12-20,11:20:50,,Ali Hyder Baloch,,Government Building,Satisfactory,,14,,,,,,Simple Water Cooler,Yes,Partial,,Not available,Not available,Not available,,,,1110,,105,,1215,,10,9,,,,,,,,,,,,,,,,,,,,,,,,,,,,,,,,,,,,,
Asim Ahmed Jamali,267,401050031,Badin,Talhar,Mir Sahib Khan Talpur @ Saeedpur,,GBPS SOOMAR JUNEJO,,Boys,Primary,24.9240180609639,68.8888773278906,,,2026-01-12,11:59:50,,Ali Hyder Baloch,No,Any Other Building,No Boundary Wall,,02,,,,,,NA,Yes,Partial,,Not available,Not available,Not available,,,,168,,105,,273,,1,1,,,,,,,,,,,,,,,,,,,,,,,,,,,,,,,,,,,,,
Asim Ahmed Jamali,268,401050035,Badin,Talhar,TC - Rajo Khanani,,GBPS MITHO LASHARI,,Mixed,Primary,24.9594555964385,68.8470268249512,,,2026-02-14,11:14:33,,Asim Ahmed Jamali,Chapra,No Building,No Boundary Wall,,0,,,,,,Direct Handpump,No,Partial,,Not available,Not available,Not available,,,,238,,133,,371,,2,2,,,,,,,,,,,,,,,,,,,,,,,,,,,,,,,,,,,,,
Asim Ahmed Jamali,269,401050036,Badin,Talhar,Mir Ahasn Ali @ Rajo Khanani,,GBPS RUSTAM LASHARI,,Mixed,Primary,24.9518112347637,68.8499209363236,,,2026-05-07,12:21:19,,Asim Ahmed Jamali,,NA,NA,,02,,,,,,NA,NA,Partial,,Not available,Not available,Not available,,,,136,,127,,263,,,,,,,,,,,,,,,,,,,,,,,,,,,,,,,,,,,,,,,,
Asim Ahmed Jamali,270,401050041,Badin,Talhar,Mir Sahib Khan Talpur @ Saeedpur,,GBPS ALLAH YAR KHOSO,,Boys,Primary,24.920758668164,68.9287966480854,,,2026-05-12,11:15:55,,Asim Ahmed Jamali,,Government Building,Dangerous,,02,,,,,,Simple Water Cooler,Yes,Partial,,Not available,Not available,Not available,,,,258,,125,,383,,3,3,,,,,,,,,,,,,,,,,,,,,,,,,,,,,,,,,,,,,
Asim Ahmed Jamali,271,401050043,Badin,Talhar,Mir Sahib Ahsan Khan Talpur,,GBPS JAMAN KHOSO,,Boys,Primary,24.9101768552978,68.9208465854314,,,2026-05-12,11:35:09,,Asim Ahmed Jamali,,Government Building,Dangerous,,02,,,,,,NA,No,Partial,,Not available,Not available,Not available,,,,260,,105,,365,,2,2,,,,,,,,,,,,,,,,,,,,,,,,,,,,,,,,,,,,,
Asim Ahmed Jamali,272,401050063,Badin,Talhar,Mir Sahib Khan Talpur @ Saeedpur,,GGPS JAMAN KHOSO,,Girls,Primary,24.9122945406082,68.9194934076069,,,2026-05-12,11:43:26,,Asim Ahmed Jamali,SMC made,Any Other Building,No Boundary Wall,,01,,,,,,NA,No,Partial,,Not available,Not available,Not available,,,,104,,205,,309,,2,1,,,,,,,,,,,,,,,,,,,,,,,,,,,,,,,,,,,,,
Asim Ahmed Jamali,273,401050165,Badin,Talhar,Rajo Khanni-Tc,,GBPS KHAMOON JUNEJO,,Mixed,Primary,24.9805877467459,68.8130070270101,,,2025-12-08,12:18:49,,Asim Ahmed Jamali,Under tree,No Building,Needs Repair,,0,,,,,,Direct Handpump,No,Partial,,Not available,Not available,Not available,,,,156,,143,,299,,1,1,,,,,,,,,,,,,,,,,,,,,,,,,,,,,,,,,,,,,
Asim Ahmed Jamali,274,401050167,Badin,Talhar,Wasi Adil,,GBPS AHMED HALEPOTO,,Mixed,Primary,24.925932368607,68.8355831824236,,,2026-05-13,12:22:22,,Asim Ahmed Jamali,,Government Building,Dangerous,,No,,,,,,,Yes,Partial,,Not available,Not available,Not available,,,,130,,135,,265,,2,2,,,,,,,,,,,,,,,,,,,,,,,,,,,,,,,,,,,,,
Asim Ahmed Jamali,275,401050168,Badin,Talhar,Talhar-Tc,,GBPS MUREED HALEPOTO,,Mixed,Primary,24.9270998908616,68.82650792847,,,2026-05-13,12:06:31,,Asim Ahmed Jamali,Open,Government Building,Dangerous,,02,,,,,,Simple Water Cooler,No,Partial,,Not available,Not available,Not available,,,,170,,159,,329,,2,1,,,,,,,,,,,,,,,,,,,,,,,,,,,,,,,,,,,,,
Asim Ahmed Jamali,276,401050171,Badin,Talhar,Rajo Khanni-Tc,,GBPS NAJAMUDDIN NIZAMANI,,Mixed,Primary,24.990786545768,68.8503098492819,,,2026-04-06,12:53:43,,Ali Hyder Baloch,,Government Building,Dangerous,,02,,,,,,NA,No,Yes,,Not available,Not available,Not available,,,,184,,117,,301,,2,2,,,,,,,,,,,,,,,,,,,,,,,,,,,,,,,,,,,,,
Asim Ahmed Jamali,277,401050172,Badin,Talhar,TC - Rajo Khanani,,GBPS AHSAN DAL,,Mixed,Primary,24.9801694895051,68.8019603486857,,,2026-02-21,12:15:51,,Ali Hyder Baloch,chappra,No Building,No Boundary Wall,,01,,,,,,Direct Handpump,No,Yes,,Not available,Not available,Not available,,,,168,,137,,305,,1,1,,,,,,,,,,,,,,,,,,,,,,,,,,,,,,,,,,,,,
Asim Ahmed Jamali,278,401050173,Badin,Talhar,TC - Rajo Khanani,,GBPS NOOR MUHAMMAD JUNEJO @ AZIM JUNEJO,,Mixed,Primary,24.962362628987,68.877821268538,,,2026-02-21,11:28:54,,Ali Hyder Baloch,,NA,No Boundary Wall,,0,,,,,,Direct Handpump,No,Partial,,Not available,Not available,Not available,,,,132,,143,,275,,1,1,,,,,,,,,,,,,,,,,,,,,,,,,,,,,,,,,,,,,
Asim Ahmed Jamali,279,401050174,Badin,Talhar,TC - Rajo Khanani,,GBPS QASIM JUNEJO,,Mixed,Primary,24.9693194132414,68.8062505422533,,,2026-02-21,12:27:19,,Ali Hyder Baloch,,Government Building,Satisfactory,,02,,,,,,Direct Handpump,Yes,Partial,,Not available,Not available,Not available,,,,180,,137,,317,,2,2,,,,,,,,,,,,,,,,,,,,,,,,,,,,,,,,,,,,,
Asim Ahmed Jamali,280,401050177,Badin,Talhar,Wasi Adil,,GBPS HAJI ABDULLAH TALPUR@USMAN MALLAH,,Mixed,Primary,24.9278940554677,68.8648179176945,,,2026-02-12,13:38:26,,Ali Hyder Baloch,smc made room,Any Other Building,No Boundary Wall,,01,,,,,,NA,No,Partial,,Not available,Not available,Not available,,,,220,,105,,325,,3,1,,,,,,,,,,,,,,,,,,,,,,,,,,,,,,,,,,,,,
Asim Ahmed Jamali,281,401050178,Badin,Talhar,Mir Sahib Khan Talpur @ Saeedpur,,GBPS ISMAIL MEMON@SAWAN DHTO,,Mixed,Primary,24.8784105654495,68.9086626482503,,,2025-12-09,08:32:00,,Asim Ahmed Jamali,Chapra,No Building,No Boundary Wall,,0,,,,,,NA,No,Partial,,Not available,Not available,Not available,,,,136,,125,,261,,2,1,,,,,,,,,,,,,,,,,,,,,,,,,,,,,,,,,,,,,
Asim Ahmed Jamali,282,401050180,Badin,Talhar,Pir Ali Bahadur Shah @ Chaneri,,GBPS GULAN KHASKHELI,,Mixed,Primary,24.839820760449,68.9212261119988,,,2026-05-15,10:49:57,,Ghulam Akber Dal,Open,Government Building,Dangerous,,02,,,,,,NA,No,Partial,,Not available,Not available,Not available,,,,194,,179,,373,,1,1,,,,,,,,,,,,,,,,,,,,,,,,,,,,,,,,,,,,,
Asim Ahmed Jamali,283,401050185,Badin,Talhar,Saeed Pur,,GBPS YOUSIF BHURARO,,Mixed,Primary,24.9313102335272,68.8249629757794,,,2026-05-13,11:52:33,,Asim Ahmed Jamali,,Government Building,Dangerous,,02,,,,,,NA,No,Partial,,Not available,Not available,Not available,,,,210,,207,,417,,2,2,,,,,,,,,,,,,,,,,,,,,,,,,,,,,,,,,,,,,
Asim Ahmed Jamali,284,401050187,Badin,Talhar,Wasi Adil,,GBPS ZUBAIR AHMED MALLAH,,Mixed,Primary,24.8979422935429,68.8117785754799,,,2025-12-20,10:56:47,,Ali Hyder Baloch,Open,No Building,No Boundary Wall,,0,,,,,,Direct Handpump,No,Partial,,Not available,Not available,Not available,,,,352,,301,,653,,5,2,,,,,,,,,,,,,,,,,,,,,,,,,,,,,,,,,,,,,
Asim Ahmed Jamali,285,401050188,Badin,Talhar,TC - Talhar,,GBPS NIM DARS @ GH. MUHAMMAD JUNEJO,,Mixed,Primary,24.8633972873753,68.8191479450462,,,2026-02-14,12:23:37,,Asim Ahmed Jamali,No,Any Other Building,No Boundary Wall,,01,,,,,,Direct Handpump,No,Partial,,Not available,Not available,Not available,,,,274,,189,,463,,2,1,,,,,,,,,,,,,,,,,,,,,,,,,,,,,,,,,,,,,
Asim Ahmed Jamali,286,401050200,Badin,Talhar,Mir Ahasn Ali @ Rajo Khanani,,GBPS JUMOON SAHTO,,Mixed,Primary,24.9412361472303,68.8908299725281,,,2026-05-11,10:22:16,,Asim Ahmed Jamali,,NA,NA,,0,,,,,,NA,NA,Partial,,Not available,Not available,Not available,,,,136,,113,,249,,1,,,,,,,,,,,,,,,,,,,,,,,,,,,,,,,,,,,,,,
Asim Ahmed Jamali,287,401050204,Badin,Talhar,Mir Sahib Khan Talpur @ Saeedpur,,GBPS KAROO KHASKHELI,,Mixed,Primary,24.9686834797308,68.8782209070553,,,2025-12-10,13:14:54,,Asim Ahmed Jamali,,Government Building,Dangerous,,02,,,,,,NA,No,Partial,,Not available,Not available,Not available,,,,234,,207,,441,,2,2,,,,,,,,,,,,,,,,,,,,,,,,,,,,,,,,,,,,,
Asim Ahmed Jamali,288,401050205,Badin,Talhar,Mir Sahib Khan Talpur @ Saeedpur,,GBPS JAMALUDDIN HAJANOO,,Mixed,Primary,24.9199387301133,68.8990536337096,,,2026-05-14,10:59:49,,Asim Ahmed Jamali,Smc made and NGO Hut,Any Other Building,Dangerous,,01,,,,,,NA,No,Partial,,Not available,Not available,Not available,,,,328,,219,,547,,2,2,,,,,,,,,,,,,,,,,,,,,,,,,,,,,,,,,,,,,
Asim Ahmed Jamali,289,401050206,Badin,Talhar,Saeed Pur,,GBPS GUL MUHAMMAD BEHRANI,,Mixed,Primary,24.9258410834621,68.9006294264908,,,2026-05-14,10:47:26,,Asim Ahmed Jamali,,Government Building,No Boundary Wall,,02,,,,,,NA,No,No,,Not available,Not available,Not available,,,,130,,151,,281,,3,3,,,,,,,,,,,,,,,,,,,,,,,,,,,,,,,,,,,,,
Asim Ahmed Jamali,290,401050210,Badin,Talhar,Mir Ahsan Talpur @ Rajo Khanani,,GBPS SHAH BUX LUND,,Mixed,Primary,24.9996768067076,68.8880431771239,,,2026-02-03,11:54:31,,Asim Ahmed Jamali,Smc made,Any Other Building,No Boundary Wall,,01,,,,,,NA,No,Partial,,Not available,Not available,Not available,,,,150,,149,,299,,2,2,,,,,,,,,,,,,,,,,,,,,,,,,,,,,,,,,,,,,
Asim Ahmed Jamali,291,401050212,Badin,Talhar,Mir Ahsan Talpur @ Rajo Khanani,,GBPS HAJI SIDDIQUE METLO,,Mixed,Primary,24.9894276123907,68.8820216097422,,,2026-05-21,11:14:50,,Asim Ahmed Jamali,"Tent,",No Building,No Boundary Wall,,0,,,,,,NA,No,Partial,,Not available,Not available,Not available,,,,262,,227,,489,,2,2,,,,,,,,,,,,,,,,,,,,,,,,,,,,,,,,,,,,,
Asim Ahmed Jamali,292,401050217,Badin,Talhar,Mir Ahsan Talpur @ Rajo Khanani,,GBPS DODO KORI,,Mixed,Primary,24.9721704871612,68.8708823962992,,,2026-02-03,12:18:40,,Asim Ahmed Jamali,Open,Government Building,No Boundary Wall,,02,,,,,,Direct Handpump,No,Partial,,Not available,Not available,Not available,,,,262,,229,,491,,3,3,,,,,,,,,,,,,,,,,,,,,,,,,,,,,,,,,,,,,
Asim Ahmed Jamali,293,401050218,Badin,Talhar,Mir Ahasn Ali @ Rajo Khanani,,GBPS ARAB LUND @ ABDUL MAJEED LUND,,Mixed,Primary,24.9951605304413,68.8971465725734,,,2025-12-10,10:09:26,,Asim Ahmed Jamali,,NA,NA,,0,,,,,,NA,NA,Yes,,Not available,Not available,Not available,,,,138,,137,,275,,,,,,,,,,,,,,,,,,,,,,,,,,,,,,,,,,,,,,,,
Asim Ahmed Jamali,294,401050219,Badin,Talhar,Mir Ahsan Talpur @ Rajo Khanani,,GBPS SAWAN KHASKHELI,,Mixed,Primary,24.9669929465929,68.9007889894754,,,2026-02-23,12:10:50,,Ali Hyder Baloch,,Government Building,Dangerous,,01,,,,,,NA,No,Partial,,Not available,Not available,Not available,,,,148,,165,,313,,1,1,,,,,,,,,,,,,,,,,,,,,,,,,,,,,,,,,,,,,
Asim Ahmed Jamali,295,401050220,Badin,Talhar,Mir Sahib Khan Talpur @ Saeedpur,,GBPS RAMZAN HULLIO,,Mixed,Primary,24.9418074169444,68.9552405482529,,,2025-12-03,11:20:01,,Asim Ahmed Jamali,,Government Building,Dangerous,,02,,,,,,NA,No,Partial,,Not available,Not available,Not available,,,,186,,185,,371,,2,,,,,,,,,,,,,,,,,,,,,,,,,,,,,,,,,,,,,,
Asim Ahmed Jamali,296,401050222,Badin,Talhar,Mir Sahib Ahsan Khan Talpur,,GBPS GANHWAR JAMALI,,Mixed,Primary,24.919092387694,68.9618521869699,,,2026-05-22,10:25:33,,Asim Ahmed Jamali,,NA,NA,,02,,,,,,NA,NA,Partial,,Not available,Not available,Not available,,,,112,,125,,237,,1,,,,,,,,,,,,,,,,,,,,,,,,,,,,,,,,,,,,,,
Asim Ahmed Jamali,297,401050224,Badin,Talhar,Mir Sahib Khan Talpur @ Saeedpur,,GBPS MOLE DINO JAT,,Mixed,Primary,24.9940381454102,68.9381039948989,,,2025-12-10,08:33:08,,Asim Ahmed Jamali,,Government Building,No Boundary Wall,,02,,,,,,Simple Water Cooler,No,Partial,,Not available,Not available,Not available,,,,152,,135,,287,,1,1,,,,,,,,,,,,,,,,,,,,,,,,,,,,,,,,,,,,,
Asim Ahmed Jamali,298,401050235,Badin,Talhar,TC - Rajo Khanani,,GBPS JUMOON RUGH,,Mixed,Primary,24.9633073772553,68.8405519713465,,,2026-05-07,12:07:16,,Asim Ahmed Jamali,Open,Government Building,No Boundary Wall,,02,,,,,,NA,No,Partial,,Not available,Not available,Not available,,,,158,,149,,307,,2,2,,,,,,,,,,,,,,,,,,,,,,,,,,,,,,,,,,,,,
Asim Ahmed Jamali,299,401050238,Badin,Talhar,Talhar-Tc,,GBPS JUMAN MALLAH,,Mixed,Primary,24.9255724286335,68.8122224848456,,,2026-02-20,09:31:01,,Asim Ahmed Jamali,,Government Building,Dangerous,,02,,,,,,NA,No,Partial,,Not available,Not available,Not available,,,,174,,177,,351,,2,1,,,,,,,,,,,,,,,,,,,,,,,,,,,,,,,,,,,,,
Asim Ahmed Jamali,300,401050239,Badin,Talhar,Mir Sahib Khan Talpur @ Saeedpur,,GBPS EIDO KHASKHELI @ JUMOON SHEEDI,,Mixed,Primary,24.9287916330619,68.9552673691017,,,2026-01-12,12:42:26,,Ali Hyder Baloch,chappra,No Building,No Boundary Wall,,0,,,,,,NA,No,Partial,,Not available,Not available,Not available,,,,168,,165,,333,,1,1,,,,,,,,,,,,,,,,,,,,,,,,,,,,,,,,,,,,,
Asim Ahmed Jamali,301,401050249,Badin,Talhar,Mir Sahib Khan Talpur @ Saeedpur,,GBPS DANG JI WASI,,Mixed,Primary,24.9164141157405,68.8900279989842,,,2026-02-26,11:14:57,,Asim Ahmed Jamali,,Government Building,No Boundary Wall,,01,,,,,,NA,No,Partial,,Not available,Not available,Not available,,,,314,,199,,513,,2,2,,,,,,,,,,,,,,,,,,,,,,,,,,,,,,,,,,,,,
Asim Ahmed Jamali,302,401050254,Badin,Talhar,Mir Sahib Ahsan Khan Talpur,,GBPS ABDULLAH KHASKHELI,,Boys,Primary,24.9066774578255,68.9754201435558,,,2026-05-22,10:40:19,,Asim Ahmed Jamali,,NA,NA,,02,,,,,,NA,NA,Partial,,Not available,Not available,Not available,,,,398,,201,,599,,2,,,,,,,,,,,,,,,,,,,,,,,,,,,,,,,,,,,,,,
Asim Ahmed Jamali,303,401050255,Badin,Talhar,Mir Sahib Khan Talpur @ Saeedpur,,GBPS HYDER BHURGRI,,Mixed,Primary,24.9653062870103,68.8905349098734,,,2025-12-10,13:28:02,,Asim Ahmed Jamali,,Government Building,Dangerous,,02,,,,,,NA,No,Partial,,Not available,Not available,Not available,,,,184,,165,,349,,1,1,,,,,,,,,,,,,,,,,,,,,,,,,,,,,,,,,,,,,
Asim Ahmed Jamali,304,401050264,Badin,Talhar,Mir Sahib Khan Talpur @ Saeedpur,,GBPS ESSA BHURGRI,,Mixed,Primary,24.9542637811512,68.897825178505,,,2025-11-17,13:38:27,,Asim Ahmed Jamali,Otaaq,Any Other Building,No Boundary Wall,,02,,,,,,Direct Handpump,Yes,Partial,,Not available,Not available,Not available,,,,182,,173,,355,,2,1,,,,,,,,,,,,,,,,,,,,,,,,,,,,,,,,,,,,,
Asim Ahmed Jamali,305,401050265,Badin,Talhar,Saeed Pur,,GBPS KHAIR MUHAMMED KHOSO,,Mixed,Primary,24.9461752955825,68.9360439709845,,,2026-02-06,12:24:55,,Ali Hyder Baloch,,Government Building,Dangerous,,02,,,,,,NA,No,Yes,,Not available,Not available,Not available,,,,140,,141,,281,,1,1,,,,,,,,,,,,,,,,,,,,,,,,,,,,,,,,,,,,,
Asim Ahmed Jamali,306,401050279,Badin,Talhar,Mir Ahsan Talpur @ Rajo Khanani,,GBLSS AHMED DETHO,,Mixed,Middle,24.9256988608416,68.9315861466526,,,2025-11-18,12:04:30,,Asim Ahmed Jamali,,Government Building,No Boundary Wall,,06,,,,,,Simple Water Cooler,Yes,Partial,,Not available,Available and functional,Not available,,,,670,,359,,1029,,10,9,,,,,,,,,,,,,,,,,,,,,,,,,,,,,,,,,,,,,
Asim Ahmed Jamali,307,401050281,Badin,Talhar,Saeed Pur,,GBPS ALI NAWAZ BHURGRI,,Mixed,Primary,24.9589156624165,68.8971975403045,,,2026-05-11,11:13:25,,Asim Ahmed Jamali,NA,NA,NA,,02,,,,,,NA,NA,Partial,,Not available,Not available,Not available,,,,146,,139,,285,,1,,,,,,,,,,,,,,,,,,,,,,,,,,,,,,,,,,,,,,
Asim Ahmed Jamali,308,401050282,Badin,Talhar,Mir Sahib Khan Talpur @ Saeedpur,,GBPS URIS QAMBRANI,,Mixed,Primary,24.940574285023,68.9596661864738,,,2025-12-03,11:10:21,,Asim Ahmed Jamali,,Government Building,Dangerous,,02,,,,,,NA,No,Partial,,Not available,Not available,Not available,,,,130,,143,,273,,1,1,,,,,,,,,,,,,,,,,,,,,,,,,,,,,,,,,,,,,
Asim Ahmed Jamali,309,401050284,Badin,Talhar,Mir Ahsan Talpur @ Rajo Khanani,,GBPS HUSSAIN NIZAMANI @ RAZI KHAN LNJWAN,,Mixed,Primary,24.984954467889,68.8915622387279,,,2026-02-23,11:38:35,,Ali Hyder Baloch,otaq,Any Other Building,No Boundary Wall,,0,,,,,,NA,No,Partial,,Not available,Not available,Not available,,,,324,,179,,503,,2,2,,,,,,,,,,,,,,,,,,,,,,,,,,,,,,,,,,,,,
Asim Ahmed Jamali,310,401050285,Badin,Talhar,Mir Ahasn Ali @ Rajo Khanani,,GBPS THARO KHAN JAMALI,,Mixed,Primary,24.9488881447802,68.889419808959,,,2026-05-11,10:30:36,,Asim Ahmed Jamali,Open,NA,No Boundary Wall,,0,,,,,,,No,Partial,,Not available,Not available,Not available,,,,176,,153,,329,,1,1,,,,,,,,,,,,,,,,,,,,,,,,,,,,,,,,,,,,,
Asim Ahmed Jamali,311,401050294,Badin,Talhar,Rajo Khanni-Tc,,GBHSS RAJO KHANANI,,Boys,Hi.Secondary,24.9787616963512,68.8545933433352,,,2025-12-02,11:50:41,,Ali Hyder Baloch,Open,Government Building,Satisfactory,,14,,,,,,Simple Water Cooler,Yes,Partial,,Not available,Not available,Available but not functional,,,,2232,,293,,2525,,27,21,,,,,,,,,,,,,,,,,,,,,,,,,,,,,,,,,,,,,
Asim Ahmed Jamali,312,401050304,Badin,Talhar,TC - Talhar,,GGHSS TALHAR,,Girls,Hi.Secondary,24.8855410040263,68.8143199634568,,,2026-02-02,11:53:30,,Ali Hyder Baloch,401050303,Shared with Other Government school building (SEMIS Code),Needs Repair,,16,,,,,,Direct Handpump,Yes,Partial,,Available but not functional,Available but not functional,Not available,,,,104,,2805,,2909,,71,61,,,,,,,,,,,,,,,,,,,,,,,,,,,,,,,,,,,,,
Awais Ahmed Rahimoon,313,401010005,Badin,Badin,Muhammad Khan Bhurgari,,GBPS NABI BUX BHURGARI,,Boys,Primary,24.6046914655802,68.8817211990553,,,2025-12-16,08:41:11,,Asif Ali Talpur,,Government Building,Needs Repair,,04,,,,,,Direct Handpump,No,Partial,,Not available,Not available,Not available,,,,366,,107,,473,,3,3,,,,,,,,,,,,,,,,,,,,,,,,,,,,,,,,,,,,,
Awais Ahmed Rahimoon,314,401010035,Badin,Badin,Badin-Mc,,GBPS ADAM SOOMRO,,Boys,Primary,24.661970007773,68.878464997212,,,2026-05-15,08:35:48,,Awais Ahmed Rahimoon,,Government Building,Satisfactory,,02,,,,,,NA,No,Yes,,Not available,Not available,Available but not functional,,,,250,,105,,355,,2,2,,,,,,,,,,,,,,,,,,,,,,,,,,,,,,,,,,,,,
Awais Ahmed Rahimoon,315,401010037,Badin,Badin,Dr. Abdullah Soomro,,GBPS HAJI AHMED CHANNA,,Boys,Primary,24.6369856486516,68.872293233946,,,2026-05-12,11:55:16,,Awais Ahmed Rahimoon,401010173,Shared with Other Government school building (SEMIS Code),Dangerous,,00,,,,,,Simple Water Cooler,Yes,Partial,,Not available,Not available,Not available,,,,178,,105,,283,,1,1,,,,,,,,,,,,,,,,,,,,,,,,,,,,,,,,,,,,,
Awais Ahmed Rahimoon,316,401010064,Badin,Badin,Badin-Mc,,GBPS HAJI MOOSA SOOMRO,,Mixed,Primary,24.6731830456949,68.8682287797369,,,2026-05-15,09:32:13,,Awais Ahmed Rahimoon,,Pakka/RCC/Tier Guarder,Satisfactory,,02,,,,,,Simple Water Cooler,Yes,Partial,,Not available,Not available,Available but not functional,,,,174,,153,,327,,2,2,,,,,,,,,,,,,,,,,,,,,,,,,,,,,,,,,,,,,
Awais Ahmed Rahimoon,317,401010066,Badin,Badin,Badin-Mc,,GBPS RAMZAN BHATTI,,Boys,Primary,24.6456109182327,68.8485436177433,,,2026-05-11,10:54:19,,Awais Ahmed Rahimoon,,Government Building,No Boundary Wall,,02,,,,,,NA,No,Yes,,Not available,Not available,Available but not functional,,,,152,,155,,307,,2,2,,,,,,,,,,,,,,,,,,,,,,,,,,,,,,,,,,,,,
Awais Ahmed Rahimoon,318,401010118,Badin,Badin,Badin-Mc,,GBPS PANDHI JAT @ GHULAM HYDER KHOSO,,Boys,Primary,24.6429296486895,68.8519754876815,,,2026-05-11,09:49:11,,Awais Ahmed Rahimoon,Hut,No Building,No Boundary Wall,,0,,,,,,NA,No,Partial,,Not available,Not available,Not available,,,,304,,235,,539,,4,4,,,,,,,,,,,,,,,,,,,,,,,,,,,,,,,,,,,,,
Awais Ahmed Rahimoon,319,401010125,Badin,Badin,Haji Soomar Abro,,GGPS MUHAMMAD BACHAL SOOMRO,,Girls,Primary,24.6467806909932,68.9241001015403,,,2025-12-11,10:28:22,,Naseeruddin Korejo,,Government Building,Needs Repair,,03,,,,,,,No,Partial,,Not available,Not available,Not available,,,,104,,345,,449,,3,3,,,,,,,,,,,,,,,,,,,,,,,,,,,,,,,,,,,,,
Awais Ahmed Rahimoon,320,401010135,Badin,Badin,Muhammad Khan Bhurgari,,GGPS NABI BUX BHURGRI,,Girls,Primary,24.6038525477581,68.8819867373506,,,2026-02-02,12:10:42,,Asif Ali Talpur,Open,Government Building,Dangerous,,03,,,,,,NA,No,Partial,,Not available,Not available,Not available,,,,104,,445,,549,,7,6,,,,,,,,,,,,,,,,,,,,,,,,,,,,,,,,,,,,,
Awais Ahmed Rahimoon,321,401010142,Badin,Badin,MC - Badin,,GGPS WARD NO. 5 BADIN,,Girls,Primary,24.6535211731371,68.8409703975914,,,2026-03-05,12:03:52,,Rahul Parkash,,Government Building,Partially Satisfactory,,04,,,,,,NA,No,Yes,,Not available,Not available,Available but not functional,,,,104,,637,,741,,9,8,,,,,,,,,,,,,,,,,,,,,,,,,,,,,,,,,,,,,
Awais Ahmed Rahimoon,322,401010159,Badin,Badin,Badin-Mc,,GGPS BHITTAIABAD BADIN,,Girls,Primary,24.6531884115819,68.8466656306067,,,2026-05-14,09:34:29,,Awais Ahmed Rahimoon,,Government Building,Satisfactory,,03,,,,,,Simple Water Cooler,No,Yes,,Not available,Not available,Not available,,,,234,,287,,521,,10,8,,,,,,,,,,,,,,,,,,,,,,,,,,,,,,,,,,,,,
Awais Ahmed Rahimoon,323,401010162,Badin,Badin,Badin-Mc,,GGPS SIDDIQUE KUMBHAR,,Mixed,Primary,24.6570326554174,68.8482512544092,,,2026-03-07,13:13:15,,Rahul Parkash,,Government Building,Needs Repair,,02,,,,,,NA,No,No,,Not available,Not available,Not available,,,,104,,441,,545,,7,5,,,,,,,,,,,,,,,,,,,,,,,,,,,,,,,,,,,,,
Awais Ahmed Rahimoon,324,401010163,Badin,Badin,MC - Badin,,GGPS QAMBRANI MOHALLA,,Girls,Primary,24.6446967174965,68.8483902873989,,,2026-05-11,10:43:15,,Awais Ahmed Rahimoon,Open,Government Building,No Boundary Wall,,01,,,,,,NA,Yes,Partial,,Not available,Not available,Available but not functional,,,,132,,147,,279,,3,2,,,,,,,,,,,,,,,,,,,,,,,,,,,,,,,,,,,,,
Awais Ahmed Rahimoon,325,401010165,Badin,Badin,MC - Badin,,GGPS ADAM SOOMRO,,Girls,Primary,24.6619724568511,68.8785642396407,,,2026-05-15,08:47:49,,Awais Ahmed Rahimoon,,Government Building,Satisfactory,,01,,,,,,NA,No,Yes,,Not available,Not available,Available but not functional,,,,104,,229,,333,,2,1,,,,,,,,,,,,,,,,,,,,,,,,,,,,,,,,,,,,,
Awais Ahmed Rahimoon,326,401010166,Badin,Badin,Dr. Abdullah Soomro,,GGPS MUHAMMAD IBRAHIM DARS,,Mixed,Primary,24.6766748853075,68.941735617521,,,2026-05-06,12:19:31,,Awais Ahmed Rahimoon,,Pakka/RCC/Tier Guarder,Dangerous,,02,,,,,,NA,No,Yes,,Not available,Not available,Not available,,,,104,,183,,287,,1,1,,,,,,,,,,,,,,,,,,,,,,,,,,,,,,,,,,,,,
Awais Ahmed Rahimoon,327,401010168,Badin,Badin,Dr. Abdullah Soomro,,GGPS YOUSIF SOOMRO,,Girls,Primary,24.661172937177,68.9076769319188,,,2026-05-06,11:07:31,,Awais Ahmed Rahimoon,,Government Building,Satisfactory,,0,,,,,,Simple Water Cooler,Yes,Partial,,Not available,Not available,Not available,,,,104,,313,,417,,3,2,,,,,,,,,,,,,,,,,,,,,,,,,,,,,,,,,,,,,
Awais Ahmed Rahimoon,328,401010335,Badin,Badin,Muhammad Khan Bhurgari,,GBPS HAJI ISMAIL SOOMRO,,Mixed,Primary,24.616928106114,68.86980012089,,,2025-12-16,10:14:12,,Asif Ali Talpur,Open,Government Building,Needs Repair,,01,,,,,,Simple Water Cooler,No,Partial,,Not available,Not available,Not available,,,,174,,221,,395,,4,4,,,,,,,,,,,,,,,,,,,,,,,,,,,,,,,,,,,,,
Awais Ahmed Rahimoon,329,401010458,Badin,Badin,MC - Badin,,GBPS BARRAGE COLONY BADIN,,Mixed,Primary,24.6522429878431,68.8451694360651,,,2026-05-14,09:57:46,,Awais Ahmed Rahimoon,Open,Pakka/RCC/Tier Guarder,Satisfactory,,05,,,,,,Simple Water Cooler,Yes,Yes,,Not available,Not available,Available but not functional,,,,382,,307,,689,,11,10,,,,,,,,,,,,,,,,,,,,,,,,,,,,,,,,,,,,,
Awais Ahmed Rahimoon,330,401010515,Badin,Badin,MC - Badin,,GBELS ISMAIL SOOMRO,,Mixed,Elementary,24.679855493442,68.8684067696417,,,2026-05-15,10:08:14,,Awais Ahmed Rahimoon,,Government Building,Satisfactory,,06,,,,,,Simple Water Cooler,Yes,Yes,,Not available,Not available,Available but not functional,,,,404,,341,,745,,7,7,,,,,,,,,,,,,,,,,,,,,,,,,,,,,,,,,,,,,
Awais Ahmed Rahimoon,331,401010519,Badin,Badin,Haji Soomar Abro,,GBPS HAJI SIDDIQUE ABRO,,Mixed,Primary,24.6555200800224,68.9002485569319,,,2026-05-06,10:22:43,,Awais Ahmed Rahimoon,,Government Building,Needs Repair,,02,,,,,,Simple Water Cooler,No,Partial,,Not available,Not available,Available and functional,,,,174,,181,,355,,2,2,,,,,,,,,,,,,,,,,,,,,,,,,,,,,,,,,,,,,
Awais Ahmed Rahimoon,332,401010520,Badin,Badin,Dr. Abdullah Soomro,,GBPS IBRAHIM DARS,,Boys,Primary,24.676765068267,68.9414513101184,,,2026-05-06,12:08:38,,Awais Ahmed Rahimoon,,Government Building,Dangerous,,02,,,,,,NA,No,Yes,,Not available,Not available,Not available,,,,172,,105,,277,,1,,,,,,,,,,,,,,,,,,,,,,,,,,,,,,,,,,,,,,
Awais Ahmed Rahimoon,333,401010573,Badin,Badin,Haji Soomar Abro,,GBPS IBRAHIM SOOMRO,,Mixed,Primary,24.6702379193504,68.9057108752929,,,2026-05-06,10:37:14,,Awais Ahmed Rahimoon,,Government Building,Satisfactory,,03,,,,,,NA,Yes,Yes,,Not available,Not available,Available and functional,,,,270,,199,,469,,4,4,,,,,,,,,,,,,,,,,,,,,,,,,,,,,,,,,,,,,
Awais Ahmed Rahimoon,334,401010788,Badin,Badin,Dr. Abdullah Soomro,,GBLSS HAJI QASIM ABRO,,Mixed,Middle,24.6391963234539,68.9150087531906,,,2026-01-10,11:41:27,,Awais Ahmed Rahimoon,,Government Building,Needs Repair,,06,,,,,,Electric Water Cooler,Yes,Partial,,Not available,Not available,Available but not functional,,,,830,,189,,1019,,12,11,,,,,,,,,,,,,,,,,,,,,,,,,,,,,,,,,,,,,
Awais Ahmed Rahimoon,335,401010791,Badin,Badin,Badin-Mc,,GBLSS BARRAGE COLONY,,Mixed,Middle,24.6521954485092,68.8450140503708,,,2025-12-17,13:28:52,,Awais Ahmed Rahimoon,,Government Building,Satisfactory,,05,,,,,,Simple Water Cooler,No,No,,Not available,Not available,Available but not functional,,,,310,,109,,419,,5,3,,,,,,,,,,,,,,,,,,,,,,,,,,,,,,,,,,,,,
Awais Ahmed Rahimoon,336,401010798,Badin,Badin,Badin-Mc,,GGHS SIDDIQUE KUMBHAR,,Girls,Secondary,24.6568351957655,68.8480809368181,,,2026-04-08,10:05:00,,Asif Ali Talpur,,Government Building,Satisfactory,,05,,,,,,Simple Water Cooler,Yes,Yes,,Available but not functional,Available but not functional,Not available,,,,104,,319,,423,,17,13,,,,,,,,,,,,,,,,,,,,,,,,,,,,,,,,,,,,,
Awais Ahmed Rahimoon,337,401010800,Badin,Badin,Dr. Abdullah Soomro,,GGLSS AHMED NOOH SOOMRO,,Girls,Middle,24.6369996443245,68.8639998469739,,,2026-05-12,09:39:56,,Awais Ahmed Rahimoon,No,Shared with Other Government school building (SEMIS Code),Satisfactory,,06,,,,,,NA,Neighbour,Partial,,Not available,Not available,Not available,,,,104,,283,,387,,17,14,,,,,,,,,,,,,,,,,,,,,,,,,,,,,,,,,,,,,
Awais Ahmed Rahimoon,338,401040021,Badin,Tando Bago,Auli Khan Shah,,GBPS DOST MUHAMMAD LAGHARI,,Mixed,Primary,24.7899962748536,69.0832851916538,,,2025-12-13,11:01:09,,Ghulam Akber Dal,,Government Building,No Boundary Wall,,02,,,,,,NA,No,Yes,,Not available,Not available,Not available,,,,152,,153,,305,,2,2,,,,,,,,,,,,,,,,,,,,,,,,,,,,,,,,,,,,,
Awais Ahmed Rahimoon,339,401040059,Badin,Tando Bago,Oliya Khan Shah,,GBPS KASIR KHAN CHANDIO,,Mixed,Primary,24.8387205687762,69.1129544456788,,,2025-12-10,10:40:56,,Ameer Ahmed Khoso,,Government Building,Needs Repair,,02,,,,,,NA,No,Partial,,Not available,Not available,Not available,,,,214,,185,,399,,2,2,,,,,,,,,,,,,,,,,,,,,,,,,,,,,,,,,,,,,
Awais Ahmed Rahimoon,340,401040070,Badin,Tando Bago,Pahar Mari,,GBPS HAJI TALIB JUNEJO,,Boys,Primary,24.7231704352664,68.941195163527,,,2026-05-07,08:58:11,,Awais Ahmed Rahimoon,,Government Building,No Boundary Wall,,1,,,,,,NA,No,Partial,,Not available,Not available,Available and functional,,,,272,,105,,377,,3,1,,,,,,,,,,,,,,,,,,,,,,,,,,,,,,,,,,,,,
Awais Ahmed Rahimoon,341,401040127,Badin,Tando Bago,Pahar Mari,,GGPS HAJI AHMED ZAUR,,Girls,Primary,24.7563552200645,68.9550273137286,,,2026-02-13,11:25:02,,Ghulam Akber Dal,,Government Building,Dangerous,,03,,,,,,NA,Yes,Yes,,Not available,Not available,Not available,,,,140,,163,,303,,4,4,,,,,,,,,,,,,,,,,,,,,,,,,,,,,,,,,,,,,
Awais Ahmed Rahimoon,342,401040147,Badin,Tando Bago,Pahar Mari,,GGPS ALLAH WARAYO JAT,,Girls,Primary,24.7690423298965,68.9456301130398,,,2026-05-07,10:46:24,,Awais Ahmed Rahimoon,,NA,NA,,0,,,,,,NA,NA,Partial,,Not available,Not available,Not available,,,,104,,265,,369,,1,,,,,,,,,,,,,,,,,,,,,,,,,,,,,,,,,,,,,,
Awais Ahmed Rahimoon,343,401040149,Badin,Tando Bago,Pahar Mari,,GGPS HAJI TALIB JUNEJO,,Girls,Primary,24.7231801764983,68.9412783089279,,,2026-05-07,09:07:10,,Awais Ahmed Rahimoon,401040070,Shared with Other Government school building (SEMIS Code),No Boundary Wall,,01,,,,,,NA,No,Partial,,Not available,Not available,Not available,,,,104,,173,,277,,1,1,,,,,,,,,,,,,,,,,,,,,,,,,,,,,,,,,,,,,
Awais Ahmed Rahimoon,344,401040168,Badin,Tando Bago,Haji Paryal Buledi @ Waryal Shah Stop,,GGPS SIRAJ DIN HALEPOTA,,Girls,Primary,24.7168296845457,69.0533772121863,,,2025-11-04,10:29:10,,Ali Raza Jafri,401040276,Shared with Other Government school building (SEMIS Code),Dangerous,,03,,,,,,NA,No,No,,Not available,Not available,Not available,,,,104,,149,,253,,2,2,,,,,,,,,,,,,,,,,,,,,,,,,,,,,,,,,,,,,
Awais Ahmed Rahimoon,345,401040203,Badin,Tando Bago,Khalifo Qasim,,GBPS KHALIFO MUHAMMAD HASHIM,,Boys,Primary,24.7770180191865,69.0785712404987,,,2026-01-10,10:48:36,,Behzad Ali Memon,,Government Building,Dangerous,,02,,,,,,Simple Water Cooler,Yes,Partial,,Not available,Not available,Not available,,,,236,,105,,341,,1,1,,,,,,,,,,,,,,,,,,,,,,,,,,,,,,,,,,,,,
Awais Ahmed Rahimoon,346,401040268,Badin,Tando Bago,Saeed Khan Bhurgari,,GBPS QAZI IBRAHIM MEMON,,Mixed,Primary,24.7562346925143,69.0277178535059,,,2025-11-04,11:35:13,,Ali Raza Jafri,,Government Building,No Boundary Wall,,02,,,,,,NA,No,Partial,,Not available,Not available,Not available,,,,190,,211,,401,,1,1,,,,,,,,,,,,,,,,,,,,,,,,,,,,,,,,,,,,,
Awais Ahmed Rahimoon,347,401040363,Badin,Tando Bago,Pahar Mari,,GBPS UMAR MALLAH,,Mixed,Primary,24.7752475964132,68.9590144161382,,,2025-12-19,09:45:42,,Iahtsham Hussain Khatti,,Government Building,No Boundary Wall,,01,,,,,,NA,No,Partial,,Not available,Not available,Not available,,,,226,,217,,443,,3,2,,,,,,,,,,,,,,,,,,,,,,,,,,,,,,,,,,,,,
Awais Ahmed Rahimoon,348,401040375,Badin,Tando Bago,Pahar Mari,,GBPS MAJNOO SHEEDI,,Mixed,Primary,24.7473732742795,68.9656743417677,,,2025-11-22,10:43:33,,Iahtsham Hussain Khatti,,Government Building,Partially Dangerous,,02,,,,,,NA,No,Partial,,Not available,Not available,Not available,,,,194,,181,,375,,1,1,,,,,,,,,,,,,,,,,,,,,,,,,,,,,,,,,,,,,
Awais Ahmed Rahimoon,349,401040379,Badin,Tando Bago,Pahar Mari,,GBPS YOUSAF KHASKHELI,,Mixed,Primary,24.7440981798459,68.955224455396,,,2025-11-22,12:00:53,,Iahtsham Hussain Khatti,,Government Building,No Boundary Wall,,01,,,,,,Simple Water Cooler,No,Yes,,Not available,Not available,Not available,,,,206,,187,,393,,3,3,,,,,,,,,,,,,,,,,,,,,,,,,,,,,,,,,,,,,
Awais Ahmed Rahimoon,350,401040432,Badin,Tando Bago,Pahar Mari,,GBPS ALLAH DINO BAKARI,,Mixed,Primary,24.7378790675778,68.9341717960436,,,2025-11-22,13:37:30,,Iahtsham Hussain Khatti,Otaq,Any Other Building,No Boundary Wall,,NA,,,,,,NA,No,Partial,,Not available,Not available,Available but not functional,,,,184,,147,,331,,1,1,,,,,,,,,,,,,,,,,,,,,,,,,,,,,,,,,,,,,
Awais Ahmed Rahimoon,351,401040480,Badin,Tando Bago,Saeed Khan Bhurgari,,GBPS HAJI MUHAMMAD BULEDI,,Mixed,Primary,24.7040740682677,69.0366965532303,,,2025-12-01,11:29:27,,Abdul Wahab Bhurgri,,Government Building,No Boundary Wall,,01,,,,,,Simple Water Cooler,Yes,Yes,,Not available,Not available,Not available,,,,126,,129,,255,,2,2,,,,,,,,,,,,,,,,,,,,,,,,,,,,,,,,,,,,,
Awais Ahmed Rahimoon,352,401040546,Badin,Tando Bago,Saeed Khan Bhurgari,,GBPS USMAN NAHIYOON,,Mixed,Primary,24.7131408056848,69.0386411542199,,,2025-11-05,10:11:55,,Abdul Wahab Bhurgri,chapra,No Building,No Boundary Wall,,0,,,,,,NA,No,Partial,,Not available,Not available,Not available,,,,128,,131,,259,,1,1,,,,,,,,,,,,,,,,,,,,,,,,,,,,,,,,,,,,,
Awais Ahmed Rahimoon,353,401040579,Badin,Tando Bago,Saeed Khan Bhurgari,,GBPS YAR MUHAMMED HALEPOTO,,Mixed,Primary,24.7091496663597,69.054104089737,,,2025-11-12,10:56:28,,Abdul Wahab Bhurgri,Open,Government Building,No Boundary Wall,,01,,,,,,NA,Yes,Partial,,Not available,Not available,Not available,,,,116,,123,,239,,1,1,,,,,,,,,,,,,,,,,,,,,,,,,,,,,,,,,,,,,
Awais Ahmed Rahimoon,354,401040598,Badin,Tando Bago,Saeed Khan Bhurgari,,GBPS MUHAMMAD KHAN BULADI,,Mixed,Primary,24.6897330689039,69.017848670582,,,2026-02-18,09:40:47,,Ali Raza Jafri,,Government Building,No Boundary Wall,,01,,,,,,NA,No,Partial,,Not available,Not available,Not available,,,,176,,129,,305,,1,1,,,,,,,,,,,,,,,,,,,,,,,,,,,,,,,,,,,,,
Awais Ahmed Rahimoon,355,401040693,Badin,Tando Bago,Saeed Khan Bhurgari,,GBPS TUSEEDINO SAND,,Mixed,Primary,24.7827993596252,69.0654337406159,,,2026-02-23,10:45:33,,Ghulam Akber Dal,,Government Building,Dangerous,,02,,,,,,NA,No,Partial,,Not available,Not available,Not available,,,,180,,139,,319,,2,1,,,,,,,,,,,,,,,,,,,,,,,,,,,,,,,,,,,,,
Ghulam Akber Dal,356,401040036,Badin,Tando Bago,Bahadur Khan Chandio @ Sangi Pharho,,GBPS ABDULLAH DETHO,,Boys,Primary,24.9481135997245,69.2338120926523,,,2026-01-28,11:15:35,,Ghulam Akber Dal,401040725,Shared with Other Government school building (SEMIS Code),Needs Repair,,9,,,,,,NA,No,Partial,,Not available,Not available,Not available,,,,220,,105,,325,,1,1,,,,,,,,,,,,,,,,,,,,,,,,,,,,,,,,,,,,,
Ghulam Akber Dal,357,401040040,Badin,Tando Bago,TC - Tando Bago,,GBPS HAJI QASIM MANGRIO,,Mixed,Primary,24.7799087321862,68.9694573492974,,,2026-05-21,10:19:31,,Ghulam Akber Dal,,Government Building,Partially Satisfactory,,02,,,,,,NA,No,Yes,,Not available,Not available,Not available,,,,168,,173,,341,,1,1,,,,,,,,,,,,,,,,,,,,,,,,,,,,,,,,,,,,,
Ghulam Akber Dal,358,401040051,Badin,Tando Bago,Bahadur Khan Chandio @ Sangi Pharho,,GBPS GHULAM HUSSAIN THEBO,,Mixed,Primary,24.9390301258978,69.2523326961053,,,2025-11-18,12:21:02,,Behzad Ali Memon,,Government Building,No Boundary Wall,,02,,,,,,NA,No,Partial,,Not available,Not available,Not available,,,,196,,145,,341,,1,1,,,,,,,,,,,,,,,,,,,,,,,,,,,,,,,,,,,,,
Ghulam Akber Dal,359,401040061,Badin,Tando Bago,Oliya Khan Shah,,GBPS ALLAH RAKHIO LUND @ ADORI DARL.ULOO,,Mixed,Primary,24.8755376606147,69.0712387562754,,,2025-11-21,08:30:50,,Behzad Ali Memon,madrasa school.,Any Other Building,No Boundary Wall,,0,,,,,,NA,No,No,,Not available,Not available,Not available,,,,156,,147,,303,,1,1,,,,,,,,,,,,,,,,,,,,,,,,,,,,,,,,,,,,,
Ghulam Akber Dal,360,401040081,Badin,Tando Bago,dadah,,GBPS SYED ALLAH DINO SHAH,,Mixed,Primary,24.9377166239855,69.1687577984525,,,2025-12-18,10:27:04,,Behzad Ali Memon,,Government Building,Dangerous,,02,,,,,,NA,No,Yes,,NA,NA,NA,,,,198,,117,,315,,1,1,,,,,,,,,,,,,,,,,,,,,,,,,,,,,,,,,,,,,
Ghulam Akber Dal,361,401040088,Badin,Tando Bago,Oliya Jarkas,,GBELS MUHAMMAD ISHAQUE BHORIO,,Mixed,Elementary,24.7589584391644,69.1684781412428,,,2026-04-17,08:26:20,,Ameer Ahmed Khoso,Open,Government Building,Satisfactory,,07,,,,,,NA,Yes,Partial,,Not available,Not available,Not available,,,,380,,311,,691,,8,5,,,,,,,,,,,,,,,,,,,,,,,,,,,,,,,,,,,,,
Ghulam Akber Dal,362,401040094,Badin,Tando Bago,Oliya Jarkas,,GGPS HAJI ABDUL KHALIQ,,Girls,Primary,24.7490974668607,69.1697882118162,,,2026-04-17,09:33:02,,Ameer Ahmed Khoso,,Government Building,Dangerous,,03,,,,,,NA,Yes,Yes,,Not available,Not available,Available but not functional,,,,104,,169,,273,,3,1,,,,,,,,,,,,,,,,,,,,,,,,,,,,,,,,,,,,,
Ghulam Akber Dal,363,401040131,Badin,Tando Bago,Bahadur Khan Chandio @ Sangi Pharho,,GGPS BAKHO CHANDIO,,Girls,Primary,24.8839968075062,69.1430300517174,,,2025-11-27,11:43:55,,Ameer Ahmed Khoso,401040257,Shared with Other Government school building (SEMIS Code),No Boundary Wall,,,,,,,,NA,No,Partial,,Not available,Not available,Not available,,,,104,,387,,491,,1,1,,,,,,,,,,,,,,,,,,,,,,,,,,,,,,,,,,,,,
Ghulam Akber Dal,364,401040133,Badin,Tando Bago,Khan Bahadur Mir Ghulam Muhammad Talpur,,GGPS HAJI ARAB KATIAR,,Girls,Primary,24.786276737446,68.9235877996681,,,2025-12-01,09:26:52,,Ghulam Akber Dal,,Government Building,No Boundary Wall,,03,,,,,,NA,No,No,,Not available,Not available,Not available,,,,104,,185,,289,,2,2,,,,,,,,,,,,,,,,,,,,,,,,,,,,,,,,,,,,,
Ghulam Akber Dal,365,401040161,Badin,Tando Bago,Bhadur Khan Chandio,,GGPS MUHAMMAD AYOUB CHANDIO,,Girls,Primary,24.9077392823632,69.2044754355015,,,2026-05-12,10:59:02,,Ghulam Akber Dal,smc and community support room,Any Other Building,No Boundary Wall,,2,,,,,,NA,No,Partial,,Not available,Not available,Not available,,,,312,,245,,557,,1,1,,,,,,,,,,,,,,,,,,,,,,,,,,,,,,,,,,,,,
Ghulam Akber Dal,366,401040187,Badin,Tando Bago,Bahadur Khan Chandio @ Sangi Pharho,,GBPS DARYA KHAN LAGHARI,,Mixed,Primary,24.9332365336237,69.2588585609746,,,2025-11-18,12:27:51,,Behzad Ali Memon,,Government Building,Dangerous,,2,,,,,,NA,No,Partial,,Not available,Not available,Available but not functional,,,,228,,217,,445,,1,1,,,,,,,,,,,,,,,,,,,,,,,,,,,,,,,,,,,,,
Ghulam Akber Dal,367,401040195,Badin,Tando Bago,Oliya Jarkas,,GBPS ALLAH BACHAYO DARS,,Mixed,Primary,24.7277323683753,69.2520766040804,,,2026-05-21,09:42:15,,Ali Raza Jafri,Open,Government Building,No Boundary Wall,,02,,,,,,NA,Yes,Partial,,Not available,Not available,Not available,,,,202,,199,,401,,2,2,,,,,,,,,,,,,,,,,,,,,,,,,,,,,,,,,,,,,
Ghulam Akber Dal,368,401040196,Badin,Tando Bago,Oliya Jarkas,,GBELS CHOUDHRI DIN MUHAMMAD,,Boys,Elementary,24.7367908676871,69.2261624399367,,,2026-04-09,10:11:58,,Ghulam Akber Dal,Open,Shared with Other Government school building (SEMIS Code),Partially Satisfactory,,03,,,,,,Simple Water Cooler,Yes,Partial,,Not available,Not available,Available but not functional,,,,532,,105,,637,,7,6,,,,,,,,,,,,,,,,,,,,,,,,,,,,,,,,,,,,,
Ghulam Akber Dal,369,401040202,Badin,Tando Bago,Oliya Khan Shah,,GBELS GUL MUHAMMAD KAPRI,,Mixed,Elementary,24.7684796186793,69.1122919348872,,,2025-12-03,12:55:36,,Ghulam Akber Dal,Open,Any Other Building,No Boundary Wall,,02,,,,,,NA,No,Partial,,Not available,Not available,Not available,,,,266,,263,,529,,2,2,,,,,,,,,,,,,,,,,,,,,,,,,,,,,,,,,,,,,
Ghulam Akber Dal,370,401040210,Badin,Tando Bago,Choudri Deen Muhammad,,GBPS CHOUDHRI BASHIR,,Boys,Primary,24.7128548631849,69.2404205162962,,,2026-02-13,10:02:33,,Ameer Ahmed Khoso,,Government Building,Dangerous,,3,,,,,,NA,Yes,Partial,,Not available,Not available,Available but not functional,,,,218,,171,,389,,1,1,,,,,,,,,,,,,,,,,,,,,,,,,,,,,,,,,,,,,
Ghulam Akber Dal,371,401040250,Badin,Tando Bago,Oliya Khan Shah,,GBPS ABDULLAH KHAN LAGHARI,,Mixed,Primary,24.8517239577218,69.094200430867,,,2025-11-11,12:28:57,,Ameer Ahmed Khoso,,Government Building,Dangerous,,02,,,,,,NA,No,Partial,,Not available,Not available,Not available,,,,168,,139,,307,,1,1,,,,,,,,,,,,,,,,,,,,,,,,,,,,,,,,,,,,,
Ghulam Akber Dal,372,401040251,Badin,Tando Bago,Oliya Khan Shah,,GBPS YOUSUF CHAVRO,,Mixed,Primary,24.858235415925,69.1134265595614,,,2026-05-07,11:22:18,,Ghulam Akber Dal,401040729,Shared with Other Government school building (SEMIS Code),No Boundary Wall,,5,,,,,,NA,No,Partial,,Not available,Not available,Not available,,,,236,,217,,453,,2,1,,,,,,,,,,,,,,,,,,,,,,,,,,,,,,,,,,,,,
Ghulam Akber Dal,373,401040255,Badin,Tando Bago,Dadha,,GBPS HAJI DATOO PANHWAR,,Mixed,Primary,24.8862637286393,69.1018648520809,,,2026-05-11,10:56:28,,Ghulam Akber Dal,otaq,Any Other Building,No Boundary Wall,,0,,,,,,NA,No,Partial,,Not available,Not available,Not available,,,,204,,139,,343,,1,1,,,,,,,,,,,,,,,,,,,,,,,,,,,,,,,,,,,,,
Ghulam Akber Dal,374,401040257,Badin,Tando Bago,Bahadur Khan Chandio @ Sangi Pharho,,GBELS BAKHOO CHANDIO,,Boys,Elementary,24.8840361756602,69.1430421073223,,,2025-11-27,11:39:08,,Ameer Ahmed Khoso,,Government Building,No Boundary Wall,,02,,,,,,NA,No,Partial,,Not available,Not available,Available but not functional,,,,510,,105,,615,,2,2,,,,,,,,,,,,,,,,,,,,,,,,,,,,,,,,,,,,,
Ghulam Akber Dal,375,401040258,Badin,Tando Bago,Bhadur Khan Chandio,,GBPS BAHADUR KHAN CHANDIO,,Mixed,Primary,24.8923855004326,69.1723538071197,,,2025-11-27,13:01:19,,Ameer Ahmed Khoso,one of otaq of villagers,Any Other Building,No Boundary Wall,,0,,,,,,NA,No,Partial,,Not available,Not available,Not available,,,,120,,109,,229,,1,1,,,,,,,,,,,,,,,,,,,,,,,,,,,,,,,,,,,,,
Ghulam Akber Dal,376,401040299,Badin,Tando Bago,Sarang Faqeer @ Haji Sono Khan Jamali,,GBPS SHAH MUHAMMAD JAMALI AT GHULAM MUHA,,Mixed,Primary,24.8578814313338,68.9997419361177,,,2026-01-28,10:07:49,,Behzad Ali Memon,hut,No Building,No Boundary Wall,,0,,,,,,,No,Partial,,Not available,Not available,Not available,,,,206,,143,,349,,1,1,,,,,,,,,,,,,,,,,,,,,,,,,,,,,,,,,,,,,
Ghulam Akber Dal,377,401040320,Badin,Tando Bago,Oliya Jarkas,,GBPS JARKISS (MUKHTYAR),,Boys,Primary,24.7300411011095,69.2393081356999,,,2026-05-21,10:01:36,,Ali Raza Jafri,Open,Any Other Building,No Boundary Wall,,01,,,,,,Direct Handpump,Yes,Yes,,Not available,Not available,Not available,,,,182,,167,,349,,2,1,,,,,,,,,,,,,,,,,,,,,,,,,,,,,,,,,,,,,
Ghulam Akber Dal,378,401040336,Badin,Tando Bago,Gaad @ Hayat Khaskheli,,GBPS GHULAM ABASS TALPUR,,Boys,Primary,24.9638739114685,69.273570466055,,,2025-12-18,12:53:51,,Behzad Ali Memon,,Government Building,Satisfactory,,02,,,,,,NA,No,Partial,,Not available,Not available,Not available,,,,230,,105,,335,,1,1,,,,,,,,,,,,,,,,,,,,,,,,,,,,,,,,,,,,,
Ghulam Akber Dal,379,401040339,Badin,Tando Bago,Bahadur Khan Chandio @ Sangi Pharho,,GBPS URS RIND,,Mixed,Primary,24.9257782801373,69.2008522507061,,,2026-05-12,10:06:09,,Ghulam Akber Dal,,Government Building,No Boundary Wall,,02,,,,,,NA,No,Partial,,Not available,Not available,Not available,,,,248,,185,,433,,1,1,,,,,,,,,,,,,,,,,,,,,,,,,,,,,,,,,,,,,
Ghulam Akber Dal,380,401040349,Badin,Tando Bago,Bahadur Khan Chandio @ Sangi Pharho,,GBPS YOUSIF KHOSO,,Mixed,Primary,24.9318793327024,69.2451239329707,,,2025-11-18,12:41:23,,Behzad Ali Memon,,Government Building,Dangerous,,2,,,,,,NA,No,Partial,,Not available,Not available,Not available,,,,162,,117,,279,,1,1,,,,,,,,,,,,,,,,,,,,,,,,,,,,,,,,,,,,,
Ghulam Akber Dal,381,401040352,Badin,Tando Bago,Sarang Faqeer @ Haji Sono Khan Jamali,,GBPS HAJI ALLAH DINO KHASKHELI @ SACHOO,,Mixed,Primary,24.8677158528128,69.0440290614711,,,2026-02-17,11:10:31,,Ghulam Akber Dal,hut,No Building,No Boundary Wall,,0,,,,,,NA,No,Partial,,Not available,Not available,Not available,,,,134,,135,,269,,1,1,,,,,,,,,,,,,,,,,,,,,,,,,,,,,,,,,,,,,
Ghulam Akber Dal,382,401040366,Badin,Tando Bago,Haji Paryal Buledi @ Waryal Shah Stop,,GBPS JAM GULAN UNAR AT ABDUL SATTAR PATH,,Boys,Primary,24.7686916484958,69.0266149582422,,,2026-05-13,10:09:35,,Ghulam Akber Dal,,Government Building,No Boundary Wall,,01,,,,,,NA,No,Partial,,Not available,Not available,Not available,,,,284,,105,,389,,1,1,,,,,,,,,,,,,,,,,,,,,,,,,,,,,,,,,,,,,
Ghulam Akber Dal,383,401040374,Badin,Tando Bago,Oliya Khan Shah,,GBPS ABDUL KHALIQUE,,Mixed,Primary,24.8067048825752,69.0612754952004,,,2025-12-15,09:27:37,,Ghulam Akber Dal,,Government Building,No Boundary Wall,,01,,,,,,NA,No,Partial,,Not available,Not available,Not available,,,,160,,143,,303,,1,1,,,,,,,,,,,,,,,,,,,,,,,,,,,,,,,,,,,,,
Ghulam Akber Dal,384,401040376,Badin,Tando Bago,TC - Tando Bago,,GBPS SIDDIQUE BHAN,,Boys,Primary,24.7823642087501,68.9382042627331,,,2025-12-12,09:08:07,,Ghulam Akber Dal,otaq,Any Other Building,No Boundary Wall,,0,,,,,,NA,No,Yes,,Not available,Not available,Not available,,,,192,,169,,361,,2,2,,,,,,,,,,,,,,,,,,,,,,,,,,,,,,,,,,,,,
Ghulam Akber Dal,385,401040382,Badin,Tando Bago,Khan Bahadur Mir Ghulam Muhammad Talpur,,GBPS USMAN MALLAH WARYAM JARO,,Mixed,Primary,24.8035357943757,68.9554756660243,,,2026-01-01,08:43:56,,Ghulam Akber Dal,Open,Government Building,Dangerous,,2,,,,,,NA,No,Partial,,Not available,Not available,Not available,,,,214,,175,,389,,3,3,,,,,,,,,,,,,,,,,,,,,,,,,,,,,,,,,,,,,
Ghulam Akber Dal,386,401040383,Badin,Tando Bago,Oliya Khan Shah,,GBPS JAMAL KHAN LAGHARI,,Mixed,Primary,24.8532422681865,69.0841256158584,,,2025-11-11,12:19:14,,Ameer Ahmed Khoso,hut,No Building,No Boundary Wall,,0,,,,,,NA,No,Partial,,Not available,Not available,Not available,,,,174,,131,,305,,1,1,,,,,,,,,,,,,,,,,,,,,,,,,,,,,,,,,,,,,
Ghulam Akber Dal,387,401040407,Badin,Tando Bago,dadah,,GBPS YAQOOB KHASKHELI,,Boys,Primary,24.9300125596273,69.12203370355,,,2025-12-18,09:21:41,,Behzad Ali Memon,community supported rooms,Any Other Building,Dangerous,,2,,,,,,Simple Water Cooler,No,Yes,,Not available,Not available,Not available,,,,264,,105,,369,,1,1,,,,,,,,,,,,,,,,,,,,,,,,,,,,,,,,,,,,,
Ghulam Akber Dal,388,401040410,Badin,Tando Bago,Dadha,,GBPS MUHAMMAD USMAN CHANDIO,,Mixed,Primary,24.956159362055,69.179605955554,,,2025-11-20,12:48:24,,Behzad Ali Memon,smc room,Any Other Building,No Boundary Wall,,0,,,,,,NA,Yes,Partial,,Not available,Not available,Not available,,,,220,,139,,359,,1,1,,,,,,,,,,,,,,,,,,,,,,,,,,,,,,,,,,,,,
Ghulam Akber Dal,389,401040444,Badin,Tando Bago,Oliya Khan Shah,,GBPS SULTAN SENHARO,,Boys,Primary,24.8782527211432,69.1154038128124,,,2026-05-07,10:05:00,,Ghulam Akber Dal,,Government Building,No Boundary Wall,,2,,,,,,NA,No,Partial,,Not available,Not available,Not available,,,,168,,147,,315,,1,1,,,,,,,,,,,,,,,,,,,,,,,,,,,,,,,,,,,,,
Ghulam Akber Dal,390,401040466,Badin,Tando Bago,TC - Tando Bago,,GBPS ALLAH DINO SARKI,,Mixed,Primary,24.7707401444337,68.9993637302791,,,2026-05-25,11:11:32,,Ghulam Akber Dal,,Government Building,Needs Repair,,01,,,,,,Simple Water Cooler,No,Partial,,Not available,Not available,Not available,,,,202,,151,,353,,2,2,,,,,,,,,,,,,,,,,,,,,,,,,,,,,,,,,,,,,
Ghulam Akber Dal,391,401040472,Badin,Tando Bago,Saeed Khan Bhurgari,,GBPS ALLAH DITO PATHAN,,Mixed,Primary,24.7721267979754,69.0406786760246,,,2026-05-13,09:55:42,,Ghulam Akber Dal,,Government Building,Dangerous,,02,,,,,,Simple Water Cooler,No,Partial,,Not available,Not available,Available and functional,,,,236,,241,,477,,1,1,,,,,,,,,,,,,,,,,,,,,,,,,,,,,,,,,,,,,
Ghulam Akber Dal,392,401040474,Badin,Tando Bago,Tando Bago-Tc,,GBPS SOOMAR JARO,,Mixed,Primary,24.7968675674233,68.9496288359907,,,2026-05-08,10:32:29,,Ghulam Akber Dal,,Government Building,Dangerous,,01,,,,,,NA,No,Partial,,Not available,Not available,Not available,,,,172,,125,,297,,2,2,,,,,,,,,,,,,,,,,,,,,,,,,,,,,,,,,,,,,
Ghulam Akber Dal,393,401040475,Badin,Tando Bago,Oliya Khan Shah,,GBPS MUHAMMAD QASIM UNAR,,Mixed,Primary,24.8350628913734,69.043475425825,,,2025-11-13,11:03:41,,Ghulam Akber Dal,,Government Building,No Boundary Wall,,02,,,,,,NA,No,Partial,,Not available,Not available,Not available,,,,132,,147,,279,,2,2,,,,,,,,,,,,,,,,,,,,,,,,,,,,,,,,,,,,,
Ghulam Akber Dal,394,401040491,Badin,Tando Bago,Oliya Jarkas,,GBPS ALI MUHAMMAD KHASKHELI,,Mixed,Primary,24.7303757639633,69.2168801854569,,,2026-01-09,10:50:50,,Ameer Ahmed Khoso,Open,Government Building,No Boundary Wall,,02,,,,,,NA,Yes,Partial,,Not available,Not available,Not available,,,,,,,,,,2,1,,,,,,,,,,,,,,,,,,,,,,,,,,,,,,,,,,,,,
Ghulam Akber Dal,395,401040502,Badin,Tando Bago,Sangi Pharho,,GBPS SOBDAR JAMALI,,Mixed,Primary,24.9399833603075,69.2085939602468,,,2025-12-18,11:06:47,,Behzad Ali Memon,Open,Any Other Building,No Boundary Wall,,0,,,,,,NA,No,Partial,,Not available,Not available,Not available,,,,364,,105,,469,,1,1,,,,,,,,,,,,,,,,,,,,,,,,,,,,,,,,,,,,,
Ghulam Akber Dal,396,401040553,Badin,Tando Bago,Bahadur Khan Chandio @ Sangi Pharho,,GBPS PIR BUX KHOSO @ GOHRAM CHANDIO,,Mixed,Primary,24.8867462560636,69.1801017570871,,,2025-11-27,13:22:00,,Ameer Ahmed Khoso,smc based one room,Any Other Building,No Boundary Wall,,2,,,,,,NA,No,Partial,,Not available,Not available,Not available,,,,136,,135,,271,,1,1,,,,,,,,,,,,,,,,,,,,,,,,,,,,,,,,,,,,,
Ghulam Akber Dal,397,401040555,Badin,Tando Bago,Sarang Faqir @ Sono Khan Jamali,,GBPS RUSTAM MALLAH,,Mixed,Primary,24.8571459970466,69.0656107721451,,,2025-11-20,09:20:42,,Ghulam Akber Dal,Open,Government Building,No Boundary Wall,,01,,,,,,NA,No,Partial,,Not available,Not available,Not available,,,,146,,123,,269,,1,1,,,,,,,,,,,,,,,,,,,,,,,,,,,,,,,,,,,,,
Ghulam Akber Dal,398,401040559,Badin,Tando Bago,Auli Khan Shah,,GBPS JAN MUHAMMAD LUND,,Mixed,Primary,24.8103792856051,69.041100984853,,,2026-05-06,09:46:56,,Ghulam Akber Dal,,Government Building,No Boundary Wall,,01,,,,,,NA,No,Partial,,Not available,Not available,Not available,,,,180,,139,,319,,1,1,,,,,,,,,,,,,,,,,,,,,,,,,,,,,,,,,,,,,
Ghulam Akber Dal,399,401040570,Badin,Tando Bago,TC - Tando Bago,,GBPS KHITO KOHLI,,Boys,Primary,24.7821303046724,68.9481759847071,,,2026-05-29,10:00:40,,Ghulam Akber Dal,,Government Building,Dangerous,,02,,,,,,NA,No,Partial,,Not available,Not available,Not available,,,,170,,183,,353,,2,1,,,,,,,,,,,,,,,,,,,,,,,,,,,,,,,,,,,,,
Ghulam Akber Dal,400,401040640,Badin,Tando Bago,TC - Tando Bago,,GBPS MUHAMMAD MOOSA NEWABAD NO 02,,Mixed,Primary,24.7808731047769,68.9611540179021,,,2026-05-21,09:54:33,,Ghulam Akber Dal,,Government Building,No Boundary Wall,,01,,,,,,Simple Water Cooler,No,Partial,,Not available,Not available,Not available,,,,178,,197,,375,,3,3,,,,,,,,,,,,,,,,,,,,,,,,,,,,,,,,,,,,,
Ghulam Akber Dal,401,401040648,Badin,Tando Bago,Bahadur Khan Chandio @ Sangi Pharho,,GBPS HAJI ESSO KHAN CHANDIO,,Mixed,Primary,24.9068667810258,69.2004435843818,,,2026-05-12,11:09:16,,Ghulam Akber Dal,,Government Building,Needs Repair,,2,,,,,,NA,Yes,Partial,,Not available,Not available,Not available,,,,378,,257,,635,,3,2,,,,,,,,,,,,,,,,,,,,,,,,,,,,,,,,,,,,,
Ghulam Akber Dal,402,401040680,Badin,Tando Bago,Oliya Khan Shah,,GBPS ABDUL GHANI UNER,,Mixed,Primary,24.8417395702946,69.0475988770483,,,2025-11-13,11:33:35,,Ghulam Akber Dal,Open,Government Building,Partially Satisfactory,,0,,,,,,NA,No,Partial,,Not available,Not available,Not available,,,,136,,131,,267,,1,1,,,,,,,,,,,,,,,,,,,,,,,,,,,,,,,,,,,,,
Ghulam Akber Dal,403,401040725,Badin,Tando Bago,Sangi Pharho,,GBLSS ABDULLAH DETHO,,Mixed,Middle,24.9480941136775,69.233836207636,,,2026-01-29,10:44:07,,Behzad Ali Memon,,Pakka/RCC/Tier Guarder,Needs Repair,,9,,,,,,,No,Partial,,Not available,Not available,Not available,,,,178,,115,,293,,7,4,,,,,,,,,,,,,,,,,,,,,,,,,,,,,,,,,,,,,
Ghulam Akber Dal,404,401040729,Badin,Tando Bago,Auli Khan Shah,,GBLSS YOUSIF CHAWRO,,Boys,Middle,24.8582635377766,69.1134001396012,,,2026-05-07,10:59:09,,Ghulam Akber Dal,Open,Government Building,No Boundary Wall,,5,,,,,,NA,No,Partial,,Not available,Not available,Not available,,,,166,,165,,331,,4,4,,,,,,,,,,,,,,,,,,,,,,,,,,,,,,,,,,,,,
Ghulam Akber Dal,405,401040743,Badin,Tando Bago,TC - Tando Bago,,GGHSS TANDO BAGO,,Girls,Hi.Secondary,24.7879272753156,68.9630957543919,,,2026-05-14,10:05:29,,Ghulam Akber Dal,,Government Building,Needs Repair,,21,,,,,,Electric Water Cooler,Yes,Partial,,Not available,Not available,Available and functional,,,,104,,2455,,2559,,60,46,,,,,,,,,,,,,,,,,,,,,,,,,,,,,,,,,,,,,
Iahtsham Hussain Khatti,406,401010020,Badin,Badin,Kadi Kazia,,GBPS HAJI USMAN CHANDIO,,Mixed,Primary,24.6241529902615,68.7809425590437,,,2026-05-07,08:59:51,,Iahtsham Hussain Khatti,,NA,NA,,2,,,,,,NA,NA,Yes,,Not available,Not available,Available and functional,,,,194,,119,,313,,1,,,,,,,,,,,,,,,,,,,,,,,,,,,,,,,,,,,,,,
Iahtsham Hussain Khatti,407,401010021,Badin,Badin,Kadi Kazia,,GBPS HAJI HASHIM CHANDIO,,Mixed,Primary,24.6395425211509,68.7836301334696,,,2026-05-07,08:41:25,,Iahtsham Hussain Khatti,,Government Building,Satisfactory,,02,,,,,,Simple Water Cooler,Yes,Yes,,Not available,Not available,Available and functional,,,,218,,141,,359,,1,1,,,,,,,,,,,,,,,,,,,,,,,,,,,,,,,,,,,,,
Iahtsham Hussain Khatti,408,401010026,Badin,Badin,Kadi Kazia,,GBPS HAJI SALEH JUNEJO,,Mixed,Primary,24.7114924521113,68.8152480060917,,,2026-05-05,09:20:08,,Iahtsham Hussain Khatti,,Government Building,No Boundary Wall,,02,,,,,,NA,No,Yes,,Not available,Not available,Available but not functional,,,,248,,105,,353,,2,2,,,,,,,,,,,,,,,,,,,,,,,,,,,,,,,,,,,,,
Iahtsham Hussain Khatti,409,401010027,Badin,Badin,Kadi Kazia,,GBPS YOUSIF SHAH,,Boys,Primary,24.7262787909094,68.8208314750275,,,2026-05-11,10:03:01,,Iahtsham Hussain Khatti,,Government Building,Dangerous,,06,,,,,,NA,No,Yes,,Not available,Not available,Available but not functional,,,,212,,171,,383,,2,2,,,,,,,,,,,,,,,,,,,,,,,,,,,,,,,,,,,,,
Iahtsham Hussain Khatti,410,401010052,Badin,Badin,Kadi Kazia,,GBPS WALI MUHAMMAD NIZAMANI,,Mixed,Primary,24.7241839670165,68.8013112543028,,,2025-12-11,10:00:27,,Awais Ahmed Rahimoon,,Government Building,No Boundary Wall,,02,,,,,,NA,No,Yes,,Not available,Not available,Not available,,,,148,,139,,287,,1,1,,,,,,,,,,,,,,,,,,,,,,,,,,,,,,,,,,,,,
Iahtsham Hussain Khatti,411,401010055,Badin,Badin,Kadi Kazia,,GBPS ARAB MALLAH,,Boys,Primary,24.7377109898151,68.7628456950188,,,2025-11-13,10:31:50,,Awais Ahmed Rahimoon,,Government Building,Needs Repair,,01,,,,,,NA,No,Yes,,Not available,Not available,Available and functional,,,,196,,165,,361,,2,1,,,,,,,,,,,,,,,,,,,,,,,,,,,,,,,,,,,,,
Iahtsham Hussain Khatti,412,401010072,Badin,Badin,MC - Badin,,GBPS HAJI DINO CHANDIO,,Mixed,Primary,24.6709995753081,68.8351940333711,,,2025-12-02,08:29:28,,Rahul Parkash,,Government Building,Needs Repair,,02,,,,,,NA,No,Yes,,Not available,Not available,Not available,,,,388,,261,,649,,7,5,,,,,,,,,,,,,,,,,,,,,,,,,,,,,,,,,,,,,
Iahtsham Hussain Khatti,413,401010080,Badin,Badin,Seerani,,GBPS MOOSA SAMEJO,,Mixed,Primary,24.4988109216365,68.7542867662509,,,2026-05-21,09:54:40,,Iahtsham Hussain Khatti,Open,Government Building,Dangerous,,02,,,,,,NA,No,Partial,,Not available,Not available,Not available,,,,146,,125,,271,,1,1,,,,,,,,,,,,,,,,,,,,,,,,,,,,,,,,,,,,,
Iahtsham Hussain Khatti,414,401010099,Badin,Badin,Kadi Kazia,,GBPS HAJI MANDHRO,,Mixed,Primary,24.6909735194855,68.7746769193807,,,2026-02-11,12:13:47,,Iahtsham Hussain Khatti,,Pakka/RCC/Tier Guarder,No Boundary Wall,,02,,,,,,Direct Handpump,No,Yes,,Not available,Not available,Available and functional,,,,216,,161,,377,,2,1,,,,,,,,,,,,,,,,,,,,,,,,,,,,,,,,,,,,,
Iahtsham Hussain Khatti,415,401010114,Badin,Badin,Kadi Kazia,,GBPS HAJI ALI BUX CHANDIO,,Boys,Primary,24.6444427872701,68.7755191302308,,,2025-12-20,10:37:51,,Awais Ahmed Rahimoon,hut,No Building,No Boundary Wall,,0,,,,,,Simple Water Cooler,No,Partial,,Not available,Not available,Available and functional,,,,168,,125,,293,,1,1,,,,,,,,,,,,,,,,,,,,,,,,,,,,,,,,,,,,,
Iahtsham Hussain Khatti,416,401010117,Badin,Badin,Pir Fatah Shah,,GBPS HAJI AHMED BROHI @ ISHAQUE MALLAH,,Mixed,Primary,24.5535518702082,68.7830708842606,,,2026-05-08,09:02:15,,Iahtsham Hussain Khatti,,Government Building,Satisfactory,,06,,,,,,Simple Water Cooler,No,Yes,,Not available,Not available,Available and functional,,,,260,,239,,499,,2,2,,,,,,,,,,,,,,,,,,,,,,,,,,,,,,,,,,,,,
Iahtsham Hussain Khatti,417,401010153,Badin,Badin,Kadi Kazia,,GGPS HAJI SALEH JUNEJO,,Mixed,Primary,24.7130161191382,68.8159015805719,,,2026-05-05,09:38:15,,Iahtsham Hussain Khatti,,Government Building,Dangerous,,02,,,,,,NA,No,Yes,,Not available,Not available,Available but not functional,,,,104,,151,,255,,1,1,,,,,,,,,,,,,,,,,,,,,,,,,,,,,,,,,,,,,
Iahtsham Hussain Khatti,418,401010156,Badin,Badin,MC - Badin,,GGPS RAIS KARIM BUX JAMALI,,Girls,Primary,24.6756439316121,68.8468578469749,,,2026-05-13,11:34:34,,Iahtsham Hussain Khatti,,Government Building,No Boundary Wall,,0,,,,,,NA,No,Yes,,Not available,Not available,Available but not functional,,,,104,,357,,461,,5,5,,,,,,,,,,,,,,,,,,,,,,,,,,,,,,,,,,,,,
Iahtsham Hussain Khatti,419,401010239,Badin,Badin,Seerani,,GBPS YOUSIF WARAR,,Mixed,Primary,24.4770425994658,68.7304821618395,,,2026-05-15,09:15:58,,Iahtsham Hussain Khatti,,Government Building,Needs Repair,,01,,,,,,Simple Water Cooler,Yes,Partial,,Not available,Not available,Not available,,,,182,,191,,373,,2,1,,,,,,,,,,,,,,,,,,,,,,,,,,,,,,,,,,,,,
Iahtsham Hussain Khatti,420,401010256,Badin,Badin,Qazia Wah Stop,,GBPS SOOMAR PERHIAR,,Mixed,Primary,24.5833195770317,68.7667536737521,,,2026-05-25,08:56:23,,Iahtsham Hussain Khatti,Closed During Visit,NA,NA,,02,,,,,,NA,NA,Yes,,Not available,Not available,Available and functional,,,,202,,159,,361,,1,,,,,,,,,,,,,,,,,,,,,,,,,,,,,,,,,,,,,,
Iahtsham Hussain Khatti,421,401010261,Badin,Badin,Kadi Kazia,,GBPS NAZAR ALI CHANDIO,,Mixed,Primary,24.6712932998175,68.7637308238944,,,2025-12-20,11:25:43,,Awais Ahmed Rahimoon,,Government Building,Needs Repair,,01,,,,,,Simple Water Cooler,Yes,Yes,,Not available,Not available,Available and functional,,,,206,,207,,413,,1,1,,,,,,,,,,,,,,,,,,,,,,,,,,,,,,,,,,,,,
Iahtsham Hussain Khatti,422,401010265,Badin,Badin,Kadi Kazia,,GBPS SAWAN CHANDIO @ ABDUL RAHIM NIZAMAN,,Mixed,Primary,24.733171674735,68.8054351498357,,,2026-02-14,11:33:52,,Awais Ahmed Rahimoon,,Government Building,Satisfactory,,02,,,,,,Simple Water Cooler,No,Yes,,Not available,Not available,Available and functional,,,,178,,155,,333,,1,1,,,,,,,,,,,,,,,,,,,,,,,,,,,,,,,,,,,,,
Iahtsham Hussain Khatti,423,401010273,Badin,Badin,Sial,,GBPS BACHAL PATHAN,,Mixed,Primary,24.7332595888847,68.86824041605,,,2026-05-13,10:46:30,,Iahtsham Hussain Khatti,,Government Building,No Boundary Wall,,02,,,,,,NA,No,Yes,,Not available,Not available,Available but not functional,,,,138,,131,,269,,1,1,,,,,,,,,,,,,,,,,,,,,,,,,,,,,,,,,,,,,
Iahtsham Hussain Khatti,424,401010274,Badin,Badin,Kadi Kazia,,GBPS HAJI BILAWAL CHANDIO,,Mixed,Primary,24.7010208270622,68.831883073449,,,2026-05-05,09:02:33,,Iahtsham Hussain Khatti,,Government Building,Dangerous,,02,,,,,,NA,No,Yes,,Not available,Not available,Available but not functional,,,,202,,145,,347,,2,2,,,,,,,,,,,,,,,,,,,,,,,,,,,,,,,,,,,,,
Iahtsham Hussain Khatti,425,401010275,Badin,Badin,Sial,,GBPS WALI MUHAMMAD JAMALI,,Mixed,Primary,24.7077142042735,68.8565003030224,,,2026-05-13,09:22:36,,Iahtsham Hussain Khatti,Open,Government Building,Dangerous,,02,,,,,,NA,No,Yes,,Not available,Not available,Available but not functional,,,,168,,153,,321,,2,2,,,,,,,,,,,,,,,,,,,,,,,,,,,,,,,,,,,,,
Iahtsham Hussain Khatti,426,401010278,Badin,Badin,Kadi Kazia,,GBPS KHAN MUHAMMAD NIZAMANI,,Mixed,Primary,24.7394308510971,68.8063108928995,,,2026-02-14,11:40:50,,Rahul Parkash,,Government Building,No Boundary Wall,,01,,,,,,NA,No,Yes,,Not available,Not available,Available and functional,,,,224,,169,,393,,2,2,,,,,,,,,,,,,,,,,,,,,,,,,,,,,,,,,,,,,
Iahtsham Hussain Khatti,427,401010389,Badin,Badin,MC - Badin,,GBPS NOOR HASSAN KHASKHELI,,Mixed,Primary,24.6845031595739,68.8548347350956,,,2026-05-13,08:27:18,,Iahtsham Hussain Khatti,,Pakka/RCC/Tier Guarder,Needs Repair,,01,,,,,,NA,No,Yes,,Not available,Not available,Not available,,,,144,,149,,293,,1,1,,,,,,,,,,,,,,,,,,,,,,,,,,,,,,,,,,,,,
Iahtsham Hussain Khatti,428,401010390,Badin,Badin,Kadi Kazia,,GBPS ALI MUHAMMAD SOOMRO,,Mixed,Primary,24.712757637677,68.8537698974464,,,2026-05-13,09:46:03,,Iahtsham Hussain Khatti,Open,No Building,No Boundary Wall,,0,,,,,,Simple Water Cooler,No,Partial,,Not available,Not available,Not available,,,,170,,153,,323,,2,2,,,,,,,,,,,,,,,,,,,,,,,,,,,,,,,,,,,,,
Iahtsham Hussain Khatti,429,401010391,Badin,Badin,Kadi Kazia,,GBPS MUHAMMAD HASSAN PATHAN,,Mixed,Primary,24.7242988845173,68.8454657721162,,,2026-05-13,10:33:19,,Iahtsham Hussain Khatti,Open,Government Building,No Boundary Wall,,01,,,,,,NA,No,Yes,,Not available,Not available,Available but not functional,,,,126,,125,,251,,1,1,,,,,,,,,,,,,,,,,,,,,,,,,,,,,,,,,,,,,
Iahtsham Hussain Khatti,430,401010444,Badin,Badin,Kadi Kazia,,GBPS HAJI AHMED OTHO,,Mixed,Primary,24.7431399230272,68.7860977652668,,,2026-02-14,12:16:31,,Rahul Parkash,,Government Building,No Boundary Wall,,01,,,,,,NA,No,Yes,,Not available,Not available,Available and functional,,,,140,,137,,277,,1,1,,,,,,,,,,,,,,,,,,,,,,,,,,,,,,,,,,,,,
Iahtsham Hussain Khatti,431,401010449,Badin,Badin,Kadi Kazia,,GBPS ALLAH WARAYO KHASKHELI,,Mixed,Primary,24.7124415002899,68.7534499170382,,,2025-11-13,10:56:17,,Awais Ahmed Rahimoon,Open,Government Building,No Boundary Wall,,02,,,,,,Simple Water Cooler,No,Yes,,Not available,Not available,Available and functional,,,,174,,125,,299,,1,1,,,,,,,,,,,,,,,,,,,,,,,,,,,,,,,,,,,,,
Iahtsham Hussain Khatti,432,401010452,Badin,Badin,Kadi Kazia,,GBPS FAQEER KOLHI,,Mixed,Primary,24.7142481951791,68.8074427840611,,,2025-12-11,09:18:54,,Awais Ahmed Rahimoon,Functional in Open Air,No Building,No Boundary Wall,,0,,,,,,NA,No,Partial,,Not available,Not available,Available and functional,,,,168,,137,,305,,1,1,,,,,,,,,,,,,,,,,,,,,,,,,,,,,,,,,,,,,
Iahtsham Hussain Khatti,433,401010453,Badin,Badin,Kadi Kazia,,GBPS JAMALUDDIN CHANDIO,,Mixed,Primary,24.674123061705,68.7615126371384,,,2025-12-20,11:44:09,,Awais Ahmed Rahimoon,Open,Government Building,Satisfactory,,02,,,,,,NA,No,Yes,,Not available,Not available,Available and functional,,,,118,,139,,257,,1,1,,,,,,,,,,,,,,,,,,,,,,,,,,,,,,,,,,,,,
Iahtsham Hussain Khatti,434,401010459,Badin,Badin,MC - Badin,,GBPS POLICE COLONY BADIN,,Boys,Primary,24.6765390223546,68.8252385702126,,,2026-02-02,11:48:01,,Zeb Ali Rajo,,Government Building,Satisfactory,,04,,,,,,,No,Yes,,Not available,Not available,Available and functional,,,,360,,219,,579,,8,8,,,,,,,,,,,,,,,,,,,,,,,,,,,,,,,,,,,,,
Iahtsham Hussain Khatti,435,401010492,Badin,Badin,Seerani,,GBPS HAJI MANDHRO @ MISRI MANDHRO,,Mixed,Primary,24.5041486793385,68.7303990126649,,,2026-05-21,10:22:21,,Iahtsham Hussain Khatti,Open,Government Building,No Boundary Wall,,02,,,,,,NA,No,Partial,,Not available,Not available,Not available,,,,214,,177,,391,,2,2,,,,,,,,,,,,,,,,,,,,,,,,,,,,,,,,,,,,,
Iahtsham Hussain Khatti,436,401010531,Badin,Badin,Kadi Kazia,,GBPS LAKHA DINO SAREJO,,Mixed,Primary,24.7150071719694,68.7892171745497,,,2025-12-11,09:35:05,,Awais Ahmed Rahimoon,,Government Building,Dangerous,,02,,,,,,NA,No,Yes,,Not available,Not available,Available and functional,,,,142,,113,,255,,1,1,,,,,,,,,,,,,,,,,,,,,,,,,,,,,,,,,,,,,
Iahtsham Hussain Khatti,437,401010724,Badin,Badin,Kadi Kazia,,GBPS HAJI JAN MUHAMMAD CHANDIO,,Mixed,Primary,24.7550338942511,68.8073475661873,,,2026-01-12,12:42:23,,Awais Ahmed Rahimoon,,Government Building,No Boundary Wall,,01,,,,,,Direct Handpump,No,Yes,,Not available,Not available,Available and functional,,,,220,,193,,413,,2,2,,,,,,,,,,,,,,,,,,,,,,,,,,,,,,,,,,,,,
Iahtsham Hussain Khatti,438,401010725,Badin,Badin,Pir Fatah Shah,,GBPS ABDUL LATIF JAT,,Mixed,Primary,24.5408210630829,68.7775763868293,,,2026-05-08,09:21:57,,Iahtsham Hussain Khatti,,NA,NA,,01,,,,,,NA,NA,No,,Not available,Not available,Available but not functional,,,,108,,109,,217,,1,,,,,,,,,,,,,,,,,,,,,,,,,,,,,,,,,,,,,,
Iahtsham Hussain Khatti,439,401010802,Badin,Badin,MC - Badin,,GGLSS YOUSIF SHAH,,Girls,Middle,24.7252526990327,68.8215739960533,,,2026-05-11,10:20:48,,Iahtsham Hussain Khatti,Open,Shared with Other Government school building (SEMIS Code),No Boundary Wall,,06,,,,,,NA,No,No,,Not available,Not available,Available but not functional,,,,106,,121,,227,,6,3,,,,,,,,,,,,,,,,,,,,,,,,,,,,,,,,,,,,,
Iahtsham Hussain Khatti,440,401010814,Badin,Badin,Kadi Kazia,,GBELS MORJHAR,,Mixed,Elementary,24.6542671909714,68.7317830393689,,,2025-11-19,08:28:45,,Awais Ahmed Rahimoon,,Government Building,Satisfactory,,014,,,,,,Overhead Water Tank,Yes,Yes,,Not available,Not available,Available but not functional,,,,1520,,421,,1941,,20,13,,,,,,,,,,,,,,,,,,,,,,,,,,,,,,,,,,,,,
Iahtsham Hussain Khatti,441,401010820,Badin,Badin,MC - Badin,,GBHS DR ABDUL JABBAR JUNEJO BADIN,,Boys,Secondary,24.6665671591496,68.8342487742527,,,2026-03-10,10:18:25,,Rahul Parkash,,Government Building,Satisfactory,,056,,,,,,Simple Water Cooler,Yes,Yes,,Available and functional,Available and functional,Available and functional,,,,6038,,311,,6349,,95,83,,,,,,,,,,,,,,,,,,,,,,,,,,,,,,,,,,,,,
Iahtsham Hussain Khatti,442,401010827,Badin,Badin,Qazia Wah Stop,,GBHS GHULAM HUSSAIN PARHIYAR,,Mixed,Secondary,24.5485285059778,68.7276792538162,,,2025-11-08,09:02:15,,Awais Ahmed Rahimoon,Open,Government Building,Satisfactory,,08,,,,,,Simple Water Cooler,Yes,Yes,,Available but not functional,Not available,Available and functional,,,,540,,175,,715,,19,8,,,,,,,,,,,,,,,,,,,,,,,,,,,,,,,,,,,,,
Iahtsham Hussain Khatti,443,401010831,Badin,Badin,Kadi Kazia,,GBHS FATAN PARHIYAR,,Mixed,Secondary,24.5945632765844,68.7415784593424,,,2025-11-08,11:32:13,,Awais Ahmed Rahimoon,Open,Government Building,Satisfactory,,22,,,,,,Simple Water Cooler,Yes,Yes,,Available but not functional,Available and functional,Available and functional,,,,498,,273,,771,,12,7,,,,,,,,,,,,,,,,,,,,,,,,,,,,,,,,,,,,,
Iahtsham Hussain Khatti,444,401020097,Badin,"Shaheed Fazal Rahu, Golarchi",Dargah Sharif Ahmed Rajo,,GGPS AHMED RAJO,,Girls,Primary,24.4339190751206,68.6231642923765,,,2026-01-01,11:12:32,,Muhammad Asghar Arain,Closed During Visit,Government Building,No Boundary Wall,,06,,,,,,NA,No,Yes,,Not available,Not available,Not available,,,,104,,347,,451,,2,1,,,,,,,,,,,,,,,,,,,,,,,,,,,,,,,,,,,,,
Iahtsham Hussain Khatti,445,401020383,Badin,"Shaheed Fazal Rahu, Golarchi",Dargah Sharif Ahmed Rajo,,GBPS ABDUL REHMAN SAMEJO,,Mixed,Primary,24.4007554917582,68.5575105254351,,,2025-09-18,10:29:25,,Iahtsham Hussain Khatti,,Government Building,No Boundary Wall,,NA,,,,,,,NA,Yes,,Not available,Not available,Not available,,,,156,,111,,267,,1,1,,,,,,,,,,,,,,,,,,,,,,,,,,,,,,,,,,,,,
Iahtsham Hussain Khatti,446,401020549,Badin,"Shaheed Fazal Rahu, Golarchi",Dargah Sharif Ahmed Rajo,,GBLSS AHMED RAJO,,Mixed,Middle,24.4330600254768,68.6230677360298,,,2026-01-01,10:47:43,,Muhammad Asghar Arain,Open,Government Building,No Boundary Wall,,07,,,,,,NA,Yes,Yes,,Not available,Not available,Not available,,,,272,,153,,425,,6,4,,,,,,,,,,,,,,,,,,,,,,,,,,,,,,,,,,,,,
Imran Khan Khuwaja,447,401040038,Badin,Tando Bago,Sarang Faqir @ Sono Khan Jamali,,GBELS FATEH KHAN JAMALI,,Mixed,Elementary,24.861002622482,68.9925295262721,,,2025-12-11,08:35:22,,Imran Khan Khowaja,,Government Building,Dangerous,,02,,,,,,NA,No,Partial,,Not available,Not available,Not available,,,,210,,159,,369,,2,1,,,,,,,,,,,,,,,,,,,,,,,,,,,,,,,,,,,,,
Imran Khan Khuwaja,448,401040049,Badin,Tando Bago,Khan Bahadur Mir Ghulam Muhammad Talpur,,GBELS SACHOO ATHELO,,Boys,Elementary,24.8232635304743,68.9760191779292,,,2025-12-10,09:35:25,,Ghulam Akber Dal,hut,No Building,No Boundary Wall,,0,,,,,,NA,No,Partial,,Not available,Not available,Not available,,,,330,,107,,437,,3,2,,,,,,,,,,,,,,,,,,,,,,,,,,,,,,,,,,,,,
Imran Khan Khuwaja,449,401040090,Badin,Tando Bago,Kadahro,,GBPS KHADBAD GURGWZ,,Mixed,Primary,24.8885907610479,69.0202677009537,,,2025-12-09,08:52:30,,Imran Khan Khowaja,,NA,NA,,02,,,,,,NA,NA,Partial,,Not available,Not available,Not available,,,,200,,177,,377,,4,,,,,,,,,,,,,,,,,,,,,,,,,,,,,,,,,,,,,,
Imran Khan Khuwaja,450,401040093,Badin,Tando Bago,Kadahro,,GGPS NABI BUX RUSTMANI,,Girls,Primary,24.9117972034684,68.9952579705286,,,2025-11-27,08:36:41,,Imran Khan Khowaja,Open,Government Building,Dangerous,,02,,,,,,NA,No,Partial,,Not available,Not available,Not available,,,,104,,247,,351,,3,3,,,,,,,,,,,,,,,,,,,,,,,,,,,,,,,,,,,,,
Imran Khan Khuwaja,451,401040098,Badin,Tando Bago,dadah,,GGPS ABDULLAH JARWAR,,Girls,Primary,24.967500232317,69.1106289023069,,,2025-11-24,11:08:31,,Imran Khan Khowaja,,Any Other Building,No Boundary Wall,,01,,,,,,NA,No,Partial,,Not available,Not available,Not available,,,,104,,231,,335,,2,2,,,,,,,,,,,,,,,,,,,,,,,,,,,,,,,,,,,,,
Imran Khan Khuwaja,452,401040112,Badin,Tando Bago,Sarang Faqir @ Sono Khan Jamali,,GGPS SACHOO ATHELO,,Girls,Primary,24.8230764241778,68.9758122621706,,,2025-12-10,09:30:32,,Ghulam Akber Dal,,Government Building,Dangerous,,02,,,,,,NA,Yes,Partial,,Not available,Not available,Not available,,,,104,,295,,399,,3,2,,,,,,,,,,,,,,,,,,,,,,,,,,,,,,,,,,,,,
Imran Khan Khuwaja,453,401040124,Badin,Tando Bago,Dei,,GGPS SAJAN UDEHAJO,,Girls,Primary,24.9227856859659,69.0200809214895,,,2025-11-18,13:58:39,,Imran Khan Khowaja,,NA,No Boundary Wall,,0,,,,,,Direct Handpump,No,Partial,,Not available,Not available,Not available,,,,104,,195,,299,,2,1,,,,,,,,,,,,,,,,,,,,,,,,,,,,,,,,,,,,,
Imran Khan Khuwaja,454,401040129,Badin,Tando Bago,dadah,,GGPS MUHAMMAD BACHAL KHASKHELI,,Girls,Primary,24.9910904631116,69.1396343550346,,,2025-11-20,13:33:30,,Imran Khan Khowaja,,Government Building,Dangerous,,02,,,,,,NA,No,Partial,,Not available,Not available,Not available,,,,104,,151,,255,,2,2,,,,,,,,,,,,,,,,,,,,,,,,,,,,,,,,,,,,,
Imran Khan Khuwaja,455,401040130,Badin,Tando Bago,dadah,,GGPS PIR BUX KHASKHELI,,Girls,Primary,24.946423406343,69.138511898806,,,2025-11-20,10:09:10,,Imran Khan Khowaja,,Government Building,Dangerous,,02,,,,,,NA,No,Partial,,Not available,Not available,Not available,,,,104,,213,,317,,2,1,,,,,,,,,,,,,,,,,,,,,,,,,,,,,,,,,,,,,
Imran Khan Khuwaja,456,401040134,Badin,Tando Bago,Khadehro,,GGPS SAIN BUX LAGHARI,,Girls,Primary,24.9665171022773,69.0244595882914,,,2025-11-19,13:55:56,,Imran Khan Khowaja,,Government Building,Dangerous,,02,,,,,,NA,No,Partial,,Not available,Not available,Not available,,,,104,,245,,349,,1,1,,,,,,,,,,,,,,,,,,,,,,,,,,,,,,,,,,,,,
Imran Khan Khuwaja,457,401040239,Badin,Tando Bago,Dei,,GBPS KHALIFO ALI BUKHSH LAGHARI @ ALLAH,,Boys,Primary,24.8823962423853,69.0440392743815,,,2025-10-16,10:33:43,,Ghulam Akber Dal,,Government Building,Dangerous,,02,,,,,,NA,No,Partial,,Not available,Not available,Not available,,,,116,,117,,233,,1,1,,,,,,,,,,,,,,,,,,,,,,,,,,,,,,,,,,,,,
Imran Khan Khuwaja,458,401040246,Badin,Tando Bago,dadah,,GBPS BACHAL KHAN LAGHARI,,Mixed,Primary,24.9720228280899,69.161260197802,,,2025-11-20,12:04:11,,Imran Khan Khowaja,,Government Building,No Boundary Wall,,01,,,,,,NA,No,Partial,,Not available,Not available,Not available,,,,162,,141,,303,,1,1,,,,,,,,,,,,,,,,,,,,,,,,,,,,,,,,,,,,,
Imran Khan Khuwaja,459,401040253,Badin,Tando Bago,dadah,,GBPS ABDULLAH KHAN JARWAR,,Boys,Primary,24.968685990856,69.1110223455403,,,2025-11-24,12:02:13,,Imran Khan Khowaja,,Government Building,No Boundary Wall,,02,,,,,,Direct Handpump,Yes,Partial,,Not available,Not available,Not available,,,,224,,105,,329,,1,1,,,,,,,,,,,,,,,,,,,,,,,,,,,,,,,,,,,,,
Imran Khan Khuwaja,460,401040263,Badin,Tando Bago,Dei,,GBELS MEENA,,Mixed,Elementary,24.9531474414064,69.0763992033574,,,2026-04-20,12:34:56,,Imran Khan Khowaja,,Government Building,Satisfactory,,0,,,,,,NA,No,Partial,,Not available,Not available,Not available,,,,368,,179,,547,,2,1,,,,,,,,,,,,,,,,,,,,,,,,,,,,,,,,,,,,,
Imran Khan Khuwaja,461,401040356,Badin,Tando Bago,Sarang Faqir @ Sono Khan Jamali,,GBPS BACHAL KHASKHELI,,Mixed,Primary,24.8495550418,68.9326085804837,,,2025-12-11,13:34:49,,Imran Khan Khowaja,,NA,NA,,0,,,,,,NA,NA,No,,Not available,Not available,Not available,,,,170,,159,,329,,1,,,,,,,,,,,,,,,,,,,,,,,,,,,,,,,,,,,,,,
Imran Khan Khuwaja,462,401040387,Badin,Tando Bago,Kadahro,,GBPS FAZUL CHHALGARI,,Boys,Primary,24.9372837398534,68.9967320815022,,,2025-11-25,12:30:44,,Imran Khan Khowaja,,Government Building,No Boundary Wall,,02,,,,,,NA,Yes,Partial,,Not available,Not available,Not available,,,,230,,259,,489,,2,1,,,,,,,,,,,,,,,,,,,,,,,,,,,,,,,,,,,,,
Imran Khan Khuwaja,463,401040388,Badin,Tando Bago,Khadehro,,GBPS USMAN JAKHRO,,Mixed,Primary,24.9370905473397,68.992099236517,,,2025-11-25,12:13:19,,Imran Khan Khowaja,,Government Building,No Boundary Wall,,01,,,,,,NA,Yes,Partial,,Not available,Not available,Not available,,,,236,,203,,439,,1,1,,,,,,,,,,,,,,,,,,,,,,,,,,,,,,,,,,,,,
Imran Khan Khuwaja,464,401040396,Badin,Tando Bago,Dei,,GBPS RATTO BOUK,,Boys,Primary,24.9345933897416,69.0579547724251,,,2025-12-08,10:55:58,,Imran Khan Khowaja,,Government Building,Needs Repair,,01,,,,,,NA,No,Partial,,Not available,Not available,Available and functional,,,,250,,241,,491,,2,2,,,,,,,,,,,,,,,,,,,,,,,,,,,,,,,,,,,,,
Imran Khan Khuwaja,465,401040401,Badin,Tando Bago,Kadahro,,GBPS BEERO KHAN RUSTAMANI,,Mixed,Primary,24.8979679918408,69.0106827695789,,,2025-11-18,12:30:50,,Imran Khan Khowaja,,Government Building,Dangerous,,2,,,,,,NA,No,Partial,,Not available,Not available,Not available,,,,154,,125,,279,,1,1,,,,,,,,,,,,,,,,,,,,,,,,,,,,,,,,,,,,,
Imran Khan Khuwaja,466,401040415,Badin,Tando Bago,Dei,,GBPS MUHAMMAD HANIF JARWAR,,Mixed,Primary,25.0009756413578,69.0980869531632,,,2025-11-05,13:44:01,,Imran Khan Khowaja,,NA,NA,,0,,,,,,NA,NA,Partial,,Not available,Not available,Not available,,,,112,,121,,233,,1,,,,,,,,,,,,,,,,,,,,,,,,,,,,,,,,,,,,,,
Imran Khan Khuwaja,467,401040421,Badin,Tando Bago,dadah,,GBPS HAJI ABDUL RAHIM SHORO,,Mixed,Primary,24.9350144909775,69.1356727551251,,,2025-11-20,08:40:04,,Imran Khan Khowaja,,Government Building,No Boundary Wall,,01,,,,,,NA,No,Partial,,Not available,Not available,Not available,,,,216,,203,,419,,1,1,,,,,,,,,,,,,,,,,,,,,,,,,,,,,,,,,,,,,
Imran Khan Khuwaja,468,401040430,Badin,Tando Bago,Sarang Faqir @ Sono Khan Jamali,,GBPS HAJI SONOON JAMALI,,Mixed,Primary,24.8584624229619,68.9651393970479,,,2025-11-18,10:14:08,,Imran Khan Khowaja,Open,Government Building,Dangerous,,0,,,,,,NA,No,No,,Not available,Not available,Not available,,,,140,,131,,271,,2,1,,,,,,,,,,,,,,,,,,,,,,,,,,,,,,,,,,,,,
Imran Khan Khuwaja,469,401040453,Badin,Tando Bago,Dei,,GBPS YAR MUHAMMAD DAL,,Boys,Primary,24.9150819561629,69.0444937866483,,,2026-01-13,11:06:31,,Behzad Ali Memon,,Government Building,No Boundary Wall,,,,,,,,NA,No,Partial,,Not available,Not available,Available and functional,,,,218,,135,,353,,2,1,,,,,,,,,,,,,,,,,,,,,,,,,,,,,,,,,,,,,
Imran Khan Khuwaja,470,401040454,Badin,Tando Bago,Khadehro,,GBPS MISSIRI GURGEZ,,Mixed,Primary,24.9217450866115,68.9971096986662,,,2026-02-26,11:31:12,,Ali Hyder Baloch,,Government Building,Dangerous,,02,,,,,,NA,No,Partial,,Not available,Not available,Not available,,,,160,,129,,289,,1,,,,,,,,,,,,,,,,,,,,,,,,,,,,,,,,,,,,,,
Imran Khan Khuwaja,471,401040455,Badin,Tando Bago,Dei,,GBPS USMAN SANDH,,Mixed,Primary,24.8838945074915,69.0408283993959,,,2025-12-09,09:48:01,,Imran Khan Khowaja,built by SMC FUND,Any Other Building,No Boundary Wall,,01,,,,,,NA,No,Partial,,Not available,Not available,Not available,,,,162,,167,,329,,2,2,,,,,,,,,,,,,,,,,,,,,,,,,,,,,,,,,,,,,
Imran Khan Khuwaja,472,401040458,Badin,Tando Bago,Khadehro,,GBPS SONOO GURGAZE,,Mixed,Primary,24.8999675867362,69.0238556171989,,,2025-11-27,10:30:23,,Imran Khan Khowaja,,Government Building,No Boundary Wall,,02,,,,,,NA,No,Partial,,Not available,Not available,Not available,,,,200,,175,,375,,1,1,,,,,,,,,,,,,,,,,,,,,,,,,,,,,,,,,,,,,
Imran Khan Khuwaja,473,401040459,Badin,Tando Bago,Kadahro,,GBPS MADIO KOHLI,,Mixed,Primary,24.9225327760046,68.989808821437,,,2025-11-25,09:55:44,,Imran Khan Khowaja,,Government Building,Dangerous,,02,,,,,,NA,No,Partial,,Not available,Not available,Not available,,,,282,,267,,549,,2,2,,,,,,,,,,,,,,,,,,,,,,,,,,,,,,,,,,,,,
Imran Khan Khuwaja,474,401040462,Badin,Tando Bago,Sarang Faqir @ Sono Khan Jamali,,GBPS TAJ MUHAMMAD CHANDIO,,Mixed,Primary,24.8368259760111,68.9484966097237,,,2025-11-25,11:39:01,,Ghulam Akber Dal,,Government Building,No Boundary Wall,,01,,,,,,NA,No,Yes,,Not available,Not available,Not available,,,,148,,139,,287,,1,1,,,,,,,,,,,,,,,,,,,,,,,,,,,,,,,,,,,,,
Imran Khan Khuwaja,475,401040496,Badin,Tando Bago,Dei,,GBPS GHULAM HYDER JAMALI,,Boys,Primary,24.9047837768275,69.0635878482303,,,2025-12-08,08:35:44,,Imran Khan Khowaja,Closed During Visit,NA,NA,,01,,,,,,NA,NA,Partial,,Not available,Not available,Available and functional,,,,160,,125,,285,,1,,,,,,,,,,,,,,,,,,,,,,,,,,,,,,,,,,,,,,
Imran Khan Khuwaja,476,401040514,Badin,Tando Bago,dadah,,GBPS ARAB KAKEPOTO,,Mixed,Primary,24.9432374879501,69.1001736802382,,,2025-11-24,09:15:39,,Imran Khan Khowaja,Open,No Building,No Boundary Wall,,02,,,,,,NA,No,Partial,,Not available,Not available,Not available,,,,152,,137,,289,,2,2,,,,,,,,,,,,,,,,,,,,,,,,,,,,,,,,,,,,,
Imran Khan Khuwaja,477,401040517,Badin,Tando Bago,Dei,,GBPS GHULAM HYDER KHOSO,,Mixed,Primary,24.9346859501294,69.0541196695119,,,2026-05-05,13:19:35,,Imran Khan Khowaja,,NA,NA,,01,,,,,,NA,NA,Yes,,Not available,Not available,Not available,,,,148,,151,,299,,1,,,,,,,,,,,,,,,,,,,,,,,,,,,,,,,,,,,,,,
Imran Khan Khuwaja,478,401040519,Badin,Tando Bago,Khadehro,,GBPS HAJI URS CHHALGARI,,Mixed,Primary,24.9400472660215,69.0177222238216,,,2026-02-26,12:06:24,,Ali Hyder Baloch,Open,Any Other Building,No Boundary Wall,,03,,,,,,NA,No,Partial,,Not available,Not available,Not available,,,,166,,203,,369,,2,1,,,,,,,,,,,,,,,,,,,,,,,,,,,,,,,,,,,,,
Imran Khan Khuwaja,479,401040521,Badin,Tando Bago,Khadehro,,GBPS DHANI BUX CHHALGARI,,Mixed,Primary,24.9357622794133,69.0008088043937,,,2026-02-26,11:50:09,,Ali Hyder Baloch,,Pakka/RCC/Tier Guarder,No Boundary Wall,,01,,,,,,Simple Water Cooler,No,Partial,,Not available,Not available,Not available,,,,182,,165,,347,,1,1,,,,,,,,,,,,,,,,,,,,,,,,,,,,,,,,,,,,,
Imran Khan Khuwaja,480,401040522,Badin,Tando Bago,Dei,,GBPS GHULAM HUSSAIN TALPUR,,Mixed,Primary,24.9021340797769,69.0548436261062,,,2025-12-09,13:22:24,,Imran Khan Khowaja,,Pakka/RCC/Tier Guarder,No Boundary Wall,,02,,,,,,NA,No,Partial,,Not available,Not available,Available and functional,,,,230,,241,,471,,1,1,,,,,,,,,,,,,,,,,,,,,,,,,,,,,,,,,,,,,
Imran Khan Khuwaja,481,401040525,Badin,Tando Bago,Kadahro,,GBPS SAIN BUX LAGHARI,,Boys,Primary,24.9664714332612,69.0244784268504,,,2025-11-19,13:44:01,,Imran Khan Khowaja,Tent,No Building,No Boundary Wall,,0,,,,,,NA,Yes,Partial,,Not available,Not available,Not available,,,,464,,105,,569,,1,1,,,,,,,,,,,,,,,,,,,,,,,,,,,,,,,,,,,,,
Imran Khan Khuwaja,482,401040532,Badin,Tando Bago,Kadahro,,GBPS JUMAN KHASKHELI,,Mixed,Primary,24.958153365214,68.9876836594784,,,2026-01-28,11:31:29,,Naresh Kumar,A room made from SMC funds,Any Other Building,No Boundary Wall,,01,,,,,,NA,No,Partial,,Not available,Not available,Not available,,,,176,,163,,339,,3,2,,,,,,,,,,,,,,,,,,,,,,,,,,,,,,,,,,,,,
Imran Khan Khuwaja,483,401040534,Badin,Tando Bago,Kadahro,,GBPS MOHAMOOD GURGAIZ,,Mixed,Primary,24.9792684237623,69.0058981152351,,,2025-11-19,13:24:08,,Imran Khan Khowaja,,No Building,No Boundary Wall,,0,,,,,,NA,No,Partial,,Not available,Not available,Not available,,,,144,,135,,279,,1,1,,,,,,,,,,,,,,,,,,,,,,,,,,,,,,,,,,,,,
Imran Khan Khuwaja,484,401040605,Badin,Tando Bago,Dei,,GBELS HAJI MUBARAK ALI JAMALI,,Boys,Elementary,24.9114858620061,69.0375974145503,,,2025-11-18,13:01:35,,Imran Khan Khowaja,Given by a Donor and community support.,Any Other Building,No Boundary Wall,,02,,,,,,NA,No,Yes,,Not available,Not available,Not available,,,,302,,265,,567,,2,1,,,,,,,,,,,,,,,,,,,,,,,,,,,,,,,,,,,,,
Imran Khan Khuwaja,485,401040613,Badin,Tando Bago,Dei,,GBPS BHOROO RAHIMOON,,Mixed,Primary,24.953112006489,69.04614128227,,,2026-04-08,10:52:19,,Naresh Kumar,Open,Government Building,No Boundary Wall,,0,,,,,,Simple Water Cooler,Yes,Partial,,Not available,Not available,Not available,,,,308,,209,,517,,2,2,,,,,,,,,,,,,,,,,,,,,,,,,,,,,,,,,,,,,
Imran Khan Khuwaja,486,401040674,Badin,Tando Bago,Khadehro,,GBPS M.ASHRAF CHANDIO,,Mixed,Primary,24.9780748183644,68.9791485303203,,,2025-10-23,10:54:08,,Behzad Ali Memon,,Government Building,Partially Dangerous,,Not available,,,,,,NA,NA,Partial,,Not available,Not available,Not available,,,,248,,209,,457,,1,1,,,,,,,,,,,,,,,,,,,,,,,,,,,,,,,,,,,,,
Imran Khan Khuwaja,487,401040675,Badin,Tando Bago,Khan Bahadur Mir Ghulam Muhammad Talpur,,GBPS BADAL HUSSAIN LAGHARI,,Mixed,Primary,24.8198751895056,68.970653393646,,,2025-11-19,09:35:20,,Ghulam Akber Dal,,Government Building,No Boundary Wall,,0,,,,,,NA,No,Yes,,Not available,Not available,Not available,,,,132,,131,,263,,1,1,,,,,,,,,,,,,,,,,,,,,,,,,,,,,,,,,,,,,
Imran Khan Khuwaja,488,401040676,Badin,Tando Bago,Sarang Faqeer @ Haji Sono Khan Jamali,,GBPS KANDO FAQEER,,Mixed,Primary,24.8863915414421,69.0023177548899,,,2026-02-16,11:34:14,,Ghulam Akber Dal,,Government Building,No Boundary Wall,,0,,,,,,NA,No,Partial,,Not available,Not available,Not available,,,,242,,153,,395,,1,1,,,,,,,,,,,,,,,,,,,,,,,,,,,,,,,,,,,,,
Imran Khan Khuwaja,489,401040682,Badin,Tando Bago,Khan Bahadur Mir Ghulam Muhammad Talpur,,GBPS RANO KHAN JAMALI @ MUBARAK KALOI,,Mixed,Primary,24.8185390888692,68.9630399799542,,,2025-11-19,09:14:02,,Ghulam Akber Dal,,Government Building,Dangerous,,02,,,,,,NA,No,Yes,,Not available,Not available,Not available,,,,196,,155,,351,,1,1,,,,,,,,,,,,,,,,,,,,,,,,,,,,,,,,,,,,,
Imran Khan Khuwaja,490,401040714,Badin,Tando Bago,dadah,,GBLSS DADAD MEMON,,Mixed,Middle,24.949084722238,69.1142874597738,,,2025-11-27,12:33:51,,Imran Khan Khowaja,,Government Building,No Boundary Wall,,0,,,,,,NA,No,Yes,,Not available,Not available,Not available,,,,110,,117,,227,,3,2,,,,,,,,,,,,,,,,,,,,,,,,,,,,,,,,,,,,,
Imran Khan Khuwaja,491,401040728,Badin,Tando Bago,dadah,,GBLSS ABDULLAH JARWAR,,Mixed,Middle,24.9686803952071,69.1109079208557,,,2025-11-24,11:26:56,,Imran Khan Khowaja,Chhapra,No Building,No Boundary Wall,,0,,,,,,NA,No,Partial,,Not available,Not available,Not available,,,,232,,165,,397,,2,2,,,,,,,,,,,,,,,,,,,,,,,,,,,,,,,,,,,,,
Imran Khan Khuwaja,492,401040732,Badin,Tando Bago,Dadha,,GBLSS KARAM KHAN JARWAR,,Boys,Middle,24.9971032386303,69.1129776142686,,,2025-11-05,12:17:01,,Imran Khan Khowaja,,Government Building,Satisfactory,,03,,,,,,NA,Yes,Partial,,Not available,Not available,Not available,,,,270,,185,,455,,1,1,,,,,,,,,,,,,,,,,,,,,,,,,,,,,,,,,,,,,
Imran Khan Khuwaja,493,401040748,Badin,Tando Bago,Khadehro,,GBHS HAJI KHAN CHANDIO,,Mixed,Secondary,24.9591636140957,69.0079953629596,,,2026-04-20,10:29:30,,Ghulam Akber Dal,,Pakka/RCC/Tier Guarder,Dangerous,,14,,,,,,Pot/Matka,Yes,Partial,,Not available,Not available,Available and functional,,,,710,,441,,1151,,14,11,,,,,,,,,,,,,,,,,,,,,,,,,,,,,,,,,,,,,
Imran Khan Khuwaja,494,401050301,Badin,Talhar,Saeed Pur,,GBHS KHADHERO,,Mixed,Secondary,24.8986209071453,68.9992824149148,,,2026-02-18,11:37:41,,Ghulam Akber Dal,,Government Building,No Boundary Wall,,8,,,,,,NA,No,Partial,,Available but not functional,Not available,Not available,,,,962,,341,,1303,,19,14,,,,,,,,,,,,,,,,,,,,,,,,,,,,,,,,,,,,,
Muhammad Asghar Arain,495,401020009,Badin,"Shaheed Fazal Rahu, Golarchi",Khorwah Chowk,,GBPS CHAK NO. 10,,Mixed,Primary,24.5060804234702,68.6443229020635,,,2025-12-02,09:39:32,,Muhammad Asghar Arain,,Government Building,Dangerous,,02,,,,,,NA,No,Yes,,Not available,Not available,Not available,,,,258,,105,,363,,2,2,,,,,,,,,,,,,,,,,,,,,,,,,,,,,,,,,,,,,
Muhammad Asghar Arain,496,401020035,Badin,"Shaheed Fazal Rahu, Golarchi",TC - Shaheed Fazil Rahu,,GBPS JHOLL HEAD REGULATOR/ GBPS WAZEER A,,Mixed,Primary,24.5761021061585,68.5046093164881,,,2025-11-27,10:32:47,,Muhammad Asghar Arain,,Government Building,Dangerous,,02,,,,,,NA,No,Partial,,Not available,Not available,Not available,,,,150,,137,,287,,1,1,,,,,,,,,,,,,,,,,,,,,,,,,,,,,,,,,,,,,
Muhammad Asghar Arain,497,401020045,Badin,"Shaheed Fazal Rahu, Golarchi",Terai,,GBPS MITHAN RAHOOKRO,,Boys,Primary,24.6539657094096,68.6778355359695,,,2026-02-19,10:30:28,,Muhammad Asghar Arain,Open,Government Building,Dangerous,,02,,,,,,NA,No,Partial,,Not available,Not available,Not available,,,,318,,105,,423,,4,3,,,,,,,,,,,,,,,,,,,,,,,,,,,,,,,,,,,,,
Muhammad Asghar Arain,498,401020052,Badin,"Shaheed Fazal Rahu, Golarchi",TC - Shaheed Fazil Rahu,,GBPS CHAK NO. 58,,Boys,Primary,24.6198310230814,68.5078614925353,,,2026-05-22,10:50:48,,Muhammad Asghar Arain,community,Any Other Building,No Boundary Wall,,01,,,,,,NA,No,Partial,,Not available,Not available,Not available,,,,154,,105,,259,,1,1,,,,,,,,,,,,,,,,,,,,,,,,,,,,,,,,,,,,,
Muhammad Asghar Arain,499,401020062,Badin,"Shaheed Fazal Rahu, Golarchi",Khorwah Chowk,,GBPS CHOUDHRI AKRAM @ RASOOL BUX SAMOON,,Mixed,Primary,24.6224802897483,68.4515941139064,,,2026-02-24,10:22:34,,Zeb Ali Rajo,otaq school,Any Other Building,No Boundary Wall,,0,,,,,,NA,No,Partial,,Not available,Not available,Not available,,,,158,,121,,279,,1,1,,,,,,,,,,,,,,,,,,,,,,,,,,,,,,,,,,,,,
Muhammad Asghar Arain,500,401020086,Badin,"Shaheed Fazal Rahu, Golarchi",TC - Shaheed Fazil Rahu,,GGELS GOLARCHI / SHAHEED FAZIL RAHOO,,Girls,Elementary,24.6508762134308,68.5321824304742,,,2026-05-12,08:46:04,,Muhammad Asghar Arain,,Government Building,Dangerous,,10,,,,,,NA,No,Partial,,Not available,Not available,Not available,,,,104,,929,,1033,,14,9,,,,,,,,,,,,,,,,,,,,,,,,,,,,,,,,,,,,,
Muhammad Asghar Arain,501,401020093,Badin,"Shaheed Fazal Rahu, Golarchi",Khorwah Chowk,,GGPS KHANANI JAT,,Girls,Primary,24.6848869832529,68.4131151441732,,,2026-05-15,10:03:52,,Muhammad Asghar Arain,401020050,Shared with Other Government school building (SEMIS Code),Needs Repair,,01,,,,,,NA,No,Partial,,Not available,Not available,Not available,,,,104,,195,,299,,2,1,,,,,,,,,,,,,,,,,,,,,,,,,,,,,,,,,,,,,
Muhammad Asghar Arain,502,401020103,Badin,"Shaheed Fazal Rahu, Golarchi",TC - Shaheed Fazil Rahu,,GGPS CHAK NO. 24,,Mixed,Primary,24.5973167127204,68.5244992383318,,,2025-11-10,10:04:43,,Zeb Ali Rajo,401020332,No Building,No Boundary Wall,,0,,,,,,NA,No,Partial,,Not available,Not available,Not available,,,,128,,141,,269,,1,1,,,,,,,,,,,,,,,,,,,,,,,,,,,,,,,,,,,,,
Muhammad Asghar Arain,503,401020107,Badin,"Shaheed Fazal Rahu, Golarchi",Golarchi-S.F.Rao-Tc,,GGPS MALIK SAIF REHMAN,,Girls,Primary,24.6405810884205,68.5683748132982,,,2025-11-08,10:53:04,,Zeb Ali Rajo,401020041,Shared with Other Government school building (SEMIS Code),No Boundary Wall,,02,,,,,,NA,No,No,,Not available,Not available,Not available,,,,104,,121,,225,,1,1,,,,,,,,,,,,,,,,,,,,,,,,,,,,,,,,,,,,,
Muhammad Asghar Arain,504,401020108,Badin,"Shaheed Fazal Rahu, Golarchi",TC - Shaheed Fazil Rahu,,GGPS MUHAMMAD IBRAHIM KHOKHAR,,Girls,Primary,24.6482970285341,68.5478022652878,,,2025-11-08,12:06:12,,Zeb Ali Rajo,,Government Building,Needs Repair,,02,,,,,,NA,No,Yes,,Not available,Not available,Not available,,,,104,,213,,317,,1,1,,,,,,,,,,,,,,,,,,,,,,,,,,,,,,,,,,,,,
Muhammad Asghar Arain,505,401020110,Badin,"Shaheed Fazal Rahu, Golarchi",TC - Shaheed Fazil Rahu,,GGPS CHAK NO. 25,,Girls,Primary,24.6495329930603,68.5014188303546,,,2026-05-06,12:37:16,,Muhammad Asghar Arain,,Government Building,No Boundary Wall,,03,,,,,,NA,No,Partial,,Not available,Not available,Not available,,,,104,,279,,383,,2,2,,,,,,,,,,,,,,,,,,,,,,,,,,,,,,,,,,,,,
Muhammad Asghar Arain,506,401020121,Badin,"Shaheed Fazal Rahu, Golarchi",Khorwah Chowk,,GGPS FATEH MUHAMMAD ARAIN,,Girls,Primary,24.6367692665901,68.3988739546638,,,2026-05-07,11:31:59,,Muhammad Asghar Arain,,Pakka/RCC/Tier Guarder,Dangerous,,01,,,,,,NA,Yes,Partial,,Not available,Not available,Not available,,,,104,,139,,243,,2,2,,,,,,,,,,,,,,,,,,,,,,,,,,,,,,,,,,,,,
Muhammad Asghar Arain,507,401020125,Badin,"Shaheed Fazal Rahu, Golarchi",Fatehabad,,GGPS RAMZAN ABRO,,Girls,Primary,24.631531436235,68.7082627446442,,,2025-10-27,11:19:25,,Naseeruddin Korejo,Temporary Closed,NA,NA,,01,,,,,,NA,NA,Yes,,Not available,Not available,Not available,,,,104,,175,,279,,1,,,,,,,,,,,,,,,,,,,,,,,,,,,,,,,,,,,,,,
Muhammad Asghar Arain,508,401020142,Badin,"Shaheed Fazal Rahu, Golarchi",Fatehabad,,GGPS HAJI RABDINO JAT,,Girls,Primary,24.6592776831718,68.7105064100522,,,2026-02-12,09:52:13,,Zeb Ali Rajo,401020059,Shared with Other Government school building (SEMIS Code),Satisfactory,,01,,,,,,NA,No,No,,Not available,Not available,Not available,,,,104,,227,,331,,1,1,,,,,,,,,,,,,,,,,,,,,,,,,,,,,,,,,,,,,
Muhammad Asghar Arain,509,401020143,Badin,"Shaheed Fazal Rahu, Golarchi",Fatehabad,,GGPS QAMER U DIN SOOMRO,,Girls,Primary,24.6641174789846,68.7036131299543,,,2025-11-26,10:49:50,,Muhammad Asghar Arain,,Government Building,No Boundary Wall,,01,,,,,,NA,No,Yes,,Not available,Not available,Not available,,,,104,,159,,263,,2,2,,,,,,,,,,,,,,,,,,,,,,,,,,,,,,,,,,,,,
Muhammad Asghar Arain,510,401020144,Badin,"Shaheed Fazal Rahu, Golarchi",Fateh Abad,,GGPS HASSAN SHAH JO DARO,,Girls,Primary,24.5839166973708,68.729320337372,,,2026-01-14,12:48:34,,Iahtsham Hussain Khatti,Boys building,Shared with Other Government school building (SEMIS Code),No Boundary Wall,,01,,,,,,NA,No,Partial,,Not available,Not available,Available but not functional,,,,104,,199,,303,,2,1,,,,,,,,,,,,,,,,,,,,,,,,,,,,,,,,,,,,,
Muhammad Asghar Arain,511,401020147,Badin,"Shaheed Fazal Rahu, Golarchi",Khorwah Chowk,,GGPS CHAK NO. 10,,Girls,Primary,24.5081829773989,68.6454105379183,,,2025-12-02,09:57:39,,Muhammad Asghar Arain,,Government Building,Dangerous,,02,,,,,,NA,No,Yes,,Not available,Not available,Not available,,,,104,,205,,309,,2,2,,,,,,,,,,,,,,,,,,,,,,,,,,,,,,,,,,,,,
Muhammad Asghar Arain,512,401020152,Badin,"Shaheed Fazal Rahu, Golarchi",Khorwah Chowk,,GGPS NAZEER AHMED ARAIN AT CHAK NO 20,,Girls,Primary,24.5562805976941,68.4219101077813,,,2026-05-04,11:15:00,,Muhammad Asghar Arain,,Shared with Other Government school building (SEMIS Code),Satisfactory,,02,,,,,,NA,No,Yes,,Not available,Not available,Not available,,,,104,,155,,259,,1,,,,,,,,,,,,,,,,,,,,,,,,,,,,,,,,,,,,,,
Muhammad Asghar Arain,513,401020159,Badin,"Shaheed Fazal Rahu, Golarchi",TC - Shaheed Fazil Rahu,,GGPS ABDUL HAKEEM CHANG,,Girls,Primary,24.628673475574,68.5364109263822,,,2026-05-14,08:28:40,,Muhammad Asghar Arain,Closed During Visit,No Building,No Boundary Wall,,0,,,,,,NA,No,No,,Not available,Not available,Not available,,,,152,,155,,307,,1,,,,,,,,,,,,,,,,,,,,,,,,,,,,,,,,,,,,,,
Muhammad Asghar Arain,514,401020160,Badin,"Shaheed Fazal Rahu, Golarchi",TC - Shaheed Fazil Rahu,,GGPS CHAK NO: 3,,Mixed,Primary,24.5870541208709,68.5179191082716,,,2025-12-17,12:37:45,,Muhammad Asghar Arain,,Government Building,No Boundary Wall,,02,,,,,,NA,No,No,,Not available,Not available,Not available,,,,122,,127,,249,,1,1,,,,,,,,,,,,,,,,,,,,,,,,,,,,,,,,,,,,,
Muhammad Asghar Arain,515,401020163,Badin,"Shaheed Fazal Rahu, Golarchi",Fatehabad,,GBPS ALLAH DAD PANHWAR,,Mixed,Primary,24.5750434756079,68.6947285204935,,,2026-02-17,11:52:34,,Zeb Ali Rajo,,Government Building,No Boundary Wall,,0,,,,,,NA,No,Partial,,Not available,Not available,Not available,,,,152,,137,,289,,1,1,,,,,,,,,,,,,,,,,,,,,,,,,,,,,,,,,,,,,
Muhammad Asghar Arain,516,401020166,Badin,"Shaheed Fazal Rahu, Golarchi",Fatehabad,,GBPS AHMED KHAN JAMALI,,Boys,Primary,24.6199364759792,68.7242031584021,,,2025-11-04,13:14:21,,Asif Ali Talpur,,Government Building,Partially Dangerous,,02,,,,,,NA,No,Partial,,Not available,Not available,Not available,,,,212,,169,,381,,2,2,,,,,,,,,,,,,,,,,,,,,,,,,,,,,,,,,,,,,
Muhammad Asghar Arain,517,401020170,Badin,"Shaheed Fazal Rahu, Golarchi",Fatehabad,,GBPS QAMAR DIN SOOMRO,,Boys,Primary,24.6642053475936,68.7035474126556,,,2025-11-26,10:44:51,,Muhammad Asghar Arain,,Government Building,No Boundary Wall,,01,,,,,,NA,No,Yes,,Not available,Not available,Not available,,,,154,,105,,259,,1,,,,,,,,,,,,,,,,,,,,,,,,,,,,,,,,,,,,,,
Muhammad Asghar Arain,518,401020177,Badin,"Shaheed Fazal Rahu, Golarchi",Fateh Abad,,GBPS LAKHA DINO MANDHRO,,Mixed,Primary,24.564584277339,68.6562299381382,,,2026-05-06,12:04:07,,Zeb Ali Rajo,Open,No Building,No Boundary Wall,,0,,,,,,Direct Handpump,No,Partial,,Not available,Not available,Not available,,,,122,,123,,245,,1,,,,,,,,,,,,,,,,,,,,,,,,,,,,,,,,,,,,,,
Muhammad Asghar Arain,519,401020187,Badin,"Shaheed Fazal Rahu, Golarchi",Khorwah Chowk,,GBPS CHAK NO. 36,,Mixed,Primary,24.5382444735697,68.5482770187662,,,2025-12-06,12:10:51,,Muhammad Asghar Arain,Open,Government Building,No Boundary Wall,,03,,,,,,NA,No,Partial,,Not available,Not available,Not available,,,,230,,183,,413,,4,4,,,,,,,,,,,,,,,,,,,,,,,,,,,,,,,,,,,,,
Muhammad Asghar Arain,520,401020188,Badin,"Shaheed Fazal Rahu, Golarchi",Khorwah Chowk,,GBPS CHAK NO. 20,,Boys,Primary,24.5563062157208,68.4218363465865,,,2026-05-04,11:06:27,,Muhammad Asghar Arain,,Pakka/RCC/Tier Guarder,Satisfactory,,02,,,,,,NA,No,Yes,,Not available,Not available,Not available,,,,188,,105,,293,,2,2,,,,,,,,,,,,,,,,,,,,,,,,,,,,,,,,,,,,,
Muhammad Asghar Arain,521,401020189,Badin,"Shaheed Fazal Rahu, Golarchi",Khorwah Chowk,,GBPS CHAK NO. 22,,Mixed,Primary,24.5454494722896,68.448349982649,,,2025-10-08,11:30:16,,Muhammad Asghar Arain,,Government Building,No Boundary Wall,,01,,,,,,NA,No,Yes,,Not available,Not available,Not available,,,,174,,123,,297,,1,1,,,,,,,,,,,,,,,,,,,,,,,,,,,,,,,,,,,,,
Muhammad Asghar Arain,522,401020190,Badin,"Shaheed Fazal Rahu, Golarchi",Khorwah Chowk,,GBPS AFZAL ARAIN,,Mixed,Primary,24.5687049292057,68.4166462753205,,,2026-05-04,12:03:21,,Muhammad Asghar Arain,Open,Government Building,Needs Repair,,03,,,,,,NA,No,Partial,,Not available,Not available,Not available,,,,202,,189,,391,,3,3,,,,,,,,,,,,,,,,,,,,,,,,,,,,,,,,,,,,,
Muhammad Asghar Arain,523,401020193,Badin,"Shaheed Fazal Rahu, Golarchi",Fatehabad,,GBPS CHAK NO. 2,,Mixed,Primary,24.5807219190489,68.6357948192951,,,2026-04-08,12:27:19,,Awais Ahmed Rahimoon,,Government Building,Dangerous,,02,,,,,,NA,No,Partial,,Not available,Not available,Not available,,,,180,,155,,335,,2,2,,,,,,,,,,,,,,,,,,,,,,,,,,,,,,,,,,,,,
Muhammad Asghar Arain,524,401020201,Badin,"Shaheed Fazal Rahu, Golarchi",Khorwah Chowk,,GBPS MALIK QUTUB KHAN,,Mixed,Primary,24.5834171467343,68.5927802330254,,,2026-05-11,11:17:46,,Muhammad Asghar Arain,trew,No Building,No Boundary Wall,,0,,,,,,NA,No,Yes,,Not available,Not available,Not available,,,,104,,105,,209,,2,2,,,,,,,,,,,,,,,,,,,,,,,,,,,,,,,,,,,,,
Muhammad Asghar Arain,525,401020205,Badin,"Shaheed Fazal Rahu, Golarchi",Khorwah Chowk,,GBPS CHAK NO. 7,,Boys,Primary,24.5459081601823,68.6117890479167,,,2025-11-19,11:08:16,,Muhammad Asghar Arain,chhapra,No Building,No Boundary Wall,,0,,,,,,Mixed,No,No,,Not available,Not available,Not available,,,,140,,141,,281,,1,1,,,,,,,,,,,,,,,,,,,,,,,,,,,,,,,,,,,,,
Muhammad Asghar Arain,526,401020208,Badin,"Shaheed Fazal Rahu, Golarchi",Khorwah Chowk,,GBPS CHAK NO. 31,,Mixed,Primary,24.5536018849799,68.5522104801734,,,2025-12-06,12:24:19,,Muhammad Asghar Arain,Open,Government Building,No Boundary Wall,,01,,,,,,NA,No,Partial,,Not available,Not available,Not available,,,,176,,135,,311,,2,1,,,,,,,,,,,,,,,,,,,,,,,,,,,,,,,,,,,,,
Muhammad Asghar Arain,527,401020218,Badin,"Shaheed Fazal Rahu, Golarchi",Dargah Sharif Ahmed Rajo,,GBPS CHAK NO. 24 @ CHAK NO. 27,,Mixed,Primary,24.4878845154749,68.4790156787136,,,2025-11-27,11:49:17,,Muhammad Asghar Arain,,Government Building,No Boundary Wall,,01,,,,,,NA,No,Yes,,Not available,Not available,Not available,,,,152,,105,,257,,1,1,,,,,,,,,,,,,,,,,,,,,,,,,,,,,,,,,,,,,
Muhammad Asghar Arain,528,401020226,Badin,"Shaheed Fazal Rahu, Golarchi",Dargah Sharif Ahmed Rajo,,GBPS CHAK NO. 46,,Mixed,Primary,24.4586142221282,68.5206422227119,,,2025-11-03,13:11:43,,Muhammad Asghar Arain,,Government Building,No Boundary Wall,,01,,,,,,NA,No,Partial,,Not available,Not available,Not available,,,,162,,131,,293,,2,2,,,,,,,,,,,,,,,,,,,,,,,,,,,,,,,,,,,,,
Muhammad Asghar Arain,529,401020259,Badin,"Shaheed Fazal Rahu, Golarchi",Khorwah,,GBPS SAIN DINO JAT,,Mixed,Primary,24.6916668241776,68.381584433318,,,2026-05-15,08:29:57,,Muhammad Asghar Arain,Open,No Building,No Boundary Wall,,0,,,,,,NA,No,Partial,,Not available,Not available,Not available,,,,138,,131,,269,,2,1,,,,,,,,,,,,,,,,,,,,,,,,,,,,,,,,,,,,,
Muhammad Asghar Arain,530,401020266,Badin,"Shaheed Fazal Rahu, Golarchi",Khorwah Chowk,,GBPS MIR MUHAMMAD SHAIKH,,Boys,Primary,24.6448377098681,68.4513956295455,,,2026-02-24,09:58:05,,Zeb Ali Rajo,Open,Government Building,No Boundary Wall,,02,,,,,,NA,No,Partial,,Not available,Not available,Not available,,,,198,,187,,385,,2,2,,,,,,,,,,,,,,,,,,,,,,,,,,,,,,,,,,,,,
Muhammad Asghar Arain,531,401020267,Badin,"Shaheed Fazal Rahu, Golarchi",Khorwah Chowk,,GBPS DODO KHASKHELI,,Mixed,Primary,24.6156259708468,68.4513232123351,,,2025-12-16,10:53:02,,Muhammad Asghar Arain,NGO,Any Other Building,No Boundary Wall,,02,,,,,,NA,No,Partial,,Not available,Not available,Not available,,,,320,,157,,477,,2,2,,,,,,,,,,,,,,,,,,,,,,,,,,,,,,,,,,,,,
Muhammad Asghar Arain,532,401020271,Badin,"Shaheed Fazal Rahu, Golarchi",Khorwah Chowk,,GBPS ABDULLAH SAMEJO,,Mixed,Primary,24.6847505053331,68.4348249434432,,,2026-05-15,10:42:26,,Muhammad Asghar Arain,,Government Building,No Boundary Wall,,01,,,,,,NA,No,Partial,,Not available,Not available,Not available,,,,194,,135,,329,,1,1,,,,,,,,,,,,,,,,,,,,,,,,,,,,,,,,,,,,,
Muhammad Asghar Arain,533,401020274,Badin,"Shaheed Fazal Rahu, Golarchi",TC - Shaheed Fazil Rahu,,GBPS CHAK NO. 34 AT ASGHAR ALI GUJAR,,Boys,Primary,24.681767450283,68.5232627450407,,,2025-12-05,08:49:59,,Muhammad Asghar Arain,chhapra,No Building,No Boundary Wall,,0,,,,,,NA,No,Partial,,Not available,Not available,Not available,,,,180,,105,,285,,1,1,,,,,,,,,,,,,,,,,,,,,,,,,,,,,,,,,,,,,
Muhammad Asghar Arain,534,401020287,Badin,"Shaheed Fazal Rahu, Golarchi",TC - Shaheed Fazil Rahu,,GBPS AHMED MEMON,,Mixed,Primary,24.6460761490923,68.5200105622903,,,2026-05-13,10:46:20,,Muhammad Asghar Arain,,Government Building,No Boundary Wall,,02,,,,,,NA,No,Yes,,Not available,Not available,Not available,,,,104,,105,,209,,2,1,,,,,,,,,,,,,,,,,,,,,,,,,,,,,,,,,,,,,
Muhammad Asghar Arain,535,401020336,Badin,"Shaheed Fazal Rahu, Golarchi",Khorwah Chowk,,GBPS MUHAMMAD KHAN LAGHARI,,Mixed,Primary,24.6510748879812,68.4279866511376,,,2026-05-07,09:01:59,,Muhammad Asghar Arain,,Government Building,Needs Repair,,02,,,,,,Simple Water Cooler,No,Partial,,Not available,Not available,Not available,,,,266,,193,,459,,2,1,,,,,,,,,,,,,,,,,,,,,,,,,,,,,,,,,,,,,
Muhammad Asghar Arain,536,401020338,Badin,"Shaheed Fazal Rahu, Golarchi",Fateh Abad,,GBPS CHAK NO. 4,,Mixed,Primary,24.5460923962023,68.6549656643036,,,2026-05-06,11:16:42,,Zeb Ali Rajo,,Government Building,No Boundary Wall,,0,,,,,,NA,No,Partial,,Not available,Not available,Not available,,,,230,,193,,423,,2,2,,,,,,,,,,,,,,,,,,,,,,,,,,,,,,,,,,,,,
Muhammad Asghar Arain,537,401020374,Badin,"Shaheed Fazal Rahu, Golarchi",Khorwah Chowk,,GBPS CHAK NO. 39 BASHEER KHARAL,,Mixed,Primary,24.552995624746,68.5082799205181,,,2025-12-06,10:18:17,,Muhammad Asghar Arain,,Government Building,No Boundary Wall,,02,,,,,,NA,No,Yes,,Not available,Not available,Not available,,,,134,,139,,273,,1,1,,,,,,,,,,,,,,,,,,,,,,,,,,,,,,,,,,,,,
Muhammad Asghar Arain,538,401020377,Badin,"Shaheed Fazal Rahu, Golarchi",Khorwah Chowk,,GBPS ZETOON MALLAH,,Mixed,Primary,24.7016969946023,68.4407123963025,,,2026-05-15,10:24:33,,Muhammad Asghar Arain,tree,No Building,No Boundary Wall,,0,,,,,,NA,No,Partial,,Not available,Not available,Not available,,,,162,,125,,287,,1,,,,,,,,,,,,,,,,,,,,,,,,,,,,,,,,,,,,,,
Muhammad Asghar Arain,539,401020387,Badin,"Shaheed Fazal Rahu, Golarchi",Khorwah Chowk,,GBPS DHANI BUX SAMOON,,Mixed,Primary,24.6300778755691,68.4620413185159,,,2025-12-01,10:46:16,,Muhammad Asghar Arain,,Government Building,Dangerous,,03,,,,,,NA,No,Yes,,Not available,Not available,Not available,,,,,,,,,,1,1,,,,,,,,,,,,,,,,,,,,,,,,,,,,,,,,,,,,,
Muhammad Asghar Arain,540,401020441,Badin,"Shaheed Fazal Rahu, Golarchi",TC - Shaheed Fazil Rahu,,GBPS BHAI COLONY/ GBPS MASOOD HUSSAIN SH,,Mixed,Primary,24.6526825864262,68.5438835603005,,,2025-12-08,08:29:33,,Muhammad Asghar Arain,,Government Building,No Boundary Wall,,02,,,,,,NA,No,Yes,,Not available,Not available,Not available,,,,200,,137,,337,,3,3,,,,,,,,,,,,,,,,,,,,,,,,,,,,,,,,,,,,,
Muhammad Asghar Arain,541,401020458,Badin,"Shaheed Fazal Rahu, Golarchi",Fateh Abad,,GBPS HAJI PUNHOON JAT,,Mixed,Primary,24.5997400042494,68.7133921540457,,,2025-11-04,13:02:35,,Asif Ali Talpur,Closed During Visit,NA,NA,,01,,,,,,NA,NA,Partial,,Not available,Not available,Not available,,,,128,,105,,233,,1,,,,,,,,,,,,,,,,,,,,,,,,,,,,,,,,,,,,,,
Muhammad Asghar Arain,542,401020471,Badin,"Shaheed Fazal Rahu, Golarchi",Tarai,,GBPS MUHAMMAD KHAN NOHERIO,,Boys,Primary,24.6121334680569,68.6511698017667,,,2026-05-21,10:14:33,,Muhammad Asghar Arain,,Government Building,No Boundary Wall,,02,,,,,,NA,No,Partial,,Not available,Not available,Not available,,,,222,,159,,381,,3,2,,,,,,,,,,,,,,,,,,,,,,,,,,,,,,,,,,,,,
Muhammad Asghar Arain,543,401020477,Badin,"Shaheed Fazal Rahu, Golarchi",Terai,,GBPS CHAK NO.22,,Mixed,Primary,24.6079099764554,68.6403117207141,,,2026-05-21,09:35:13,,Muhammad Asghar Arain,chhapra,No Building,No Boundary Wall,,0,,,,,,NA,No,Partial,,Not available,Not available,Not available,,,,136,,123,,259,,1,1,,,,,,,,,,,,,,,,,,,,,,,,,,,,,,,,,,,,,
Muhammad Asghar Arain,544,401020519,Badin,"Shaheed Fazal Rahu, Golarchi",Khorwah Chowk,,GBPS MANDANI MOHELLA,,Mixed,Primary,24.6838231824007,68.4156189862886,,,2026-05-15,09:53:29,,Muhammad Asghar Arain,Open,Government Building,Dangerous,,01,,,,,,NA,No,Partial,,Not available,Not available,Not available,,,,128,,133,,261,,2,1,,,,,,,,,,,,,,,,,,,,,,,,,,,,,,,,,,,,,
Muhammad Asghar Arain,545,401020538,Badin,"Shaheed Fazal Rahu, Golarchi",Fatehabad,,GBLSS CHAK NO. 5,,Boys,Middle,24.5602973659243,68.6208683260279,,,2026-05-11,09:17:22,,Muhammad Asghar Arain,,Government Building,No Boundary Wall,,06,,,,,,Direct Handpump,No,Partial,,Not available,Not available,Not available,,,,282,,105,,387,,5,3,,,,,,,,,,,,,,,,,,,,,,,,,,,,,,,,,,,,,
Muhammad Asghar Arain,546,401020553,Badin,"Shaheed Fazal Rahu, Golarchi",Dargah Sharif Ahmed Rajo,,GBLSS CHAK NO. 26,,Mixed,Middle,24.5017226249551,68.4757742295659,,,2025-12-17,11:15:44,,Muhammad Asghar Arain,Open,Government Building,No Boundary Wall,,06,,,,,,NA,No,Yes,,Not available,Not available,Not available,,,,226,,125,,351,,6,5,,,,,,,,,,,,,,,,,,,,,,,,,,,,,,,,,,,,,
Muhammad Asghar Arain,547,401020560,Badin,"Shaheed Fazal Rahu, Golarchi",Muhammad Shah @ Mureed Chang,,GBLSS CHAK NO. 10,,Mixed,Middle,24.5060840775333,68.6442384125292,,,2026-02-18,10:52:27,,Zeb Ali Rajo,40102009,Shared with Other Government school building (SEMIS Code),Dangerous,,01,,,,,,Simple Water Cooler,No,Yes,,Not available,Not available,Not available,,,,162,,187,,349,,3,1,,,,,,,,,,,,,,,,,,,,,,,,,,,,,,,,,,,,,
Muhammad Asghar Arain,548,401020570,Badin,"Shaheed Fazal Rahu, Golarchi",Golarchi-S.F.Rao-Tc,,GBHSS GOLARCHI,,Boys,Hi.Secondary,24.6488745262621,68.5316355506628,,,2026-02-06,09:13:42,,Muhammad Asghar Arain,,Government Building,No Boundary Wall,,017,,,,,,Electric Water Cooler,Yes,Partial,,Available but not functional,Available but not functional,Available but not functional,,,,4164,,113,,4277,,59,48,,,,,,,,,,,,,,,,,,,,,,,,,,,,,,,,,,,,,
Muhammad Asghar Arain,549,401020571,Badin,"Shaheed Fazal Rahu, Golarchi",TC - Shaheed Fazil Rahu,,GGHSS GOLARCHI,,Girls,Hi.Secondary,24.6512155242444,68.5318035206067,,,2026-05-12,09:51:57,,Muhammad Asghar Arain,,Government Building,Dangerous,,018,,,,,,Simple Water Cooler,Yes,Partial,,Available and functional,Available but not functional,Not available,,,,104,,2283,,2387,,46,36,,,,,,,,,,,,,,,,,,,,,,,,,,,,,,,,,,,,,
Muhammad Sheeraz Arain,550,401020012,Badin,"Shaheed Fazal Rahu, Golarchi",TC - Kario Ghanwar,,GBPS BACHAL PANHWAR,,Boys,Primary,24.819776509484,68.6467231573586,,,2025-11-06,11:29:55,,Wali Muhammad Nizamani,,Government Building,No Boundary Wall,,01,,,,,,NA,Yes,Yes,,Not available,Not available,Not available,,,,150,,105,,255,,1,1,,,,,,,,,,,,,,,,,,,,,,,,,,,,,,,,,,,,,
Muhammad Sheeraz Arain,551,401020013,Badin,"Shaheed Fazal Rahu, Golarchi",TC - Kario Ghanwar,,GBPS JAFFER PANWHAR,,Boys,Primary,24.8280665677307,68.6528122988515,,,2026-03-05,10:47:46,,Behzad Ali Memon,,Government Building,No Boundary Wall,,02,,,,,,NA,No,Yes,,Not available,Not available,Not available,,,,154,,159,,313,,2,2,,,,,,,,,,,,,,,,,,,,,,,,,,,,,,,,,,,,,
Muhammad Sheeraz Arain,552,401020021,Badin,"Shaheed Fazal Rahu, Golarchi",Kario Ghanwar,,GBPS HASOO PANWHAR,,Mixed,Primary,24.8099022191873,68.6543024149695,,,2025-11-06,11:07:08,,Wali Muhammad Nizamani,hut made from smc,No Building,No Boundary Wall,,0,,,,,,NA,No,Partial,,Not available,Not available,Not available,,,,106,,117,,223,,1,1,,,,,,,,,,,,,,,,,,,,,,,,,,,,,,,,,,,,,
Muhammad Sheeraz Arain,553,401020023,Badin,"Shaheed Fazal Rahu, Golarchi",TC - Kario Ghanwar,,GBPS IBRAHIM RAHEMOON,,Mixed,Primary,24.8080238735009,68.6222458430904,,,2026-02-24,10:56:21,,Muhammad Sheeraz Arain,,Government Building,Dangerous,,02,,,,,,NA,No,Yes,,Not available,Not available,Not available,,,,146,,143,,289,,1,1,,,,,,,,,,,,,,,,,,,,,,,,,,,,,,,,,,,,,
Muhammad Sheeraz Arain,554,401020024,Badin,"Shaheed Fazal Rahu, Golarchi",TC - Kario Ghanwar,,GBPS WAHID DINO KHEBAR,,Mixed,Primary,24.8597263633994,68.6019988739522,,,2025-11-06,13:02:57,,Wali Muhammad Nizamani,,Government Building,No Boundary Wall,,02,,,,,,NA,No,Partial,,Not available,Not available,Not available,,,,274,,117,,391,,2,2,,,,,,,,,,,,,,,,,,,,,,,,,,,,,,,,,,,,,
Muhammad Sheeraz Arain,555,401020032,Badin,"Shaheed Fazal Rahu, Golarchi",TC - Kario Ghanwar,,GBPS MIAN MUHAMMAD ALAM,,Mixed,Primary,24.8404855677268,68.6584757613757,,,2026-03-05,10:15:13,,Behzad Ali Memon,,Government Building,No Boundary Wall,,0,,,,,,Simple Water Cooler,No,Partial,,Not available,Not available,Not available,,,,226,,143,,369,,1,1,,,,,,,,,,,,,,,,,,,,,,,,,,,,,,,,,,,,,
Muhammad Sheeraz Arain,556,401020069,Badin,"Shaheed Fazal Rahu, Golarchi",KARIO GANHWAR-Tc,,GBPS GHULAM HUSSAIN CHANDIO,,Mixed,Primary,24.8540984772814,68.643135597437,,,2026-02-21,10:09:02,,Muhammad Sheeraz Arain,hut,No Building,No Boundary Wall,,0,,,,,,NA,No,Partial,,Not available,Not available,Not available,,,,210,,143,,353,,2,2,,,,,,,,,,,,,,,,,,,,,,,,,,,,,,,,,,,,,
Muhammad Sheeraz Arain,557,401020076,Badin,"Shaheed Fazal Rahu, Golarchi",Terai,,GBPS MUHAMMAD IBRAHIM CHANDIO,,Boys,Primary,24.6522901076989,68.6406295002003,,,2026-01-12,09:15:29,,Muhammad Asghar Arain,,Government Building,No Boundary Wall,,02,,,,,,NA,No,Partial,,Not available,Not available,Not available,,,,330,,105,,435,,2,2,,,,,,,,,,,,,,,,,,,,,,,,,,,,,,,,,,,,,
Muhammad Sheeraz Arain,558,401020105,Badin,,,,,,,,,,,,,,,,,,,,,,,,,,,,,,,,,,,,,,,,,,,,,,,,,,,,,,,,,,,,,,,,,,,,,,,,,,,,,,,,
Muhammad Sheeraz Arain,559,401020106,Badin,,,,,,,,,,,,,,,,,,,,,,,,,,,,,,,,,,,,,,,,,,,,,,,,,,,,,,,,,,,,,,,,,,,,,,,,,,,,,,,,
Muhammad Sheeraz Arain,560,401020120,Badin,"Shaheed Fazal Rahu, Golarchi",Kario Ghanwar,,GGPS GHULAM MUHAMMAD CHANDIO,,Girls,Primary,24.8665999046233,68.6600232690583,,,2025-12-17,09:19:19,,Wali Muhammad Nizamani,no building school running in tent,No Building,No Boundary Wall,,0,,,,,,NA,No,Partial,,Not available,Not available,Not available,,,,218,,205,,423,,3,3,,,,,,,,,,,,,,,,,,,,,,,,,,,,,,,,,,,,,
Muhammad Sheeraz Arain,561,401020123,Badin,"Shaheed Fazal Rahu, Golarchi",Dubi,,GGPS CHAK NO. 24,,Mixed,Primary,24.8628497280475,68.5633537204553,,,2026-05-13,12:23:17,,Muhammad Sheeraz Arain,hut,No Building,No Boundary Wall,,0,,,,,,NA,No,Yes,,Not available,Not available,Not available,,,,146,,151,,297,,2,2,,,,,,,,,,,,,,,,,,,,,,,,,,,,,,,,,,,,,
Muhammad Sheeraz Arain,562,401020129,Badin,"Shaheed Fazal Rahu, Golarchi",Kario Ghanwar,,GGPS JUNA VILLAGE,,Mixed,Primary,24.8570421603726,68.6509783002683,,,2026-01-27,11:37:22,,Ali Hyder Baloch,,Government Building,No Boundary Wall,,01,,,,,,Simple Water Cooler,No,Yes,,Not available,Not available,Not available,,,,228,,223,,451,,4,2,,,,,,,,,,,,,,,,,,,,,,,,,,,,,,,,,,,,,
Muhammad Sheeraz Arain,563,401020131,Badin,"Shaheed Fazal Rahu, Golarchi",KARIO GANHWAR-Tc,,GGPS NAZEER AHMED SAHETO,,Girls,Primary,24.830814357677,68.5650006100106,,,2026-05-13,10:46:54,,Muhammad Sheeraz Arain,Open,Government Building,No Boundary Wall,,02,,,,,,Simple Water Cooler,No,Yes,,Not available,Not available,Not available,,,,104,,171,,275,,1,1,,,,,,,,,,,,,,,,,,,,,,,,,,,,,,,,,,,,,
Muhammad Sheeraz Arain,564,401020132,Badin,"Shaheed Fazal Rahu, Golarchi",Kario Ghanwar,,GGPS MUHAMMAD BACHAL PANHWER,,Girls,Primary,24.8197911181084,68.6466742343326,,,2025-11-06,11:34:13,,Wali Muhammad Nizamani,Open,Government Building,No Boundary Wall,,01,,,,,,NA,No,Yes,,Not available,Not available,Not available,,,,104,,119,,223,,1,1,,,,,,,,,,,,,,,,,,,,,,,,,,,,,,,,,,,,,
Muhammad Sheeraz Arain,565,401020139,Badin,"Shaheed Fazal Rahu, Golarchi",Terai,,GGPS ALLAH DINO JALALANI,,Girls,Primary,24.6593422907127,68.6210292482408,,,2026-02-23,12:04:24,,Awais Ahmed Rahimoon,,Shared with Other Government school building (SEMIS Code),Satisfactory,,02,,,,,,,No,Partial,,Not available,Not available,Not available,,,,104,,163,,267,,1,1,,,,,,,,,,,,,,,,,,,,,,,,,,,,,,,,,,,,,
Muhammad Sheeraz Arain,566,401020246,Badin,"Shaheed Fazal Rahu, Golarchi",Kario Ghanwar,,GBPS ALI BUX NIZAMANI,,Boys,Primary,24.8251593725666,68.6021961235412,,,2025-11-03,12:47:35,,Wali Muhammad Nizamani,smc made room,Any Other Building,No Boundary Wall,,01,,,,,,NA,No,Partial,,Not available,Not available,Not available,,,,162,,165,,327,,1,1,,,,,,,,,,,,,,,,,,,,,,,,,,,,,,,,,,,,,
Muhammad Sheeraz Arain,567,401020322,Badin,"Shaheed Fazal Rahu, Golarchi",Kario Ghanwar,,GBPS SHAFI MUHAMMAD RINDH,,Mixed,Primary,24.8569334761503,68.5887837470644,,,2026-05-13,13:12:20,,Muhammad Sheeraz Arain,under chapra,No Building,No Boundary Wall,,0,,,,,,NA,No,Yes,,Not available,Not available,Not available,,,,208,,177,,385,,1,1,,,,,,,,,,,,,,,,,,,,,,,,,,,,,,,,,,,,,
Muhammad Sheeraz Arain,568,401020373,Badin,"Shaheed Fazal Rahu, Golarchi",KARIO GANHWAR-Tc,,GBPS BAGHULI,,Mixed,Primary,24.8593866469384,68.5589468519603,,,2026-05-13,11:33:27,,Muhammad Sheeraz Arain,Open,Government Building,Dangerous,,02,,,,,,NA,No,Yes,,Not available,Not available,Not available,,,,168,,151,,319,,2,2,,,,,,,,,,,,,,,,,,,,,,,,,,,,,,,,,,,,,
Muhammad Sheeraz Arain,569,401020385,Badin,"Shaheed Fazal Rahu, Golarchi",TC - Kario Ghanwar,,GBPS NAWAZ ALI CHANDIO@VEERO MAHARAJ,,Boys,Primary,24.8485252576154,68.6334626383647,,,2025-12-17,09:33:15,,Wali Muhammad Nizamani,,Government Building,No Boundary Wall,,02,,,,,,NA,No,Partial,,Not available,Not available,Not available,,,,152,,105,,257,,2,1,,,,,,,,,,,,,,,,,,,,,,,,,,,,,,,,,,,,,
Muhammad Sheeraz Arain,570,401020400,Badin,"Shaheed Fazal Rahu, Golarchi",TC - Kario Ghanwar,,GBPS NAZIR AHMAD SEHTO,,Mixed,Primary,24.8307875906009,68.565008644334,,,2026-05-13,10:51:20,,Muhammad Sheeraz Arain,shared with GGPS NAZEER AHMED SEHTO,Shared with Other Government school building (SEMIS Code),No Boundary Wall,,,,,,,,Simple Water Cooler,No,Yes,,Not available,Not available,Not available,,,,200,,105,,305,,1,1,,,,,,,,,,,,,,,,,,,,,,,,,,,,,,,,,,,,,
Muhammad Sheeraz Arain,571,401020419,Badin,"Shaheed Fazal Rahu, Golarchi",Tarai,,GBPS DIL MURAD BROHI,,Mixed,Primary,24.6289977562492,68.6038389820848,,,2025-09-18,10:28:57,,Zeb Ali Rajo,,Government Building,Satisfactory,,01,,,,,,NA,No,Partial,,Not available,Not available,Not available,,,,164,,157,,321,,2,2,,,,,,,,,,,,,,,,,,,,,,,,,,,,,,,,,,,,,
Muhammad Sheeraz Arain,572,401020489,Badin,"Shaheed Fazal Rahu, Golarchi",TC - Kario Ghanwar,,GBPS MUHAMMAD SIDDIQUE ARAIN,,Mixed,Primary,24.8034869577952,68.583591654544,,,2026-05-13,10:13:53,,Muhammad Sheeraz Arain,hut,No Building,No Boundary Wall,,0,,,,,,NA,No,Yes,,Not available,Not available,Not available,,,,144,,115,,259,,1,1,,,,,,,,,,,,,,,,,,,,,,,,,,,,,,,,,,,,,
Muhammad Sheeraz Arain,573,401020500,Badin,"Shaheed Fazal Rahu, Golarchi",TC - Kario Ghanwar,,GBELS GHARIBABAD,,Mixed,Elementary,24.8020788613892,68.6021867576008,,,2025-12-17,13:09:50,,Wali Muhammad Nizamani,,Government Building,Satisfactory,,07,,,,,,Simple Water Cooler,No,Yes,,Not available,Not available,Not available,,,,648,,281,,929,,9,7,,,,,,,,,,,,,,,,,,,,,,,,,,,,,,,,,,,,,
Muhammad Sheeraz Arain,574,401020536,Badin,"Shaheed Fazal Rahu, Golarchi",KARIO GANHWAR-Tc,,GBPS A BDUL JABBAR NIZAMANI AT MUHAMMAD,,Mixed,Primary,24.8532317192711,68.5408821724245,,,2026-05-13,10:57:58,,Muhammad Sheeraz Arain,,NA,No Boundary Wall,,0,,,,,,NA,No,Yes,,Not available,Not available,Not available,,,,160,,121,,281,,1,1,,,,,,,,,,,,,,,,,,,,,,,,,,,,,,,,,,,,,
Muhammad Sheeraz Arain,575,401020567,Badin,"Shaheed Fazal Rahu, Golarchi",TC - Kario Ghanwar,,GBHSS KARIO GANHWAR,,Mixed,Hi.Secondary,24.8016905218691,68.6021742151724,,,2025-11-12,09:21:06,,Muhammad Sheeraz Arain,,Government Building,Satisfactory,,034,,,,,,Electric Water Cooler,Yes,Partial,,Not available,Not available,Not available,,,,3264,,1857,,5121,,47,38,,,,,,,,,,,,,,,,,,,,,,,,,,,,,,,,,,,,,
Muhammad Sheeraz Arain,576,401030023,Badin,Matli,Ghazi Khan Chang,,GBPS HAJI KAMAL HALEPOTO,,Boys,Primary,25.2602119596834,68.9387154591872,,,2025-12-01,08:41:17,,Zeb Ali Rajo,,Government Building,No Boundary Wall,,2,,,,,,NA,No,Partial,,NA,NA,NA,,,,158,,105,,263,,1,1,,,,,,,,,,,,,,,,,,,,,,,,,,,,,,,,,,,,,
Muhammad Sheeraz Arain,577,401030045,Badin,Matli,Nabi Bux Kamboh,,GBPS NABI BUX MUHAJIR,,Boys,Primary,25.1050543319259,68.7671102910285,,,2026-04-16,11:48:47,,Ali Hyder Baloch,,Government Building,Dangerous,,03,,,,,,Simple Water Cooler,Yes,Yes,,Not available,Not available,Not available,,,,274,,105,,379,,2,2,,,,,,,,,,,,,,,,,,,,,,,,,,,,,,,,,,,,,
Muhammad Sheeraz Arain,578,401030048,Badin,Matli,halepota,,GBPS AHMED BUBAR,,Mixed,Primary,25.2275498813155,68.8688573241234,,,2025-11-19,10:05:34,,Zeb Ali Rajo,,Government Building,Satisfactory,,3,,,,,,NA,No,Partial,,NA,NA,NA,,,,446,,211,,657,,3,3,,,,,,,,,,,,,,,,,,,,,,,,,,,,,,,,,,,,,
Muhammad Sheeraz Arain,579,401030057,Badin,Matli,Malhan,,GBPS NOOR MUHAMMAD DARS,,Boys,Primary,25.0480815549489,68.6994230201986,,,2026-04-20,12:26:37,,Ali Hyder Baloch,,Government Building,No Boundary Wall,,02,,,,,,0,No,Partial,,Not available,Not available,Not available,,,,308,,105,,413,,3,2,,,,,,,,,,,,,,,,,,,,,,,,,,,,,,,,,,,,,
Muhammad Sheeraz Arain,580,401030069,Badin,Matli,MC - Matli,,GBELS PAKASHAD,,Mixed,Elementary,25.0514297617478,68.6551737380872,,,2026-05-21,09:27:39,,Muhammad Sheeraz Arain,,Government Building,Satisfactory,,08,,,,,,Pot/Matka,Yes,Partial,,Not available,Not available,Not available,,,,660,,345,,1005,,14,11,,,,,,,,,,,,,,,,,,,,,,,,,,,,,,,,,,,,,
Muhammad Sheeraz Arain,581,401030082,Badin,Matli,Ghulam Muhammad Halepto,,GBPS TAMACHI JAHEJO,,Boys,Primary,25.0667617740771,68.6289347817315,,,2026-05-21,10:12:15,,Muhammad Sheeraz Arain,Shared building with GGPS Tamachi Jahejo,Shared with Other Government school building (SEMIS Code),Satisfactory,,02,,,,,,Simple Water Cooler,No,Partial,,Not available,Not available,Not available,,,,308,,105,,413,,3,3,,,,,,,,,,,,,,,,,,,,,,,,,,,,,,,,,,,,,
Muhammad Sheeraz Arain,582,401030097,Badin,Matli,Nabi Bux Lamboh,,GBPS MUHAMMAD IBRAHIM KHOSO,,Mixed,Primary,25.0740724105072,68.7968058139086,,,2026-05-15,10:53:50,,Muhammad Sheeraz Arain,,Government Building,Dangerous,,02,,,,,,NA,Yes,Yes,,Not available,Not available,Not available,,,,194,,105,,299,,2,2,,,,,,,,,,,,,,,,,,,,,,,,,,,,,,,,,,,,,
Muhammad Sheeraz Arain,583,401030125,Badin,Matli,Malhan,,GGPS NOOR MUHAMMAD DARS,,Girls,Primary,25.0459472066574,68.6991811452847,,,2026-04-20,12:37:39,,Ali Hyder Baloch,,Government Building,No Boundary Wall,,01,,,,,,NA,No,Partial,,Not available,Not available,Not available,,,,104,,321,,425,,1,1,,,,,,,,,,,,,,,,,,,,,,,,,,,,,,,,,,,,,
Muhammad Sheeraz Arain,584,401030185,Badin,Matli,MC - Matli,,GGELS MAIN SCHOOL MATLI,,Girls,Elementary,25.0444302853366,68.6565604826599,,,2026-05-11,09:29:59,,Muhammad Sheeraz Arain,,Government Building,Satisfactory,,019,,,,,,Overhead Water Tank,Yes,Yes,,Not available,Not available,Not available,,,,104,,1359,,1463,,32,28,,,,,,,,,,,,,,,,,,,,,,,,,,,,,,,,,,,,,
Muhammad Sheeraz Arain,585,401030198,Badin,Matli,Nabi Bux Kamboh,,GGPS ALI MUHAMMAD MANGRIO,,Girls,Primary,25.1141698026976,68.8148111852432,,,2026-04-15,10:52:31,,Ali Hyder Baloch,otaq,Any Other Building,No Boundary Wall,,0,,,,,,NA,No,Partial,,Not available,Not available,Available and functional,,,,104,,315,,419,,1,,,,,,,,,,,,,,,,,,,,,,,,,,,,,,,,,,,,,,
Muhammad Sheeraz Arain,586,401030215,Badin,Matli,halepota,,GBPS MUHAMMAD SIDDIQUE SAHTO,,Mixed,Primary,25.1963801826018,68.9016889035702,,,2025-11-20,10:40:21,,Zeb Ali Rajo,,Government Building,Dangerous,,2,,,,,,NA,No,Partial,,NA,NA,NA,,,,144,,131,,275,,1,1,,,,,,,,,,,,,,,,,,,,,,,,,,,,,,,,,,,,,
Muhammad Sheeraz Arain,587,401030316,Badin,Matli,halepota,,GBPS BACHAL HALEPOTO,,Mixed,Primary,25.2172009229112,68.9195403558363,,,2025-11-18,10:35:57,,Zeb Ali Rajo,,Pakka/RCC/Tier Guarder,Dangerous,,2,,,,,,Simple Water Cooler,No,Yes,,NA,NA,NA,,,,228,,209,,437,,1,1,,,,,,,,,,,,,,,,,,,,,,,,,,,,,,,,,,,,,
Muhammad Sheeraz Arain,588,401030341,Badin,Matli,Haji Allah Dino Sirewal @ Kalro Mon,,GBPS SAJAN KHASKHELI,,Boys,Primary,25.1495881587917,68.7652221980728,,,2026-05-25,12:33:52,,Muhammad Sheeraz Arain,,Government Building,Needs Repair,,NA,,,,,,NA,No,Partial,,Not available,Not available,Not available,,,,304,,107,,411,,2,2,,,,,,,,,,,,,,,,,,,,,,,,,,,,,,,,,,,,,
Muhammad Sheeraz Arain,589,401030363,Badin,Matli,Nabi Bux Kamboh,,GBPS GAHI DASTI,,Mixed,Primary,25.0964871813315,68.804613989686,,,2025-12-12,09:20:51,,Naveed Raza Khan Nizamani,,Government Building,Partially Satisfactory,,02,,,,,,NA,No,Yes,,Not available,Not available,Not available,,,,222,,199,,421,,1,1,,,,,,,,,,,,,,,,,,,,,,,,,,,,,,,,,,,,,
Muhammad Sheeraz Arain,590,401030366,Badin,Matli,Nabi Bux Kamboh,,GBELS KIRAR KHOSO,,Mixed,Elementary,25.0755460774964,68.7919454458185,,,2026-05-15,11:07:40,,Muhammad Sheeraz Arain,,Government Building,Dangerous,,02,,,,,,Simple Water Cooler,No,Yes,,Not available,Not available,Not available,,,,218,,245,,463,,3,3,,,,,,,,,,,,,,,,,,,,,,,,,,,,,,,,,,,,,
Muhammad Sheeraz Arain,591,401030369,Badin,Matli,Phalkara,,GBPS DERO MUHABAT,,Mixed,Primary,25.0909575098595,68.7546481391902,,,2026-05-07,09:25:50,,Muhammad Sheeraz Arain,Open,Government Building,No Boundary Wall,,01,,,,,,NA,NA,Yes,,Not available,Not available,Not available,,,,136,,117,,253,,1,1,,,,,,,,,,,,,,,,,,,,,,,,,,,,,,,,,,,,,
Muhammad Sheeraz Arain,592,401030372,Badin,Matli,Malhan,,GBPS MIR MUHAMMAD NIZAMANI,,Mixed,Primary,25.0739500583275,68.7422825759471,,,2026-05-07,09:13:42,,Muhammad Sheeraz Arain,Open,Government Building,No Boundary Wall,,02,,,,,,NA,No,Yes,,Not available,Not available,Not available,,,,180,,161,,341,,2,1,,,,,,,,,,,,,,,,,,,,,,,,,,,,,,,,,,,,,
Muhammad Sheeraz Arain,593,401030423,Badin,Matli,MC - Matli,,GBELS TAJ MUHAMMAD NIZAMANI,,Mixed,Elementary,25.0574581260524,68.6557920326368,,,2026-04-07,12:56:27,,Zain Ul Abideen Nizamani,,Government Building,Needs Repair,,02,,,,,,Pot/Matka,No,Partial,,Not available,Not available,Not available,,,,526,,335,,861,,9,8,,,,,,,,,,,,,,,,,,,,,,,,,,,,,,,,,,,,,
Muhammad Sheeraz Arain,594,401030441,Badin,Matli,Haji Allah Dino Surewal @ Kalro Mori,,GBPS USMAN KHASKELI,,Mixed,Primary,25.1415183400729,68.7826712733613,,,2026-05-25,12:03:56,,Muhammad Sheeraz Arain,,Government Building,Satisfactory,,01,,,,,,NA,No,Yes,,Not available,Not available,Not available,,,,184,,123,,307,,1,1,,,,,,,,,,,,,,,,,,,,,,,,,,,,,,,,,,,,,
Muhammad Sheeraz Arain,595,401030503,Badin,Matli,Phalkara,,GBPS MIR QADIR BUX TALPUR,,Mixed,Primary,25.0875373896253,68.7632612029902,,,2026-05-07,09:35:36,,Muhammad Sheeraz Arain,Open,Government Building,No Boundary Wall,,01,,,,,,NA,No,Partial,,Not available,Not available,Not available,,,,182,,175,,357,,3,2,,,,,,,,,,,,,,,,,,,,,,,,,,,,,,,,,,,,,
Muhammad Sheeraz Arain,596,401030524,Badin,Matli,Nabi Bux Kamboh,,GBPS MUHAMMAD RAHIM MANGRIO,,Boys,Primary,25.1081127379591,68.8129697013231,,,2026-04-15,11:16:55,,Ali Hyder Baloch,,Government Building,No Boundary Wall,,02,,,,,,NA,No,Yes,,Not available,Not available,Not available,,,,200,,181,,381,,2,1,,,,,,,,,,,,,,,,,,,,,,,,,,,,,,,,,,,,,
Muhammad Sheeraz Arain,597,401030580,Badin,Matli,Haji Allah Dino Surewal @ Kalro Mori,,GBPS JADO KHAN KHOSO,,Mixed,Primary,25.1557436106388,68.7222585150071,,,2026-05-25,10:55:39,,Muhammad Sheeraz Arain,,Government Building,No Boundary Wall,,02,,,,,,NA,No,Partial,,Not available,Not available,Not available,,,,208,,161,,369,,1,1,,,,,,,,,,,,,,,,,,,,,,,,,,,,,,,,,,,,,
Muhammad Sheeraz Arain,598,401030592,Badin,Matli,MC - Matli,,GBPS FAZAL MUHAMMAD NIZAMANI,,Mixed,Primary,25.0558197917041,68.6505637335371,,,2026-03-06,11:03:50,,Zain Ul Abideen Nizamani,,Government Building,Dangerous,,03,,,,,,Direct Handpump,No,Partial,,Not available,Not available,Not available,,,,322,,305,,627,,4,3,,,,,,,,,,,,,,,,,,,,,,,,,,,,,,,,,,,,,
Muhammad Sheeraz Arain,599,401030650,Badin,Matli,MC - Matli,,GBLSS JAMIL COLONY MATLI,,Boys,Middle,25.0436574827931,68.6661279280941,,,2026-05-08,09:43:14,,Muhammad Sheeraz Arain,,Government Building,Satisfactory,,06,,,,,,Simple Water Cooler,Yes,Partial,,Not available,Not available,Not available,,,,842,,105,,947,,29,18,,,,,,,,,,,,,,,,,,,,,,,,,,,,,,,,,,,,,
Muhammad Sheeraz Arain,600,401030654,Badin,,,,,,,,,,,,,,,,,,,,,,,,,,,,,,,,,,,,,,,,,,,,,,,,,,,,,,,,,,,,,,,,,,,,,,,,,,,,,,,,
Muhammad Sheeraz Arain,601,401030675,Badin,Matli,Haji Allah Dino Sirewal @ Kalro Mon,,GBLSS KALRO MORI,,Mixed,Middle,25.1443078056741,68.7656363848857,,,2026-05-25,12:42:18,,Muhammad Sheeraz Arain,Open,Government Building,No Boundary Wall,,012,,,,,,Simple Water Cooler,Yes,Partial,,Not available,Not available,Not available,,,,406,,221,,627,,8,6,,,,,,,,,,,,,,,,,,,,,,,,,,,,,,,,,,,,,
Muhammad Sheeraz Arain,602,401030686,Badin,Matli,halepota,,GBHSS KAPRI MORI,,Mixed,Hi.Secondary,25.2396096795326,68.9196557129065,,,2025-11-18,08:28:03,,Zeb Ali Rajo,Open,Government Building,Dangerous,,21,,,,,,Simple Water Cooler,Yes,Partial,,Available but not functional,Not available,Available and functional,,,,1218,,953,,2171,,29,22,,,,,,,,,,,,,,,,,,,,,,,,,,,,,,,,,,,,,
Naresh Kumar,603,401030018,Badin,Matli,Bhudo Kambrani,,GBPS GHAZI MAZARI,,Mixed,Primary,25.0438441879164,69.0126009299786,,,2026-05-08,11:23:29,,Naresh Kumar,,NA,NA,,1,,,,,,NA,NA,Yes,,NA,NA,NA,,,,162,,147,,309,,1,,,,,,,,,,,,,,,,,,,,,,,,,,,,,,,,,,,,,,
Naresh Kumar,604,401030029,Badin,Matli,Manik Laghari,,GBPS MUHAMMAD KHAN ZOUR,,Boys,Primary,25.2653092790423,68.7386711011385,,,2026-05-22,10:34:26,,Naresh Kumar,Open,Government Building,No Boundary Wall,,02,,,,,,NA,No,Partial,,Not available,Not available,Not available,,,,224,,105,,329,,2,2,,,,,,,,,,,,,,,,,,,,,,,,,,,,,,,,,,,,,
Naresh Kumar,605,401030044,Badin,Matli,Bhudo Kambrani,,GBPS BUDHO QAMBRANI,,Mixed,Primary,25.0380585208759,69.016070344333,,,2026-05-08,11:32:42,,Naresh Kumar,,Government Building,Satisfactory,,3,,,,,,Simple Water Cooler,No,Yes,,NA,NA,NA,,,,344,,163,,507,,4,2,,,,,,,,,,,,,,,,,,,,,,,,,,,,,,,,,,,,,
Naresh Kumar,606,401030049,Badin,Matli,Chhato Madrani,,GBPS UMED ALI JATOI,,Mixed,Primary,25.1041542264073,69.0047071729016,,,2026-05-07,10:29:20,,Naresh Kumar,,NA,NA,,01,,,,,,NA,NA,Partial,,Not available,Not available,Not available,,,,156,,133,,289,,1,,,,,,,,,,,,,,,,,,,,,,,,,,,,,,,,,,,,,,
Naresh Kumar,607,401030050,Badin,Matli,Budho Qambrani,,GBPS HAJI MUHAMMAD ARAIN,,Mixed,Primary,25.1096225074902,68.9754429047728,,,2025-12-05,09:28:51,,Naresh Kumar,School running under tree,No Building,Needs Repair,,0,,,,,,Pot/Matka,No,Partial,,Not available,Not available,Available and functional,,,,140,,143,,283,,1,1,,,,,,,,,,,,,,,,,,,,,,,,,,,,,,,,,,,,,
Naresh Kumar,608,401030051,Badin,Matli,Chhato Madrani,,GBPS MUHAMMAD KHAN JARWAR,,Mixed,Primary,25.0427074413002,69.1273568712991,,,2025-11-25,12:02:36,,Naresh Kumar,,Government Building,Needs Repair,,3,,,,,,Direct Handpump,Yes,Partial,,NA,NA,NA,,,,368,,107,,475,,3,3,,,,,,,,,,,,,,,,,,,,,,,,,,,,,,,,,,,,,
Naresh Kumar,609,401030052,Badin,Matli,Chhato Madrani,,GBPS LAL MUHAMMAD JARWAR,,Boys,Primary,25.0304326412032,69.0877363317164,,,2026-05-13,09:59:32,,Naresh Kumar,A room made from SMC funds,Any Other Building,No Boundary Wall,,1,,,,,,Simple Water Cooler,No,Yes,,NA,NA,NA,,,,236,,105,,341,,2,2,,,,,,,,,,,,,,,,,,,,,,,,,,,,,,,,,,,,,
Naresh Kumar,610,401030054,Badin,Matli,Bhudo Kambrani,,GBPS MASSU KHAN AHMEDANI,,Boys,Primary,25.1075727934477,68.9873184377454,,,2026-05-11,13:16:23,,Naresh Kumar,,Government Building,Needs Repair,,2,,,,,,NA,No,Partial,,NA,NA,NA,,,,126,,105,,231,,3,3,,,,,,,,,,,,,,,,,,,,,,,,,,,,,,,,,,,,,
Naresh Kumar,611,401030063,Badin,Matli,Manik Laghari,,GBPS ALLAH DINO SIREWAL,,Boys,Primary,25.2331724903802,68.7327967892106,,,2026-05-29,08:51:52,,Naresh Kumar,,NA,NA,,02,,,,,,NA,NA,Partial,,Not available,Not available,Not available,,,,246,,105,,351,,2,,,,,,,,,,,,,,,,,,,,,,,,,,,,,,,,,,,,,,
Naresh Kumar,612,401030085,Badin,Matli,Bhudo Kambrani,,GBPS HAJI KAPARI KHOSO,,Mixed,Primary,25.0615188320239,68.9895386213526,,,2025-12-18,12:06:26,,Naresh Kumar,,Government Building,No Boundary Wall,,2,,,,,,NA,No,Partial,,NA,NA,NA,,,,134,,139,,273,,1,1,,,,,,,,,,,,,,,,,,,,,,,,,,,,,,,,,,,,,
Naresh Kumar,613,401030086,Badin,Matli,Bhudo Kambrani,,GBPS HAJI LUQMAN ARAIN,,Mixed,Primary,25.1044902317928,69.0283888587904,,,2026-05-07,11:26:54,,Naresh Kumar,Closed During Visit,NA,NA,,,,,,,,NA,NA,Yes,,NA,NA,NA,,,,120,,107,,227,,1,,,,,,,,,,,,,,,,,,,,,,,,,,,,,,,,,,,,,,
Naresh Kumar,614,401030104,Badin,Matli,Manik Laghari,,GGPS MUHAMMAD KHAN ZOUNR,,Girls,Primary,25.2657591819979,68.7373453484272,,,2026-05-22,10:41:22,,Naresh Kumar,,Government Building,No Boundary Wall,,02,,,,,,NA,No,Partial,,Not available,Not available,Not available,,,,104,,175,,279,,2,2,,,,,,,,,,,,,,,,,,,,,,,,,,,,,,,,,,,,,
Naresh Kumar,615,401030111,Badin,Matli,Manik Laghari,,GGPS ALLAH DITO DANO,,Girls,Primary,25.24783890698,68.7264316854009,,,2026-05-22,11:45:42,,Naresh Kumar,,Government Building,Satisfactory,,02,,,,,,NA,No,Partial,,Not available,Not available,Not available,,,,104,,131,,235,,1,1,,,,,,,,,,,,,,,,,,,,,,,,,,,,,,,,,,,,,
Naresh Kumar,616,401030115,Badin,Matli,Manik Laghari,,GGPS HAJI ALLAH DINO LAGHARI,,Girls,Primary,25.2341284781679,68.7344984689537,,,2026-05-29,08:55:19,,Naresh Kumar,,Government Building,No Boundary Wall,,2,,,,,,NA,No,No,,NA,NA,NA,,,,104,,123,,227,,1,1,,,,,,,,,,,,,,,,,,,,,,,,,,,,,,,,,,,,,
Naresh Kumar,617,401030126,Badin,Matli,Budho Qambrani,,GGPS DR. ABDUL AZIZ,,Girls,Primary,25.0322575991018,69.0204719050234,,,2026-02-11,12:10:14,,Naresh Kumar,,Government Building,No Boundary Wall,,1,,,,,,NA,Yes,Yes,,NA,NA,NA,,,,104,,175,,279,,1,1,,,,,,,,,,,,,,,,,,,,,,,,,,,,,,,,,,,,,
Naresh Kumar,618,401030127,Badin,Matli,Budho Qambrani,,GGPS DADO MANDHRANI,,Girls,Primary,25.088489653865,68.9928303607972,,,2026-05-11,12:05:12,,Naresh Kumar,,Government Building,Needs Repair,,2,,,,,,NA,No,Yes,,NA,NA,NA,,,,104,,133,,237,,1,1,,,,,,,,,,,,,,,,,,,,,,,,,,,,,,,,,,,,,
Naresh Kumar,619,401030128,Badin,Matli,Budho Qambrani,,GGPS RAHMATULLAH ARAIN,,Girls,Primary,25.058783575565,69.0135852855253,,,2026-05-08,11:05:39,,Naresh Kumar,,Government Building,Needs Repair,,2,,,,,,NA,NA,Partial,,NA,NA,NA,,,,150,,155,,305,,1,1,,,,,,,,,,,,,,,,,,,,,,,,,,,,,,,,,,,,,
Naresh Kumar,620,401030156,Badin,Matli,Chhato Madrani,,GGPS MUHAMMAD HASHIM JARWAR,,Girls,Primary,25.0150501214794,69.0909401574295,,,2025-11-17,11:14:31,,Naresh Kumar,,Government Building,Needs Repair,,2,,,,,,NA,No,Yes,,NA,NA,NA,,,,104,,153,,257,,1,1,,,,,,,,,,,,,,,,,,,,,,,,,,,,,,,,,,,,,
Naresh Kumar,621,401030158,Badin,Matli,Budho Qambrani,,GGPS MASOO KHAN AHMEDANI,,Girls,Primary,25.1072109063665,68.9872661232948,,,2026-05-11,13:22:06,,Naresh Kumar,Closed During Visit,NA,NA,,2,,,,,,NA,NA,Yes,,NA,NA,NA,,,,104,,131,,235,,1,,,,,,,,,,,,,,,,,,,,,,,,,,,,,,,,,,,,,,
Naresh Kumar,622,401030163,Badin,Matli,Chhato Madrani,,GGPS MUHAMMED KHAN JARWAR,,Girls,Primary,25.0441212448982,69.1139370566053,,,2025-11-25,12:08:37,,Naresh Kumar,Open,Shared with Other Government school building (SEMIS Code),Needs Repair,,1,,,,,,Direct Handpump,No,Yes,,NA,NA,NA,,,,104,,241,,345,,2,2,,,,,,,,,,,,,,,,,,,,,,,,,,,,,,,,,,,,,
Naresh Kumar,623,401030164,Badin,Matli,Chhato Madrani,,GGPS LAL MUHAMMAD JARWAR,,Girls,Primary,25.0306949509516,69.0864193392416,,,2026-05-13,10:48:11,,Naresh Kumar,Open,Any Other Building,Satisfactory,,1,,,,,,Simple Water Cooler,Yes,Yes,,NA,NA,NA,,,,104,,167,,271,,1,1,,,,,,,,,,,,,,,,,,,,,,,,,,,,,,,,,,,,,
Naresh Kumar,624,401030209,Badin,Matli,Chhato Madrani,,GGPS PADHI JATOI,,Mixed,Primary,25.1024540585414,69.0121476152177,,,2026-05-07,10:22:23,,Naresh Kumar,Open,No Building,No Boundary Wall,,0,,,,,,NA,No,Yes,,Not available,Not available,Not available,,,,124,,131,,255,,1,1,,,,,,,,,,,,,,,,,,,,,,,,,,,,,,,,,,,,,
Naresh Kumar,625,401030271,Badin,Matli,TC - Tando Ghulam Ali,,GBPS HAJI MUHAMMAD BACHAL NIZAMANI,,Mixed,Primary,25.1403515746004,68.919922119658,,,2026-05-14,09:56:37,,Naresh Kumar,Open,Government Building,No Boundary Wall,,4,,,,,,Simple Water Cooler,No,Yes,,NA,NA,NA,,,,442,,221,,663,,5,4,,,,,,,,,,,,,,,,,,,,,,,,,,,,,,,,,,,,,
Naresh Kumar,626,401030283,Badin,Matli,Tharo Kot @ Ali Muhammad Bozdar,,GBELS KHAN MUHAMMAD JASKANI,,Mixed,Elementary,25.1368904466471,68.9278417797027,,,2025-12-16,09:27:59,,Zain Ul Abideen Nizamani,Open,Government Building,No Boundary Wall,,06,,,,,,Direct Handpump,Yes,Yes,,Not available,Not available,Not available,,,,416,,241,,657,,4,4,,,,,,,,,,,,,,,,,,,,,,,,,,,,,,,,,,,,,
Naresh Kumar,627,401030349,Badin,Matli,Aman Abad,,GBPS ABDUL REHMAN ARAIN,,Mixed,Primary,25.066273032589,69.0997740849908,,,2025-09-04,13:01:06,,Behzad Ali Memon,,Government Building,Dangerous,,2,,,,,,NA,No,Yes,,NA,NA,NA,,,,168,,151,,319,,2,1,,,,,,,,,,,,,,,,,,,,,,,,,,,,,,,,,,,,,
Naresh Kumar,628,401030350,Badin,Matli,Bhudo Kambrani,,GBPS SAMANO JUNEJO,,Boys,Primary,25.0464224776381,69.0693229236175,,,2025-09-04,12:18:57,,Behzad Ali Memon,,Government Building,Dangerous,,2,,,,,,Pot/Matka,No,Partial,,NA,NA,NA,,,,162,,137,,299,,2,2,,,,,,,,,,,,,,,,,,,,,,,,,,,,,,,,,,,,,
Naresh Kumar,629,401030355,Badin,Matli,Chhato Madrani,,GBPS HAJI NIZAMDIN,,Mixed,Primary,25.0752038169774,69.0042378063278,,,2026-05-08,10:13:45,,Naresh Kumar,Open,Any Other Building,No Boundary Wall,,5,,,,,,NA,No,Partial,,NA,NA,NA,,,,232,,145,,377,,1,1,,,,,,,,,,,,,,,,,,,,,,,,,,,,,,,,,,,,,
Naresh Kumar,630,401030357,Badin,Matli,Budho Qambrani,,GBPS CHANESAR KALOI,,Boys,Primary,25.0046831017705,69.0665213646044,,,2025-11-10,12:52:23,,Ameer Ahmed Khoso,,Shared with Other Government school building (SEMIS Code),No Boundary Wall,,02,,,,,,NA,No,Partial,,NA,NA,NA,,,,206,,109,,315,,2,1,,,,,,,,,,,,,,,,,,,,,,,,,,,,,,,,,,,,,
Naresh Kumar,631,401030358,Badin,Matli,Bhudo Kambrani,,GBPS HAJI DITAL BUGHARI,,Mixed,Primary,25.0219467864976,69.0689796714329,,,2025-11-10,12:12:48,,Ameer Ahmed Khoso,,Government Building,No Boundary Wall,,0,,,,,,NA,No,Yes,,NA,NA,NA,,,,204,,155,,359,,1,1,,,,,,,,,,,,,,,,,,,,,,,,,,,,,,,,,,,,,
Naresh Kumar,632,401030359,Badin,Matli,Chhato Madrani,,GBPS HAJI KHAN KHOSO,,Mixed,Primary,25.0112060815997,69.0793691477469,,,2025-09-04,10:46:20,,Behzad Ali Memon,,Government Building,No Boundary Wall,,02,,,,,,NA,Yes,Partial,,NA,NA,NA,,,,192,,167,,359,,3,2,,,,,,,,,,,,,,,,,,,,,,,,,,,,,,,,,,,,,
Naresh Kumar,633,401030360,Badin,Matli,Bhudo Kambrani,,GBPS MUHAMMAD HALEPOTO,,Mixed,Primary,24.9885061641565,69.0694516610872,,,2026-02-26,11:10:52,,Naresh Kumar,,Government Building,No Boundary Wall,,0,,,,,,NA,No,Partial,,Not available,Not available,Not available,,,,234,,147,,381,,3,2,,,,,,,,,,,,,,,,,,,,,,,,,,,,,,,,,,,,,
Naresh Kumar,634,401030387,Badin,Matli,Budho Qambrani,,GBPS HAJI FAZAL TALPUR,,Mixed,Primary,25.1114029148671,69.005590965871,,,2025-11-12,10:58:55,,Naresh Kumar,,Government Building,Needs Repair,,2,,,,,,Simple Water Cooler,Yes,Yes,,NA,NA,NA,,,,160,,141,,301,,1,1,,,,,,,,,,,,,,,,,,,,,,,,,,,,,,,,,,,,,
Naresh Kumar,635,401030388,Badin,Matli,Budho Qambrani,,GBPS HAJI LAKHA DINO TALPUR,,Mixed,Primary,25.0944311565528,69.0291944012798,,,2026-05-07,10:40:15,,Naresh Kumar,,Government Building,No Boundary Wall,,02,,,,,,NA,No,Yes,,Not available,Not available,Not available,,,,128,,125,,253,,1,1,,,,,,,,,,,,,,,,,,,,,,,,,,,,,,,,,,,,,
Naresh Kumar,636,401030390,Badin,Matli,Chhato Madrani,,GBPS LOUNG KHAN JATOI,,Mixed,Primary,25.1033782356789,69.0116473993179,,,2026-05-07,10:18:09,,Naresh Kumar,,NA,NA,,02,,,,,,NA,NA,Yes,,Not available,Not available,Not available,,,,116,,123,,239,,1,,,,,,,,,,,,,,,,,,,,,,,,,,,,,,,,,,,,,,
Naresh Kumar,637,401030395,Badin,Matli,Chhato Madrani,,GBPS CHAKAR KHAN KALOI,,Mixed,Primary,25.0365348941942,69.0264451805773,,,2025-11-10,09:30:12,,Ameer Ahmed Khoso,chapra,No Building,No Boundary Wall,,2,,,,,,NA,No,Partial,,NA,NA,NA,,,,348,,221,,569,,4,4,,,,,,,,,,,,,,,,,,,,,,,,,,,,,,,,,,,,,
Naresh Kumar,638,401030398,Badin,Matli,Chhato Madrani,,GBPS CHAMAN ABAD,,Boys,Primary,25.0155755148717,69.1085753480223,,,2025-09-04,09:28:46,,Behzad Ali Memon,Open,Government Building,No Boundary Wall,,2,,,,,,Simple Water Cooler,No,Partial,,NA,NA,NA,,,,152,,151,,303,,1,1,,,,,,,,,,,,,,,,,,,,,,,,,,,,,,,,,,,,,
Naresh Kumar,639,401030401,Badin,Matli,Chhato Madrani,,GBPS ALLAH JURIO JARWAR,,Boys,Primary,25.0344339048768,69.0816682902212,,,2025-09-04,11:47:26,,Behzad Ali Memon,,Government Building,Dangerous,,2,,,,,,NA,No,Yes,,NA,NA,NA,,,,170,,151,,321,,1,1,,,,,,,,,,,,,,,,,,,,,,,,,,,,,,,,,,,,,
Naresh Kumar,640,401030402,Badin,Matli,Bhudo Kambrani,,GBPS GHULAM NABI JARWAR,,Boys,Primary,25.0025160573332,69.0785649399853,,,2025-11-10,11:16:02,,Imran Khan Khowaja,Open,No Building,No Boundary Wall,,0,,,,,,NA,No,Partial,,Not available,Not available,Not available,,,,152,,115,,267,,1,1,,,,,,,,,,,,,,,,,,,,,,,,,,,,,,,,,,,,,
Naresh Kumar,641,401030405,Badin,Matli,Budho Qambrani,,GBPS MUHAMMAD HASHIM RIND,,Boys,Primary,25.0220711238418,69.0557858541425,,,2026-02-24,11:36:08,,Naresh Kumar,,Government Building,Needs Repair,,02,,,,,,NA,No,Yes,,NA,NA,NA,,,,148,,161,,309,,2,2,,,,,,,,,,,,,,,,,,,,,,,,,,,,,,,,,,,,,
Naresh Kumar,642,401030406,Badin,Matli,Chhato Madrani,,GBPS GHULAM HYDER JUNEJO,,Mixed,Primary,25.0262146220763,69.0583813486868,,,2025-11-10,11:53:04,,Ameer Ahmed Khoso,,Government Building,Dangerous,,2,,,,,,NA,No,Partial,,NA,NA,NA,,,,270,,153,,423,,3,3,,,,,,,,,,,,,,,,,,,,,,,,,,,,,,,,,,,,,
Naresh Kumar,643,401030408,Badin,Matli,Budho Qambrani,,GBPS TAJ KHAN RIND,,Mixed,Primary,25.0271292124298,69.0443730354309,,,2025-11-10,11:23:25,,Ameer Ahmed Khoso,,Government Building,No Boundary Wall,,02,,,,,,NA,No,Partial,,NA,NA,NA,,,,208,,165,,373,,2,2,,,,,,,,,,,,,,,,,,,,,,,,,,,,,,,,,,,,,
Naresh Kumar,644,401030409,Badin,Matli,Budho Qambrani,,GBPS JAN MUHAMMAD JARWAR,,Mixed,Primary,25.014427812615,69.0869196190752,,,2025-09-04,09:52:41,,Behzad Ali Memon,,Government Building,Dangerous,,2,,,,,,NA,No,Yes,,NA,NA,NA,,,,198,,155,,353,,3,2,,,,,,,,,,,,,,,,,,,,,,,,,,,,,,,,,,,,,
Naresh Kumar,645,401030411,Badin,Matli,Budho Qambrani,,GBPS HAJI SHAH DIN ARAIN,,Mixed,Primary,25.0612630222868,69.0244428758545,,,2026-02-10,11:22:32,,Naresh Kumar,,Government Building,Needs Repair,,04,,,,,,NA,No,Yes,,Not available,Not available,Not available,,,,114,,123,,237,,1,1,,,,,,,,,,,,,,,,,,,,,,,,,,,,,,,,,,,,,
Naresh Kumar,646,401030417,Badin,Matli,Aman Abad,,GBPS PIR BUX CHANDIO,,Mixed,Primary,25.0523190712369,69.074459373951,,,2025-11-25,10:08:58,,Naresh Kumar,,NA,NA,,1,,,,,,NA,NA,Yes,,NA,NA,NA,,,,156,,133,,289,,,,,,,,,,,,,,,,,,,,,,,,,,,,,,,,,,,,,,,,
Naresh Kumar,647,401030420,Badin,Matli,Budho Qambrani,,GBPS TAJ MUHAMMAD JUNEJO,,Mixed,Primary,25.0694205355462,69.048789302772,,,2025-12-15,11:23:45,,Naresh Kumar,,Government Building,No Boundary Wall,,03,,,,,,NA,No,Yes,,Not available,Not available,Not available,,,,172,,131,,303,,1,1,,,,,,,,,,,,,,,,,,,,,,,,,,,,,,,,,,,,,
Naresh Kumar,648,401030594,Badin,Matli,Aman Abad,,GBPS IBRAHIM JUNEJO,,Mixed,Primary,25.0729638807521,69.0544085279125,,,2026-02-13,12:07:55,,Naresh Kumar,,Government Building,Needs Repair,,0,,,,,,NA,No,Yes,,Not available,Not available,Not available,,,,204,,161,,365,,1,1,,,,,,,,,,,,,,,,,,,,,,,,,,,,,,,,,,,,,
Naresh Kumar,649,401030615,Badin,Matli,TC - Tando Ghulam Ali,,GBPS ALLAH BACHAYIO KHASKHELI,,Boys,Primary,25.1456997951058,68.9226410137162,,,2026-05-14,11:28:45,,Naresh Kumar,,NA,NA,,1,,,,,,NA,NA,Partial,,NA,NA,NA,,,,268,,175,,443,,2,,,,,,,,,,,,,,,,,,,,,,,,,,,,,,,,,,,,,,
Naresh Kumar,650,401030623,Badin,Matli,Budho Qambrani,,GBPS SHER MUHAMMAD KALOI,,Mixed,Primary,25.0055277522444,69.0387135712716,,,2025-11-10,09:04:02,,Ameer Ahmed Khoso,,NA,NA,,2,,,,,,NA,NA,Partial,,NA,NA,NA,,,,176,,125,,301,,2,,,,,,,,,,,,,,,,,,,,,,,,,,,,,,,,,,,,,,
Naresh Kumar,651,401030625,Badin,Matli,Aman Abad,,GBPS MUHAMMAD QASIM HAJANO,,Mixed,Primary,25.0536092596965,69.0966224780235,,,2025-11-25,10:20:06,,Naresh Kumar,,Government Building,No Boundary Wall,,2,,,,,,NA,NA,Yes,,NA,NA,NA,,,,190,,149,,339,,1,1,,,,,,,,,,,,,,,,,,,,,,,,,,,,,,,,,,,,,
Naresh Kumar,652,401030659,Badin,Matli,Chhato Madrani,,GGLSS MUHAMMED KHAN JARWAR,,Girls,Middle,25.0440814948145,69.1132494924913,,,2025-11-25,12:23:43,,Naresh Kumar,Open,Government Building,Satisfactory,,5,,,,,,NA,No,Yes,,NA,NA,NA,,,,104,,149,,253,,2,1,,,,,,,,,,,,,,,,,,,,,,,,,,,,,,,,,,,,,
Naresh Kumar,653,401030665,Badin,Matli,Chhato Madrani,,GBLSS SORHADI,,Mixed,Middle,25.0315491377385,69.1196492192747,,,2026-05-13,11:17:49,,Naresh Kumar,,Government Building,Satisfactory,,5,,,,,,,Yes,Yes,,NA,NA,NA,,,,194,,185,,379,,3,2,,,,,,,,,,,,,,,,,,,,,,,,,,,,,,,,,,,,,
Naresh Kumar,654,401030667,Badin,Matli,Budho Qambrani,,GBHS BUDHO QUMBRANI,,Mixed,Secondary,25.037845872194,69.0161991339035,,,2026-02-10,11:42:54,,Naresh Kumar,Open,Government Building,No Boundary Wall,,06,,,,,,Simple Water Cooler,Yes,Partial,,NA,NA,NA,,,,718,,255,,973,,15,11,,,,,,,,,,,,,,,,,,,,,,,,,,,,,,,,,,,,,
Naresh Kumar,655,401030668,Badin,Matli,Chhato Madrani,,GBHS CHHUTTO MADRANI,,Mixed,Secondary,25.1115109927329,68.9885616396626,,,2026-02-25,10:37:17,,Naresh Kumar,,Government Building,Satisfactory,,015,,,,,,Simple Water Cooler,Yes,Partial,,Available but not functional,Not available,Not available,,,,406,,297,,703,,14,13,,,,,,,,,,,,,,,,,,,,,,,,,,,,,,,,,,,,,
Naresh Kumar,656,401030669,Badin,Matli,Budho Qambrani,,GBLSS DODO MANDHRANI,,Mixed,Middle,25.0878288418269,68.9908843965842,,,2026-05-11,10:41:16,,Naresh Kumar,Open,Government Building,Satisfactory,,5,,,,,,Simple Water Cooler,No,Partial,,NA,NA,NA,,,,192,,163,,355,,2,2,,,,,,,,,,,,,,,,,,,,,,,,,,,,,,,,,,,,,
Naresh Kumar,657,401030678,Badin,Matli,Chhato Madrani,,GBHS ABDUL HAQUE BHURGRI,,Mixed,Secondary,25.0449692507244,69.0954637183409,,,2025-11-25,10:36:25,,Naresh Kumar,,Government Building,Satisfactory,,10,,,,,,Electric Water Cooler,Yes,Partial,,NA,NA,NA,,,,988,,465,,1453,,15,12,,,,,,,,,,,,,,,,,,,,,,,,,,,,,,,,,,,,,
Naresh Kumar,658,401030693,Badin,Matli,Budho Qambrani,,GBHSS UMER DIN PUNJABI,,Mixed,Hi.Secondary,25.0761652303898,68.979669205622,,,2026-01-13,12:55:03,,Naresh Kumar,,Government Building,Satisfactory,,19,,,,,,Simple Water Cooler,Yes,Yes,,Available but not functional,Available but not functional,Available and functional,,,,2548,,1111,,3659,,29,24,,,,,,,,,,,,,,,,,,,,,,,,,,,,,,,,,,,,,
Naresh Kumar,659,401030697,Badin,Matli,Aman Abad,,GBHSS AMAN ABAD,,Mixed,Hi.Secondary,25.0272741900001,69.1008294143868,,,2025-10-16,13:16:14,,Zeb Ali Rajo,,Government Building,Satisfactory,,NA,,,,,,Simple Water Cooler,Yes,Yes,,NA,NA,NA,,,,1958,,917,,2875,,29,22,,,,,,,,,,,,,,,,,,,,,,,,,,,,,,,,,,,,,
Naresh Kumar,660,401030700,Badin,Matli,Chhato Madrani,,GBHS NIZAM U DIN ARAIN,,Mixed,Secondary,25.0750013913582,69.0041166433917,,,2026-05-08,09:25:11,,Naresh Kumar,,Government Building,Satisfactory,,15,,,,,,Simple Water Cooler,Yes,Yes,,Available but not functional,Not available,Not available,,,,280,,299,,579,,14,6,,,,,,,,,,,,,,,,,,,,,,,,,,,,,,,,,,,,,
Naseeruddin Korejo,661,401010024,Badin,Badin,Luari Sharif,,GBELS LAWARI SHAREEF,,Boys,Elementary,24.5574016030346,68.9046795626485,,,2026-02-13,10:16:57,,Iahtsham Hussain Khatti,Open,Government Building,Needs Repair,,09,,,,,,Simple Water Cooler,Yes,Yes,,Not available,Not available,Available but not functional,,,,692,,137,,829,,11,10,,,,,,,,,,,,,,,,,,,,,,,,,,,,,,,,,,,,,
Naseeruddin Korejo,662,401010108,Badin,Badin,Behdami,,GBPS WALI MUHAMMAD JAMALI,,Mixed,Primary,24.3627253615847,69.0386612699607,,,2025-11-29,08:53:27,,Naseeruddin Korejo,,NA,NA,,0,,,,,,NA,NA,Partial,,Not available,Not available,Not available,,,,168,,173,,341,,2,,,,,,,,,,,,,,,,,,,,,,,,,,,,,,,,,,,,,,
Naseeruddin Korejo,663,401010109,Badin,Badin,Behdami,,GBLSS AHMED RAHMOON,,Mixed,Middle,24.3672088484189,69.0432022490384,,,2025-11-29,09:24:02,,Naseeruddin Korejo,,Government Building,No Boundary Wall,,05,,,,,,Direct Handpump,No,Partial,,Not available,Not available,Not available,,,,236,,135,,371,,2,2,,,,,,,,,,,,,,,,,,,,,,,,,,,,,,,,,,,,,
Naseeruddin Korejo,664,401010129,Badin,Badin,Abdullah Shah,,GGPS HAJI MUHAMMAD BOHAR,,Girls,Primary,24.5580651687066,68.9905089136669,,,2026-05-12,11:11:19,,Naseeruddin Korejo,,NA,NA,,02,,,,,,NA,NA,Partial,,Not available,Not available,Not available,,,,104,,237,,341,,3,,,,,,,,,,,,,,,,,,,,,,,,,,,,,,,,,,,,,,
Naseeruddin Korejo,665,401010202,Badin,Badin,Behdami,,GGPS SYED IBRAHIM SHAH,,Girls,Primary,24.4598020191837,68.9953234983983,,,2026-05-13,11:03:02,,Naseeruddin Korejo,running in building of another school,Shared with Other Government school building (SEMIS Code),No Boundary Wall,,01,,,,,,NA,No,Partial,,Not available,Not available,Not available,,,,198,,171,,369,,3,2,,,,,,,,,,,,,,,,,,,,,,,,,,,,,,,,,,,,,
Naseeruddin Korejo,666,401010301,Badin,Badin,Shaheed Dodo Soomro@ Lakho Pir,,GBPS MUHAMMAD HASHIM MANDHRO,,Mixed,Primary,24.4307992825169,68.9232692869806,,,2026-05-14,10:17:38,,Naseeruddin Korejo,,Government Building,No Boundary Wall,,NA,,,,,,NA,No,Yes,,Not available,Not available,Not available,,,,168,,143,,311,,1,1,,,,,,,,,,,,,,,,,,,,,,,,,,,,,,,,,,,,,
Naseeruddin Korejo,667,401010332,Badin,Badin,Mitho Khan Cahndio,,GBPS MUHAMMAD UMAR KHOSO,,Mixed,Primary,24.3943849511207,69.0733060230845,,,2026-05-07,10:27:45,,Naseeruddin Korejo,,Government Building,Needs Repair,,02,,,,,,NA,No,Partial,,Not available,Not available,Not available,,,,150,,143,,293,,1,1,,,,,,,,,,,,,,,,,,,,,,,,,,,,,,,,,,,,,
Naseeruddin Korejo,668,401010406,Badin,Badin,Luari Sharif,,GBPS KARIM DINO SOOMRO,,Mixed,Primary,24.5543069192703,68.8951416278997,,,2025-12-17,09:01:39,,Naseeruddin Korejo,Open,Government Building,No Boundary Wall,,02,,,,,,Direct Handpump,No,Partial,,Not available,Not available,Not available,,,,172,,161,,333,,3,3,,,,,,,,,,,,,,,,,,,,,,,,,,,,,,,,,,,,,
Naseeruddin Korejo,669,401010412,Badin,Badin,Luari Sharif,,GBPS AHMED BAJIR,,Mixed,Primary,24.5598362612309,68.9466252941318,,,2025-11-08,10:34:39,,Asif Ali Talpur,,NA,NA,,01,,,,,,NA,NA,Partial,,Not available,Not available,Not available,,,,166,,127,,293,,1,,,,,,,,,,,,,,,,,,,,,,,,,,,,,,,,,,,,,,
Naseeruddin Korejo,670,401010424,Badin,Badin,Behdami,,GBPS JALALUDDIN PUNJABI @ MAMMON MALLAH,,Mixed,Primary,24.51008347955,68.9403113743656,,,2025-12-03,12:00:01,,Naseeruddin Korejo,shelter less,No Building,No Boundary Wall,,0,,,,,,NA,No,Partial,,Not available,Not available,Available but not functional,,,,198,,181,,379,,2,2,,,,,,,,,,,,,,,,,,,,,,,,,,,,,,,,,,,,,
Naseeruddin Korejo,671,401010427,Badin,Badin,Shaheed Rani @ Allah Dino Jamali,,GBPS SONOO KHAN CHANDIO,,Mixed,Primary,24.5107577163971,69.0120309586717,,,2025-11-20,11:42:55,,Naseeruddin Korejo,,NA,NA,,0,,,,,,NA,NA,Partial,,Not available,Not available,Not available,,,,182,,145,,327,,1,,,,,,,,,,,,,,,,,,,,,,,,,,,,,,,,,,,,,,
Naseeruddin Korejo,672,401010440,Badin,Badin,TC - Khadhan,,GBPS TAMACHI BAJIR,,Mixed,Primary,24.4743274048935,68.994587885505,,,2026-05-13,10:39:04,,Naseeruddin Korejo,Open,Government Building,Needs Repair,,02,,,,,,NA,No,Partial,,Not available,Not available,Not available,,,,180,,163,,343,,1,1,,,,,,,,,,,,,,,,,,,,,,,,,,,,,,,,,,,,,
Naseeruddin Korejo,673,401010468,Badin,Badin,Behdami,,GBPS MALOOK RAHIMOON,,Boys,Primary,24.3716347563165,69.0045958745633,,,2025-11-14,11:41:36,,Naseeruddin Korejo,,NA,NA,,2,,,,,,NA,NA,Yes,,Not available,Not available,Not available,,,,182,,137,,319,,1,,,,,,,,,,,,,,,,,,,,,,,,,,,,,,,,,,,,,,
Naseeruddin Korejo,674,401010499,Badin,Badin,Muhammad Khan Bhurgari,,GBPS KOREJA,,Mixed,Primary,24.5751873588776,68.8737925840034,,,2026-05-08,09:10:50,,Naseeruddin Korejo,Open,Government Building,No Boundary Wall,,03,,,,,,NA,No,Partial,,Not available,Not available,Available but not functional,,,,158,,153,,311,,2,1,,,,,,,,,,,,,,,,,,,,,,,,,,,,,,,,,,,,,
Naseeruddin Korejo,675,401010501,Badin,Badin,Luari Sharif,,GBPS UMER KHASKHELI,,Boys,Primary,24.5410778464818,68.8634312120827,,,2026-05-25,09:46:03,,Naseeruddin Korejo,,Pakka/RCC/Tier Guarder,No Boundary Wall,,02,,,,,,NA,No,Partial,,Not available,Not available,Available but not functional,,,,224,,225,,449,,2,2,,,,,,,,,,,,,,,,,,,,,,,,,,,,,,,,,,,,,
Naseeruddin Korejo,676,401010512,Badin,Badin,Chakar Panhwer,,GBPS CHAKAR PANHWAR,,Boys,Primary,24.4909411062373,69.0633517054565,,,2025-11-05,12:03:23,,Mashooque Ahmed Khatti,merged in GBLSS CHAKER KHAN PANHWER 401010804,Shared with Other Government school building (SEMIS Code),Needs Repair,,4,,,,,,Simple Water Cooler,No,Partial,,Not available,Not available,Not available,,,,210,,205,,415,,3,1,,,,,,,,,,,,,,,,,,,,,,,,,,,,,,,,,,,,,
Naseeruddin Korejo,677,401010564,Badin,Badin,Abdullah Shah,,GBPS HAJI KHAN MUHAMMAD JAMALI,,Mixed,Primary,24.5522942174662,68.9643520099153,,,2026-05-12,10:14:07,,Naseeruddin Korejo,,Government Building,Dangerous,,02,,,,,,NA,No,Partial,,Not available,Not available,Available but not functional,,,,128,,117,,245,,1,1,,,,,,,,,,,,,,,,,,,,,,,,,,,,,,,,,,,,,
Naseeruddin Korejo,678,401010581,Badin,Badin,Mithi-III,,GBPS WALAM MANGHWAR,,Mixed,Primary,24.4660898017898,69.087715171984,,,2025-09-18,12:39:02,,Mashooque Ahmed Khatti,,Government Building,No Boundary Wall,,2,,,,,,NA,No,Partial,,Not available,Not available,Not available,,,,174,,159,,333,,1,1,,,,,,,,,,,,,,,,,,,,,,,,,,,,,,,,,,,,,
Naseeruddin Korejo,679,401010596,Badin,Badin,Mithi Village,,GBPS RAHAMAT KHAN BHATTI,,Mixed,Primary,24.4950830692634,69.0873841849054,,,2025-09-18,11:45:56,,Mashooque Ahmed Khatti,,Government Building,No Boundary Wall,,1,,,,,,Direct Handpump,No,Yes,,Not available,Not available,Not available,,,,160,,153,,313,,1,1,,,,,,,,,,,,,,,,,,,,,,,,,,,,,,,,,,,,,
Naseeruddin Korejo,680,401010630,Badin,Badin,Behdami,,GBPS AHMAD RAHMOON,,Mixed,Primary,24.3675295128964,69.0432451657556,,,2025-11-29,08:59:53,,Naseeruddin Korejo,,Government Building,Needs Repair,,03,,,,,,Direct Handpump,No,Partial,,Not available,Not available,Not available,,,,390,,267,,657,,5,5,,,,,,,,,,,,,,,,,,,,,,,,,,,,,,,,,,,,,
Naseeruddin Korejo,681,401010647,Badin,Badin,Luari Sharif,,GBPS BANGAL LAGHARI,,Mixed,Primary,24.5190685563977,68.9476056395654,,,2026-02-10,11:45:57,,Asif Ali Talpur,,Pakka/RCC/Tier Guarder,No Boundary Wall,,0,,,,,,NA,No,Partial,,Not available,Not available,Not available,,,,150,,175,,325,,1,1,,,,,,,,,,,,,,,,,,,,,,,,,,,,,,,,,,,,,
Naseeruddin Korejo,682,401010683,Badin,Badin,Abdullah Shah,,GBPS EIDOO KHAN JAMALI,,Mixed,Primary,24.556572113888,68.9765815428994,,,2026-05-12,10:42:52,,Naseeruddin Korejo,Open,Government Building,Needs Repair,,02,,,,,,NA,No,Yes,,Not available,Not available,Not available,,,,146,,129,,275,,2,1,,,,,,,,,,,,,,,,,,,,,,,,,,,,,,,,,,,,,
Naseeruddin Korejo,683,401010690,Badin,Badin,Mitho Khan Chandio,,GBPS MUHAMMAD YAKOOQ RAHEMOON,,Mixed,Primary,24.3826043306902,69.0474464913862,,,2026-05-07,11:25:29,,Naseeruddin Korejo,,Government Building,Needs Repair,,02,,,,,,,No,Yes,,Not available,Not available,Not available,,,,168,,201,,369,,2,2,,,,,,,,,,,,,,,,,,,,,,,,,,,,,,,,,,,,,
Naseeruddin Korejo,684,401010727,Badin,Badin,TC - Khadhan,,GBPS MASU KHAN CHANDIO,,Mixed,Primary,24.4820493018076,68.9831757545471,,,2025-11-19,09:52:47,,Naseeruddin Korejo,Open,No Building,No Boundary Wall,,0,,,,,,NA,No,Partial,,Not available,Not available,Not available,,,,182,,163,,345,,1,1,,,,,,,,,,,,,,,,,,,,,,,,,,,,,,,,,,,,,
Naseeruddin Korejo,685,401010733,Badin,Badin,Behdami,,GBPS MUHAMMAD SADDIQUE BAJEER,,Mixed,Primary,24.483876408036,68.9592477671658,,,2025-11-19,10:35:06,,Naseeruddin Korejo,,No Building,No Boundary Wall,,0,,,,,,NA,No,Partial,,Not available,Not available,Not available,,,,186,,187,,373,,2,2,,,,,,,,,,,,,,,,,,,,,,,,,,,,,,,,,,,,,
Naseeruddin Korejo,686,401010804,Badin,Badin,Chakar Panhwer,,GBLSS CHAKAR PANHWAR,,Mixed,Middle,24.4910056923072,69.0633085347831,,,2025-11-05,11:54:56,,Mashooque Ahmed Khatti,Open,Government Building,Needs Repair,,04,,,,,,Simple Water Cooler,No,Yes,,Not available,Not available,Not available,,,,194,,169,,363,,3,2,,,,,,,,,,,,,,,,,,,,,,,,,,,,,,,,,,,,,
Naseeruddin Korejo,687,401010819,Badin,Badin,Luari Sharif,,GBHSS LUWARI SHARIF,,Boys,Hi.Secondary,24.554649704839,68.9094606010526,,,2026-02-10,10:47:54,,Asif Ali Talpur,Open,Government Building,Dangerous,,020,,,,,,Overhead Water Tank,Yes,Partial,,Available but not functional,Available but not functional,Available and functional,,,,1840,,325,,2165,,33,24,,,,,,,,,,,,,,,,,,,,,,,,,,,,,,,,,,,,,
Naseeruddin Korejo,688,401010824,Badin,Badin,Luari Sharif,,GGHS LUWARI SHARIF,,Girls,Secondary,24.5601375867757,68.9045253369882,,,2025-11-27,11:06:40,,Naseeruddin Korejo,Open,Shared with Other Government school building (SEMIS Code),Needs Repair,,4,,,,,,NA,Yes,Partial,,Not available,Not available,Available and functional,,,,104,,815,,919,,19,16,,,,,,,,,,,,,,,,,,,,,,,,,,,,,,,,,,,,,
Naseeruddin Korejo,689,401020049,Badin,"Shaheed Fazal Rahu, Golarchi",Rahuki,,GBPS HAJI MISRI SAMEJO,,Boys,Primary,24.7320756184412,68.6683159271503,,,2025-11-13,13:04:21,,Asim Ahmed Jamali,Open,No Building,No Boundary Wall,,04,,,,,,NA,No,Partial,,Not available,Not available,Not available,,,,340,,105,,445,,4,2,,,,,,,,,,,,,,,,,,,,,,,,,,,,,,,,,,,,,
Naseeruddin Korejo,690,401020060,Badin,"Shaheed Fazal Rahu, Golarchi",Gharo,,GBPS GHARO,,Boys,Primary,24.7763654189273,68.7332099678615,,,2026-05-07,11:12:11,,Ali Hyder Baloch,,Government Building,Dangerous,,03,,,,,,NA,No,Partial,,Not available,Not available,Not available,,,,144,,125,,269,,1,1,,,,,,,,,,,,,,,,,,,,,,,,,,,,,,,,,,,,,
Naseeruddin Korejo,691,401020079,Badin,"Shaheed Fazal Rahu, Golarchi",Terai,,GBPS USMAN ABAD,,Mixed,Primary,24.7430008086684,68.6561769180331,,,2025-11-13,12:03:01,,Asim Ahmed Jamali,Hut,No Building,No Boundary Wall,,02,,,,,,Simple Water Cooler,No,Yes,,Not available,Not available,Not available,,,,134,,127,,261,,1,1,,,,,,,,,,,,,,,,,,,,,,,,,,,,,,,,,,,,,
Naseeruddin Korejo,692,401020098,Badin,"Shaheed Fazal Rahu, Golarchi",Tarai,,GGPS MITHO HAJAM,,Girls,Primary,24.6861932600678,68.6473417321821,,,2025-11-19,11:38:45,,Asim Ahmed Jamali,,NA,NA,,02,,,,,,NA,NA,No,,Not available,Not available,Not available,,,,104,,161,,265,,1,,,,,,,,,,,,,,,,,,,,,,,,,,,,,,,,,,,,,,
Naseeruddin Korejo,693,401020127,Badin,"Shaheed Fazal Rahu, Golarchi",Gharo,,GGPS AHMED CHANG,,Mixed,Primary,24.7873798584201,68.6878256495547,,,2026-05-15,09:46:43,,Asim Ahmed Jamali,Chapra,No Building,No Boundary Wall,,0,,,,,,NA,No,Yes,,Not available,Not available,Not available,,,,140,,131,,271,,2,1,,,,,,,,,,,,,,,,,,,,,,,,,,,,,,,,,,,,,
Naseeruddin Korejo,694,401020137,Badin,"Shaheed Fazal Rahu, Golarchi",Tarai,,GBPS FAIZ MUHAMMAD SAMEJO @ MIR MUHAMMAD,,Mixed,Primary,24.7005249014838,68.6266679401753,,,2025-11-11,12:13:24,,Asim Ahmed Jamali,Open,Government Building,Satisfactory,,01,,,,,,NA,No,Yes,,Not available,Not available,Not available,,,,160,,157,,317,,1,1,,,,,,,,,,,,,,,,,,,,,,,,,,,,,,,,,,,,,
Naseeruddin Korejo,695,401020138,Badin,"Shaheed Fazal Rahu, Golarchi",Terai,,GGPS ALI MUHAMMAD NOTKANI@ MISSRI SAMEJO,,Girls,Primary,24.732043403654,68.6681154462451,,,2026-02-17,10:35:44,,Muhammad Asghar Arain,The school building is extremely dangerous thus the school is functional in middle school building on shared building,Government Building,No Boundary Wall,,01,,,,,,NA,No,Partial,,Not available,Not available,Not available,,,,104,,179,,283,,1,1,,,,,,,,,,,,,,,,,,,,,,,,,,,,,,,,,,,,,
Naseeruddin Korejo,696,401020162,Badin,"Shaheed Fazal Rahu, Golarchi",Gharo,,GBPS MUHAMMAD HASSAN MUGHERI,,Mixed,Primary,24.766610377644,68.7579225003223,,,2026-05-14,10:54:46,,Ali Hyder Baloch,hut,No Building,No Boundary Wall,,0,,,,,,NA,NA,Partial,,Not available,Not available,Not available,,,,196,,181,,377,,1,1,,,,,,,,,,,,,,,,,,,,,,,,,,,,,,,,,,,,,
Naseeruddin Korejo,697,401020297,Badin,"Shaheed Fazal Rahu, Golarchi",Terai,,GBPS SALEH SAMEJO,,Mixed,Primary,24.7136293004833,68.6410988887936,,,2025-11-19,12:40:29,,Asim Ahmed Jamali,Open,Government Building,Dangerous,,02,,,,,,NA,No,Partial,,Not available,Not available,Not available,,,,174,,179,,353,,2,1,,,,,,,,,,,,,,,,,,,,,,,,,,,,,,,,,,,,,
Naseeruddin Korejo,698,401020348,Badin,"Shaheed Fazal Rahu, Golarchi",Gharo,,GBPS ALLAH JURIO JUNEJO,,Mixed,Primary,24.7681532855948,68.7065380811691,,,2026-01-13,11:14:24,,Zeb Ali Rajo,,Government Building,No Boundary Wall,,02,,,,,,NA,No,Partial,,Not available,Not available,Not available,,,,134,,129,,263,,1,,,,,,,,,,,,,,,,,,,,,,,,,,,,,,,,,,,,,,
Naseeruddin Korejo,699,401020425,Badin,"Shaheed Fazal Rahu, Golarchi",Terai,,GBPS MIRAN PATEL SAMEJO,,Mixed,Primary,24.7013400049115,68.6442987597001,,,2026-02-18,10:48:51,,Muhammad Asghar Arain,Open,Government Building,Dangerous,,01,,,,,,NA,No,Partial,,Not available,Not available,Not available,,,,178,,157,,335,,2,2,,,,,,,,,,,,,,,,,,,,,,,,,,,,,,,,,,,,,
Naseeruddin Korejo,700,401020455,Badin,"Shaheed Fazal Rahu, Golarchi",Gharo,,GBPS SALEH KHASKHELI@DODO MALLAH.,,Boys,Primary,24.7555100583596,68.702361881435,,,2026-01-12,13:06:51,,Zeb Ali Rajo,chapra school,No Building,No Boundary Wall,,0,,,,,,NA,No,Partial,,Not available,Not available,Not available,,,,164,,131,,295,,1,1,,,,,,,,,,,,,,,,,,,,,,,,,,,,,,,,,,,,,
Naseeruddin Korejo,701,401020461,Badin,"Shaheed Fazal Rahu, Golarchi",Tarai,,GBPS ALLAH JURIO MEMON,,Mixed,Primary,24.7089145286683,68.6431990617884,,,2025-11-19,12:33:08,,Asim Ahmed Jamali,Open,No Building,No Boundary Wall,,0,,,,,,Simple Water Cooler,Yes,Yes,,Not available,Not available,Not available,,,,202,,121,,323,,1,1,,,,,,,,,,,,,,,,,,,,,,,,,,,,,,,,,,,,,
Naseeruddin Korejo,702,401020465,Badin,"Shaheed Fazal Rahu, Golarchi",Tarai,,GBPS MUHAMMAD URIS JUNEJO,,Mixed,Primary,24.7191710894357,68.6655217442496,,,2025-11-13,12:27:25,,Asim Ahmed Jamali,,Government Building,No Boundary Wall,,02,,,,,,NA,No,Yes,,Not available,Not available,Not available,,,,150,,131,,281,,1,1,,,,,,,,,,,,,,,,,,,,,,,,,,,,,,,,,,,,,
Naseeruddin Korejo,703,401020539,Badin,"Shaheed Fazal Rahu, Golarchi",Gharo,,GBLSS GHARO,,Boys,Middle,24.7784670787138,68.7345349792638,,,2026-05-07,11:37:32,,Ali Hyder Baloch,,Government Building,Dangerous,,06,,,,,,NA,No,Partial,,Not available,Not available,Not available,,,,150,,119,,269,,6,4,,,,,,,,,,,,,,,,,,,,,,,,,,,,,,,,,,,,,
Naveed Raza Khan Nizamani,704,401030016,Badin,Matli,Ghazi Khan Chang,,GBPS KOT ABDULLAH,,Mixed,Primary,25.208652953093,68.9383024016996,,,2025-12-04,10:27:00,,Zeb Ali Rajo,,Government Building,No Boundary Wall,,2,,,,,,NA,No,Partial,,NA,NA,NA,,,,198,,159,,357,,2,2,,,,,,,,,,,,,,,,,,,,,,,,,,,,,,,,,,,,,
Naveed Raza Khan Nizamani,705,401030033,Badin,Matli,Tharo Kot @ Ali Muhammad Bozdar,,GBPS HUSSAIN BUX ARAIN,,Mixed,Primary,25.0665059017038,68.9620589186665,,,2025-11-24,10:24:53,,Zain Ul Abideen Nizamani,,Government Building,Dangerous,,0,,,,,,NA,No,Partial,,Not available,Not available,Not available,,,,396,,219,,615,,4,3,,,,,,,,,,,,,,,,,,,,,,,,,,,,,,,,,,,,,
Naveed Raza Khan Nizamani,706,401030034,Badin,Matli,Tharo Kot @ Ali Muhammad Bozdar,,GBPS ALI MUHAMMAD BOZDAR,,Mixed,Primary,25.0664696020895,68.9489675725477,,,2026-05-21,09:08:57,,Naveed Raza Khan Nizamani,,NA,NA,,03,,,,,,NA,NA,Yes,,Not available,Not available,Not available,,,,254,,105,,359,,2,,,,,,,,,,,,,,,,,,,,,,,,,,,,,,,,,,,,,,
Naveed Raza Khan Nizamani,707,401030089,Badin,Matli,Haji Allah Dino Sirewal @ Kalro Mon,,GGELS KHUDA BUX LAGHARI,,Boys,Elementary,25.1866298752723,68.7806515474782,,,2026-02-07,10:59:54,,Naveed Raza Khan Nizamani,,Government Building,Partially Satisfactory,,06,,,,,,NA,No,Yes,,Not available,Not available,Not available,,,,154,,105,,259,,2,1,,,,,,,,,,,,,,,,,,,,,,,,,,,,,,,,,,,,,
Naveed Raza Khan Nizamani,708,401030108,Badin,Matli,Manik Laghari,,GGPS KHUDA BUX SHAHANI,,Girls,Primary,25.1863798367044,68.781242035444,,,2025-12-20,12:30:29,,Naresh Kumar,,Government Building,Satisfactory,,02,,,,,,Simple Water Cooler,No,Yes,,Not available,Not available,Not available,,,,104,,151,,255,,1,1,,,,,,,,,,,,,,,,,,,,,,,,,,,,,,,,,,,,,
Naveed Raza Khan Nizamani,709,401030110,Badin,Matli,Haji Allah Dino Sirewal @ Kalro Mon,,GGPS SOOFI ABAD,,Girls,Primary,25.1939101522508,68.7682296024155,,,2025-12-16,10:54:22,,Naresh Kumar,,NA,NA,,,,,,,,NA,NA,No,,NA,NA,NA,,,,112,,109,,221,,1,,,,,,,,,,,,,,,,,,,,,,,,,,,,,,,,,,,,,,
Naveed Raza Khan Nizamani,710,401030116,Badin,Matli,Tharee,,GGPS GUL HASAN NIZAMANI,,Mixed,Primary,25.0502220694036,68.8651612427822,,,2026-05-06,09:02:25,,Naveed Raza Khan Nizamani,401030009,Shared with Other Government school building (SEMIS Code),Needs Repair,,02,,,,,,NA,No,Partial,,Not available,Not available,Not available,,,,148,,261,,409,,2,2,,,,,,,,,,,,,,,,,,,,,,,,,,,,,,,,,,,,,
Naveed Raza Khan Nizamani,711,401030117,Badin,Matli,Tharo Kot @ Ali Muhammad Bozdar,,GGPS HUSSAIN BUX ARAIN,,Girls,Primary,25.0658831005307,68.9626182366111,,,2025-11-24,10:20:49,,Zain Ul Abideen Nizamani,,Government Building,No Boundary Wall,,0,,,,,,NA,No,Yes,,Not available,Not available,Not available,,,,104,,135,,239,,1,1,,,,,,,,,,,,,,,,,,,,,,,,,,,,,,,,,,,,,
Naveed Raza Khan Nizamani,712,401030139,Badin,Matli,Tharee,,GGPS BASER ABAD,,Girls,Primary,25.0484530668491,68.8771533976989,,,2026-05-06,09:31:35,,Naveed Raza Khan Nizamani,,Government Building,No Boundary Wall,,2,,,,,,Simple Water Cooler,Yes,Yes,,NA,NA,NA,,,,104,,273,,377,,4,4,,,,,,,,,,,,,,,,,,,,,,,,,,,,,,,,,,,,,
Naveed Raza Khan Nizamani,713,401030173,Badin,Matli,Malhan,,GGPS DHANI BUX KHASKHELI UC MALHAN,,Girls,Primary,25.0675431226295,68.7332315270595,,,2026-02-12,12:48:47,,Zain Ul Abideen Nizamani,Open,No Building,Satisfactory,,1,,,,,,Direct Handpump,Yes,Yes,,NA,NA,NA,,,,104,,191,,295,,2,1,,,,,,,,,,,,,,,,,,,,,,,,,,,,,,,,,,,,,
Naveed Raza Khan Nizamani,714,401030174,Badin,Matli,Tharo Kot @ Ali Muhammad Bozdar,,GGPS ALI MUHAMMAD BOZDAR,,Mixed,Primary,25.0658275802296,68.9473273938595,,,2026-05-21,09:11:24,,Naveed Raza Khan Nizamani,,Government Building,Partially Satisfactory,,02,,,,,,NA,No,Yes,,Not available,Not available,Not available,,,,106,,247,,353,,3,3,,,,,,,,,,,,,,,,,,,,,,,,,,,,,,,,,,,,,
Naveed Raza Khan Nizamani,715,401030190,Badin,Matli,halepota,,GGPS ALI MUHAMMAD NOHRIO,,Girls,Primary,25.2410556437429,68.90577927343,,,2025-11-18,13:24:22,,Zeb Ali Rajo,,Government Building,Satisfactory,,2,,,,,,Simple Water Cooler,Yes,Yes,,NA,NA,NA,,,,104,,225,,329,,1,1,,,,,,,,,,,,,,,,,,,,,,,,,,,,,,,,,,,,,
Naveed Raza Khan Nizamani,716,401030197,Badin,Matli,Haji Allah Dino Surewal @ Kalro Mori,,GGPS PANDHI PHALKARA,,Girls,Primary,25.1745223515249,68.7909190255751,,,2025-12-10,09:48:18,,Naresh Kumar,,Government Building,Satisfactory,,2,,,,,,NA,No,Yes,,NA,NA,NA,,,,104,,145,,249,,1,1,,,,,,,,,,,,,,,,,,,,,,,,,,,,,,,,,,,,,
Naveed Raza Khan Nizamani,717,401030205,Badin,Matli,Tharee,,GGPS GHAIL PUR,,Girls,Primary,25.0732141649065,68.8778346763059,,,2026-02-23,12:07:55,,Wali Muhammad Nizamani,Open,Government Building,Dangerous,,2,,,,,,NA,No,Partial,,NA,NA,NA,,,,150,,285,,435,,4,4,,,,,,,,,,,,,,,,,,,,,,,,,,,,,,,,,,,,,
Naveed Raza Khan Nizamani,718,401030216,Badin,Matli,halepota,,GBPS DARGAH PIR SAKHI USMAN SHAH,,Mixed,Primary,25.2077464727848,68.8774980630068,,,2025-11-19,11:18:52,,Zeb Ali Rajo,,Government Building,No Boundary Wall,,02,,,,,,NA,No,Yes,,NA,NA,NA,,,,142,,129,,271,,2,2,,,,,,,,,,,,,,,,,,,,,,,,,,,,,,,,,,,,,
Naveed Raza Khan Nizamani,719,401030224,Badin,Matli,Ghazi Khan Chang,,GBPS MUHAMMAD ASHRAF CHANG,,Mixed,Primary,25.2145267841619,68.9292338534969,,,2025-12-04,10:44:21,,Zeb Ali Rajo,,Government Building,Dangerous,,2,,,,,,NA,No,Yes,,NA,NA,NA,,,,138,,111,,249,,1,1,,,,,,,,,,,,,,,,,,,,,,,,,,,,,,,,,,,,,
Naveed Raza Khan Nizamani,720,401030252,Badin,Matli,Tharee,,GBELS GHEL PUR II,,Mixed,Elementary,25.0731267357729,68.8776442458216,,,2026-02-18,11:59:56,,Muhammad Sheeraz Arain,,Government Building,Satisfactory,,06,,,,,,Direct Handpump,Yes,Yes,,Not available,Not available,Not available,,,,710,,271,,981,,11,10,,,,,,,,,,,,,,,,,,,,,,,,,,,,,,,,,,,,,
Naveed Raza Khan Nizamani,721,401030262,Badin,Matli,Ghazi Khan Chang,,GBPS KOT JAN MUHAMMAD,,Mixed,Primary,25.2212621907246,68.9618956874079,,,2025-11-24,11:15:43,,Naveed Raza Khan Nizamani,,Government Building,No Boundary Wall,,03,,,,,,Direct Handpump,Yes,Yes,,Not available,Not available,Not available,,,,266,,151,,417,,2,2,,,,,,,,,,,,,,,,,,,,,,,,,,,,,,,,,,,,,
Naveed Raza Khan Nizamani,722,401030275,Badin,Matli,Tharo Kot @ Ali Muhammad Bozdar,,GBPS THAROO KOT,,Mixed,Primary,25.0862966941969,68.9405301837527,,,2025-12-16,10:33:22,,Zain Ul Abideen Nizamani,,Government Building,No Boundary Wall,,02,,,,,,NA,No,Partial,,Not available,Not available,Not available,,,,226,,167,,393,,2,2,,,,,,,,,,,,,,,,,,,,,,,,,,,,,,,,,,,,,
Naveed Raza Khan Nizamani,723,401030276,Badin,Matli,Tharo Kot @ Ali Muhammad Bozdar,,GBPS MUHAMMAD MOOSA BHURGARI,,Mixed,Primary,25.083332011341,68.9574287872674,,,2025-11-14,11:15:18,,Zain Ul Abideen Nizamani,under a tree,NA,No Boundary Wall,,01,,,,,,NA,No,Partial,,Not available,Not available,Not available,,,,128,,127,,255,,1,1,,,,,,,,,,,,,,,,,,,,,,,,,,,,,,,,,,,,,
Naveed Raza Khan Nizamani,724,401030280,Badin,Matli,Tharo Kot @ Ali Muhammad Bozdar,,GBPS FATEH PUR AT M. ISMAIL BURGARI,,Mixed,Primary,25.1064227382635,68.9593165412976,,,2025-11-14,10:31:39,,Zain Ul Abideen Nizamani,,NA,NA,,01,,,,,,NA,NA,Yes,,Not available,Not available,Not available,,,,116,,123,,239,,1,,,,,,,,,,,,,,,,,,,,,,,,,,,,,,,,,,,,,,
Naveed Raza Khan Nizamani,725,401030284,Badin,Matli,TC - Tando Ghulam Ali,,GBPS BUXAN JASKANI,,Mixed,Primary,25.1426250320774,68.9355468401301,,,2026-05-21,08:24:59,,Naveed Raza Khan Nizamani,Open,Government Building,Partially Dangerous,,1,,,,,,NA,No,Partial,,NA,NA,NA,,,,192,,189,,381,,2,2,,,,,,,,,,,,,,,,,,,,,,,,,,,,,,,,,,,,,
Naveed Raza Khan Nizamani,726,401030288,Badin,Matli,Tharo Kot @ Ali Muhammad Bozdar,,GBPS ASHRAF GUJJAR,,Mixed,Primary,25.0506306269771,68.9022003217258,,,2025-11-01,09:29:26,,Zain Ul Abideen Nizamani,,Government Building,Dangerous,,01,,,,,,NA,No,Yes,,Not available,Not available,Not available,,,,144,,121,,265,,1,1,,,,,,,,,,,,,,,,,,,,,,,,,,,,,,,,,,,,,
Naveed Raza Khan Nizamani,727,401030290,Badin,Matli,Tharee,,GBPS HAJI BASHIR NIZAMANI,,Boys,Primary,25.0485758545363,68.8770918835526,,,2026-05-06,09:10:48,,Naveed Raza Khan Nizamani,401030139,Shared with Other Government school building (SEMIS Code),No Boundary Wall,,,,,,,,Simple Water Cooler,Yes,Yes,,NA,NA,NA,,,,210,,105,,315,,2,2,,,,,,,,,,,,,,,,,,,,,,,,,,,,,,,,,,,,,
Naveed Raza Khan Nizamani,728,401030315,Badin,Matli,halepota,,GBPS HAJI USMAN AHMEDANI,,Mixed,Primary,25.2040638512273,68.8980665785481,,,2025-11-20,10:02:24,,Zeb Ali Rajo,,Government Building,Satisfactory,,2,,,,,,NA,No,Yes,,NA,NA,NA,,,,138,,149,,287,,1,1,,,,,,,,,,,,,,,,,,,,,,,,,,,,,,,,,,,,,
Naveed Raza Khan Nizamani,729,401030317,Badin,Matli,Tharee,,GBPS ALI BUX NIZAMANI,,Mixed,Primary,25.0941490179125,68.8905801141368,,,2025-12-10,12:33:51,,Zain Ul Abideen Nizamani,,Government Building,Satisfactory,,02,,,,,,Direct Handpump,No,Yes,,NA,NA,NA,,,,178,,139,,317,,1,1,,,,,,,,,,,,,,,,,,,,,,,,,,,,,,,,,,,,,
Naveed Raza Khan Nizamani,730,401030324,Badin,Matli,Manik Laghari,,GBPS SHER MUHAMMAD LAGHARI,,Mixed,Primary,25.2283383773717,68.771016415398,,,2026-02-17,10:48:33,,Naveed Raza Khan Nizamani,Open,Government Building,No Boundary Wall,,02,,,,,,NA,No,Yes,,Not available,Not available,Not available,,,,162,,143,,305,,2,1,,,,,,,,,,,,,,,,,,,,,,,,,,,,,,,,,,,,,
Naveed Raza Khan Nizamani,731,401030326,Badin,Matli,Haji Allah Dino Sirewal @ Kalro Mon,,GBPS KHAN MUHAMMAD LAGHARI,,Mixed,Primary,25.1800727296566,68.7471297068613,,,2025-12-02,11:51:12,,Naresh Kumar,,NA,NA,,2,,,,,,NA,NA,Yes,,NA,NA,NA,,,,104,,113,,217,,1,,,,,,,,,,,,,,,,,,,,,,,,,,,,,,,,,,,,,,
Naveed Raza Khan Nizamani,732,401030328,Badin,Matli,Haji Allah Dino Sirewal @ Kalro Mon,,GBPS HUSSAIN BUX LAGHARI,,Mixed,Primary,25.185275416046,68.7745535024568,,,2026-02-07,10:50:32,,Naveed Raza Khan Nizamani,,Government Building,Partially Satisfactory,,02,,,,,,Simple Water Cooler,Yes,Partial,,Not available,Not available,Not available,,,,202,,161,,363,,3,3,,,,,,,,,,,,,,,,,,,,,,,,,,,,,,,,,,,,,
Naveed Raza Khan Nizamani,733,401030332,Badin,Matli,Tharo Kot @ Ali Muhammad Bozdar,,GBELS HAJI KHAMISO JALALANI,,Mixed,Elementary,25.1066107888768,68.9497682119295,,,2025-11-14,10:15:36,,Zain Ul Abideen Nizamani,,Government Building,No Boundary Wall,,07,,,,,,Simple Water Cooler,Yes,Yes,,Not available,Not available,Not available,,,,518,,431,,949,,9,4,,,,,,,,,,,,,,,,,,,,,,,,,,,,,,,,,,,,,
Naveed Raza Khan Nizamani,734,401030334,Badin,Matli,Tharo Kot @ Ali Muhammad Bozdar,,GBPS HAJI MEVO BHURGRI,,Boys,Primary,25.1029268059888,68.9592070007671,,,2025-11-14,10:35:05,,Zain Ul Abideen Nizamani,,Government Building,Dangerous,,04,,,,,,NA,Yes,Yes,,Not available,Not available,Not available,,,,190,,171,,361,,2,2,,,,,,,,,,,,,,,,,,,,,,,,,,,,,,,,,,,,,
Naveed Raza Khan Nizamani,735,401030378,Badin,Matli,Haji Allah Dino Sirewal @ Kalro Mon,,GBPS RANJHO DASTI,,Mixed,Primary,25.137424771948,68.7970898831753,,,2026-04-29,11:10:44,,Ali Hyder Baloch,,Government Building,Dangerous,,02,,,,,,NA,No,Partial,,Not available,Not available,Available and functional,,,,142,,157,,299,,1,1,,,,,,,,,,,,,,,,,,,,,,,,,,,,,,,,,,,,,
Naveed Raza Khan Nizamani,736,401030386,Badin,Matli,Ghulam Shah Laghari,,GBPS ALI BUX GEHLRO,,Mixed,Primary,25.1778520225728,68.8715766009943,,,2026-05-08,08:51:27,,Naveed Raza Khan Nizamani,68.8715367,NA,NA,,1,,,,,,NA,NA,Yes,,NA,NA,NA,,,,174,,137,,311,,1,,,,,,,,,,,,,,,,,,,,,,,,,,,,,,,,,,,,,,
Naveed Raza Khan Nizamani,737,401030433,Badin,Matli,Haji Allah Dino Surewal @ Kalro Mori,,GBPS JIANDO KHAN LAGHARI,,Mixed,Primary,25.2070257519837,68.7810389701333,,,2025-12-20,12:03:12,,Naresh Kumar,,NA,No Boundary Wall,,0,,,,,,NA,Yes,Yes,,Not available,Not available,Not available,,,,182,,161,,343,,1,1,,,,,,,,,,,,,,,,,,,,,,,,,,,,,,,,,,,,,
Naveed Raza Khan Nizamani,738,401030467,Badin,Matli,Tharo Kot @ Ali Muhammad Bozdar,,GBPS MUHAMMAD SANAULLAH,,Boys,Primary,25.0552624316114,68.9473840631194,,,2026-05-21,09:27:46,,Naveed Raza Khan Nizamani,Closed During Visit,NA,NA,,01,,,,,,NA,NA,Yes,,Not available,Not available,Not available,,,,186,,125,,311,,1,,,,,,,,,,,,,,,,,,,,,,,,,,,,,,,,,,,,,,
Naveed Raza Khan Nizamani,739,401030468,Badin,Matli,Malhan,,GBPS SAYED SANPO SHAH,,Mixed,Primary,25.0740042714096,68.7072980403838,,,2026-05-11,08:35:46,,Naveed Raza Khan Nizamani,,Government Building,Satisfactory,,01,,,,,,NA,Yes,Yes,,Not available,Not available,Not available,,,,230,,209,,439,,3,2,,,,,,,,,,,,,,,,,,,,,,,,,,,,,,,,,,,,,
Naveed Raza Khan Nizamani,740,401030473,Badin,Matli,Malhan,,GBPS BABU MEHAR,,Mixed,Primary,25.0744610646138,68.7134459850943,,,2026-05-11,08:48:47,,Naveed Raza Khan Nizamani,,Government Building,Satisfactory,,03,,,,,,NA,No,Partial,,Not available,Not available,Not available,,,,226,,203,,429,,3,3,,,,,,,,,,,,,,,,,,,,,,,,,,,,,,,,,,,,,
Naveed Raza Khan Nizamani,741,401030520,Badin,Matli,Ghulam Shah Laghari,,GBPS HAJI MUHAMMAD RAHEEM RIND,,Mixed,Primary,25.2230445345037,68.8377776089087,,,2026-03-14,11:12:27,,Naresh Kumar,,Government Building,Needs Repair,,3,,,,,,NA,No,Partial,,NA,NA,NA,,,,148,,139,,287,,1,,,,,,,,,,,,,,,,,,,,,,,,,,,,,,,,,,,,,,
Naveed Raza Khan Nizamani,742,401030528,Badin,Matli,Tharee,,GBPS GUL MUHAMMAD NIZAMANI,,Mixed,Primary,25.0845132312022,68.8684238237027,,,2025-12-04,08:54:28,,Zain Ul Abideen Nizamani,Open,Government Building,Dangerous,,0,,,,,,NA,No,Partial,,Not available,Not available,Not available,,,,184,,187,,371,,2,2,,,,,,,,,,,,,,,,,,,,,,,,,,,,,,,,,,,,,
Naveed Raza Khan Nizamani,743,401030538,Badin,Matli,Tharo Kot @ Ali Muhammad Bozdar,,GBPS HAJI JANI JALALANI,,Mixed,Primary,25.0609253528172,68.92966780245,,,2026-05-21,09:47:26,,Naveed Raza Khan Nizamani,,Government Building,No Boundary Wall,,,,,,,,NA,No,Yes,,NA,NA,NA,,,,134,,139,,273,,1,1,,,,,,,,,,,,,,,,,,,,,,,,,,,,,,,,,,,,,
Naveed Raza Khan Nizamani,744,401030566,Badin,Matli,Haji Allah Dino Sirewal @ Kalro Mon,,GBPS MITHO LAGHARI / SHAHANI,,Mixed,Primary,25.2014792248779,68.7750262283019,,,2025-11-18,11:56:41,,Naresh Kumar,School running under chhapra,No Building,No Boundary Wall,,0,,,,,,NA,No,Yes,,Not available,Not available,Not available,,,,224,,185,,409,,1,1,,,,,,,,,,,,,,,,,,,,,,,,,,,,,,,,,,,,,
Naveed Raza Khan Nizamani,745,401030568,Badin,Matli,Malhan,,GBPS GHULAM SHAH NIZAMANI,,Mixed,Primary,25.060502354868,68.7228443491718,,,2026-05-13,08:14:21,,Naveed Raza Khan Nizamani,,Government Building,No Boundary Wall,,02,,,,,,NA,No,Yes,,Not available,Not available,Not available,,,,158,,149,,307,,3,3,,,,,,,,,,,,,,,,,,,,,,,,,,,,,,,,,,,,,
Naveed Raza Khan Nizamani,746,401030647,Badin,Matli,halepota,,GBHS SULEMAN PAHORE,,Mixed,Secondary,25.2083605000434,68.9027416642539,,,2025-11-20,08:47:10,,Zeb Ali Rajo,,Government Building,Satisfactory,,021,,,,,,Simple Water Cooler,Yes,Partial,,NA,NA,NA,,,,1028,,411,,1439,,22,16,,,,,,,,,,,,,,,,,,,,,,,,,,,,,,,,,,,,,
Naveed Raza Khan Nizamani,747,401030676,Badin,Matli,halepota,,GBLSS SABAN DASTI,,Mixed,Middle,25.2165208451311,68.8721470613441,,,2025-11-19,08:39:47,,Zeb Ali Rajo,,Government Building,Satisfactory,,9,,,,,,NA,Yes,Yes,,NA,NA,NA,,,,604,,269,,873,,11,8,,,,,,,,,,,,,,,,,,,,,,,,,,,,,,,,,,,,,
Naveed Raza Khan Nizamani,748,401030679,Badin,Matli,Tharo Kot @ Ali Muhammad Bozdar,,GBHS ALLAH DAD BHURGRI,,Mixed,Secondary,25.0828717012271,68.9008277087728,,,2025-12-04,10:49:18,,Zain Ul Abideen Nizamani,,Government Building,Dangerous,,15,,,,,,,Yes,Yes,,Not available,Not available,Available and functional,,,,806,,505,,1311,,19,18,,,,,,,,,,,,,,,,,,,,,,,,,,,,,,,,,,,,,
Naveed Raza Khan Nizamani,749,401030684,Badin,Matli,Haji Allah Dino Sirewal @ Kalro Mon,,GBLSS HAJI MEVO PHALKARO,,Mixed,Middle,25.1659700881076,68.8186398425654,,,2025-12-10,09:14:12,,Naresh Kumar,,Government Building,No Boundary Wall,,6,,,,,,NA,No,No,,NA,NA,NA,,,,216,,135,,351,,3,3,,,,,,,,,,,,,,,,,,,,,,,,,,,,,,,,,,,,,
Naveed Raza Khan Nizamani,750,401030690,Badin,Matli,Tharee,,GBHS THARI,,Mixed,Secondary,25.0641521280439,68.8281476703402,,,2026-02-23,11:18:54,,Zain Ul Abideen Nizamani,,Government Building,Needs Repair,,18,,,,,,Pot/Matka,Yes,Yes,,NA,NA,NA,,,,646,,413,,1059,,23,19,,,,,,,,,,,,,,,,,,,,,,,,,,,,,,,,,,,,,
Naveed Raza Khan Nizamani,751,401030698,Badin,Matli,Malhan,,GBHS MALHAN,,Mixed,Secondary,25.0635482917537,68.7034046904436,,,2026-05-22,09:52:56,,Naveed Raza Khan Nizamani,,Government Building,Partially Satisfactory,,014,,,,,,Simple Water Cooler,Yes,Partial,,Not available,Not available,Available and functional,,,,600,,613,,1213,,26,18,,,,,,,,,,,,,,,,,,,,,,,,,,,,,,,,,,,,,
Naveed Raza Khan Nizamani,752,401030699,Badin,Matli,Manik Laghari,,GBHSS GULAB LAGHARI,,Mixed,Hi.Secondary,25.214386740455,68.7833057588318,,,2026-01-09,09:24:41,,Naveed Raza Khan Nizamani,,Government Building,Needs Repair,,019,,,,,,Simple Water Cooler,Yes,Partial,,Not available,Not available,Not available,,,,2044,,515,,2559,,31,24,,,,,,,,,,,,,,,,,,,,,,,,,,,,,,,,,,,,,
Naveed Raza Khan Nizamani,753,401030711,Badin,Matli,Tharo Kot @ Ali Muhammad Bozdar,,GBPS HAMID HALEPOTO@PATEL SOOMRO KHASKHE,,Boys,Primary,25.0676942966662,68.9226543883489,,,2026-05-21,10:01:52,,Naveed Raza Khan Nizamani,,Government Building,Satisfactory,,02,,,,,,NA,Yes,Yes,,Not available,Not available,Not available,,,,286,,175,,461,,1,1,,,,,,,,,,,,,,,,,,,,,,,,,,,,,,,,,,,,,
RAHOOL PERKASH,754,401010049,Badin,Badin,Kadi Kazia,,GBPS MUHAMMAD MATHAN JUNEJO,,Boys,Primary,24.7014094607588,68.8146807257333,,,2026-05-14,08:53:49,,Rahul Parkash,,Government Building,No Boundary Wall,,02,,,,,,NA,No,Yes,,Not available,Not available,Available and functional,,,,142,,151,,293,,1,1,,,,,,,,,,,,,,,,,,,,,,,,,,,,,,,,,,,,,
RAHOOL PERKASH,755,401010081,Badin,Badin,Sial,,GBPS KHABAR KHAN KHOSO,,Boys,Primary,24.7121357167187,68.911817595313,,,2025-12-02,10:59:13,,Awais Ahmed Rahimoon,,Government Building,Dangerous,,02,,,,,,NA,Yes,Yes,,Not available,Not available,Available and functional,,,,182,,123,,305,,1,1,,,,,,,,,,,,,,,,,,,,,,,,,,,,,,,,,,,,,
RAHOOL PERKASH,756,401010206,Badin,Badin,Sial,,GGPS KANDO CHANDIO@IMAM BUX KHOSO,,Mixed,Primary,24.6980710293757,68.9277170593542,,,2026-02-21,10:52:18,,Abdul Wahab Bhurgri,,No Building,No Boundary Wall,,0,,,,,,NA,No,Yes,,Not available,Not available,Available and functional,,,,104,,171,,275,,1,1,,,,,,,,,,,,,,,,,,,,,,,,,,,,,,,,,,,,,
RAHOOL PERKASH,757,401010213,Badin,Badin,Zainul Abdin Alias / Jhando Shah Dargah,,GBPS BALOCH KHAN KHOSO,,Mixed,Primary,24.6926257662792,68.9293424783648,,,2026-02-16,13:00:37,,Rahul Parkash,,Government Building,Needs Repair,,02,,,,,,Simple Water Cooler,Yes,Yes,,Not available,Not available,Not available,,,,152,,143,,295,,1,1,,,,,,,,,,,,,,,,,,,,,,,,,,,,,,,,,,,,,
RAHOOL PERKASH,758,401010246,Badin,Badin,MC - Badin,,GBPS WALI MUHAMMAD SHAHANI,,Boys,Primary,24.6239148294667,68.8443101995035,,,2026-05-06,11:35:38,,Rahul Parkash,,Government Building,Dangerous,,03,,,,,,NA,No,Partial,,Not available,Not available,Available but not functional,,,,194,,159,,353,,1,1,,,,,,,,,,,,,,,,,,,,,,,,,,,,,,,,,,,,,
RAHOOL PERKASH,759,401010343,Badin,Badin,Zainul Abdin Alias / Jhando Shah Dargah,,GBPS MAKHDOOM ABDUL REHMAN,,Mixed,Primary,24.7259478724309,68.9376170930764,,,2026-01-13,13:07:52,,Rahul Parkash,,Government Building,No Boundary Wall,,01,,,,,,NA,No,Yes,,Not available,Not available,Available but not functional,,,,158,,127,,285,,1,1,,,,,,,,,,,,,,,,,,,,,,,,,,,,,,,,,,,,,
RAHOOL PERKASH,760,401010353,Badin,Badin,Dr. Abdullah Soomro,,GBPS ARAB SOOMRO,,Mixed,Primary,24.6702111049066,68.8907548785706,,,2026-05-05,12:34:35,,Nisar Ali Shah,,NA,NA,,01,,,,,,NA,NA,Yes,,Not available,Not available,Available and functional,,,,110,,127,,237,,1,1,,,,,,,,,,,,,,,,,,,,,,,,,,,,,,,,,,,,,
RAHOOL PERKASH,761,401010461,Badin,Badin,Sial,,GBPS CHHUTO HALEPOTO,,Mixed,Primary,24.6892932036041,68.9149564499658,,,2026-01-08,11:30:28,,Behzad Ali Memon,,Government Building,Dangerous,,02,,,,,,NA,Yes,Yes,,Not available,Not available,Available and functional,,,,240,,205,,445,,2,2,,,,,,,,,,,,,,,,,,,,,,,,,,,,,,,,,,,,,
RAHOOL PERKASH,762,401010462,Badin,Badin,Sial,,GBPS MATARO HALEPOTO,,Mixed,Primary,24.6985474230628,68.9004108312725,,,2025-12-02,10:25:13,,Awais Ahmed Rahimoon,,Government Building,Satisfactory,,2,,,,,,NA,Yes,Partial,,Not available,Not available,Available and functional,,,,292,,231,,523,,4,3,,,,,,,,,,,,,,,,,,,,,,,,,,,,,,,,,,,,,
RAHOOL PERKASH,763,401010494,Badin,Badin,MC - Badin,,GBELS ALLAH DINO SOOMRO,,Mixed,Elementary,24.6141153343902,68.8520385303451,,,2026-05-06,11:14:56,,Rahul Parkash,,Government Building,Needs Repair,,05,,,,,,Simple Water Cooler,Yes,Yes,,Not available,Not available,Available and functional,,,,454,,433,,887,,11,8,,,,,,,,,,,,,,,,,,,,,,,,,,,,,,,,,,,,,
RAHOOL PERKASH,764,401010516,Badin,Badin,Sial,,GBPS JANGLI KHAN CHANDIO,,Mixed,Primary,24.7148317427532,68.9236199845874,,,2026-01-09,12:17:03,,Imran Khan Khowaja,,NA,NA,,0,,,,,,NA,NA,Yes,,Not available,Not available,Available and functional,,,,142,,167,,309,,1,,,,,,,,,,,,,,,,,,,,,,,,,,,,,,,,,,,,,,
RAHOOL PERKASH,765,401010553,Badin,Badin,Sial,,GBPS IBRAHIM SOLANGI,,Mixed,Primary,24.6983549274374,68.8814288380741,,,2025-12-02,09:38:31,,Awais Ahmed Rahimoon,,Government Building,Needs Repair,,02,,,,,,NA,No,Yes,,Not available,Not available,Available and functional,,,,108,,123,,231,,1,1,,,,,,,,,,,,,,,,,,,,,,,,,,,,,,,,,,,,,
RAHOOL PERKASH,766,401010569,Badin,Badin,Sial,,GBELS HAJI KHAN KHOSO,,Girls,Elementary,24.6988995450224,68.9208465813101,,,2026-02-21,10:37:06,,Abdul Wahab Bhurgri,Open,Government Building,Dangerous,,02,,,,,,NA,No,Yes,,Not available,Not available,Available and functional,,,,318,,287,,605,,5,4,,,,,,,,,,,,,,,,,,,,,,,,,,,,,,,,,,,,,
RAHOOL PERKASH,767,401010586,Badin,Badin,MC - Badin,,GBPS KHAIR MUHAMMED NIZAMANI,,Boys,Primary,24.652943439104,68.850111362339,,,2026-05-13,14:32:10,,Rahul Parkash,Open,Government Building,Needs Repair,,03,,,,,,NA,Yes,Partial,,Not available,Not available,Available but not functional,,,,256,,173,,429,,3,3,,,,,,,,,,,,,,,,,,,,,,,,,,,,,,,,,,,,,
RAHOOL PERKASH,768,401010635,Badin,Badin,Qazia Wah Stop,,GBPS MIR KHAN CHANG,,Mixed,Primary,24.6132131761077,68.8233441755924,,,2026-02-13,10:50:25,,Awais Ahmed Rahimoon,,Government Building,No Boundary Wall,,01,,,,,,NA,No,Yes,,Not available,Not available,Available and functional,,,,166,,163,,329,,2,2,,,,,,,,,,,,,,,,,,,,,,,,,,,,,,,,,,,,,
RAHOOL PERKASH,769,401010699,Badin,Badin,Sial,,GBPS UMED ALI KHOSO,,Mixed,Primary,24.6943511108486,68.9290883812037,,,2026-01-08,10:50:39,,Behzad Ali Memon,hut,No Building,No Boundary Wall,,0,,,,,,NA,No,Yes,,Not available,Not available,Not available,,,,174,,181,,355,,2,2,,,,,,,,,,,,,,,,,,,,,,,,,,,,,,,,,,,,,
RAHOOL PERKASH,770,401010790,Badin,Badin,Badin-Mc,,GBHS AGROVILE COLONY BADIN,,Mixed,Secondary,24.6518025633252,68.828173578282,,,2026-05-22,10:08:22,,Rahul Parkash,Open,Government Building,Needs Repair,,015,,,,,,Simple Water Cooler,Yes,Yes,,Not available,Not available,Available and functional,,,,536,,689,,1225,,41,30,,,,,,,,,,,,,,,,,,,,,,,,,,,,,,,,,,,,,
RAHOOL PERKASH,771,401010811,Badin,Badin,Muhammad Khan Bhurgari,,GBLSS HAJI ALI MUHAMMAD KHOSO,,Mixed,Middle,24.7081481865326,68.9344829358645,,,2025-10-28,10:24:58,,Ghulam Akber Dal,,Government Building,No Boundary Wall,,06,,,,,,Simple Water Cooler,Yes,Yes,,Available but not functional,Not available,Not available,,,,614,,235,,849,,14,10,,,,,,,,,,,,,,,,,,,,,,,,,,,,,,,,,,,,,
RAHOOL PERKASH,772,401040074,Badin,Tando Bago,Pahar Mari,,GBPS GHULAM HUSSAIN JUNEJO @ PAROO KOLOH,,Mixed,Primary,24.7610901881933,68.9875095338126,,,2025-11-20,11:52:15,,Iahtsham Hussain Khatti,,Government Building,No Boundary Wall,,01,,,,,,NA,No,Partial,,Not available,Not available,Not available,,,,160,,125,,285,,1,1,,,,,,,,,,,,,,,,,,,,,,,,,,,,,,,,,,,,,
RAHOOL PERKASH,773,401040116,Badin,Tando Bago,Pahar Mari,,GGPS LAJ BAHIRO HALEPOTO,,Girls,Primary,24.7475121147233,68.9775726194681,,,2026-05-25,11:46:23,,Rahul Parkash,,NA,NA,,01,,,,,,NA,NA,Partial,,Not available,Not available,Not available,,,,104,,161,,265,,2,,,,,,,,,,,,,,,,,,,,,,,,,,,,,,,,,,,,,,
RAHOOL PERKASH,774,401040146,Badin,Tando Bago,Saeed Khan Bhurgari,,GGPS BEHRA MEMOON,,Girls,Primary,24.7194707762143,68.9963856347399,,,2026-05-25,10:33:41,,Rahul Parkash,,NA,NA,,02,,,,,,NA,NA,Partial,,Not available,Not available,Not available,,,,154,,215,,369,,2,,,,,,,,,,,,,,,,,,,,,,,,,,,,,,,,,,,,,,
RAHOOL PERKASH,775,401040190,Badin,Tando Bago,Oliya Khan Shah,,GBPS SAINDAD LUND,,Mixed,Primary,24.7994548907323,69.1558590575053,,,2025-12-03,11:23:08,,Ghulam Akber Dal,,Government Building,No Boundary Wall,,02,,,,,,NA,No,Partial,,Not available,Not available,Not available,,,,230,,189,,419,,1,1,,,,,,,,,,,,,,,,,,,,,,,,,,,,,,,,,,,,,
RAHOOL PERKASH,776,401040192,Badin,Tando Bago,Oliya Khan Shah,,GBPS GHULAM MUHAMMAD CHHAJRO,,Mixed,Primary,24.7917240162094,69.1429294397471,,,2026-02-10,11:50:19,,Ghulam Akber Dal,,Government Building,No Boundary Wall,,01,,,,,,NA,No,Partial,,Not available,Not available,Not available,,,,184,,163,,347,,2,2,,,,,,,,,,,,,,,,,,,,,,,,,,,,,,,,,,,,,
RAHOOL PERKASH,777,401040212,Badin,Tando Bago,Auli Khan Shah,,GBPS MOOSA KEERIO,,Mixed,Primary,24.8213521173897,69.1190323277308,,,2025-12-03,10:29:09,,Ghulam Akber Dal,,Government Building,Partially Satisfactory,,01,,,,,,NA,No,Partial,,Not available,Not available,Not available,,,,222,,187,,409,,1,1,,,,,,,,,,,,,,,,,,,,,,,,,,,,,,,,,,,,,
RAHOOL PERKASH,778,401040233,Badin,Tando Bago,Oliya Khan Shah,,GBELS PIYARO LUND,,Mixed,Elementary,24.8060373533154,69.1530105614641,,,2025-11-22,11:34:12,,Ameer Ahmed Khoso,Open,Government Building,No Boundary Wall,,04,,,,,,NA,No,Partial,,Not available,Not available,Not available,,,,394,,439,,833,,5,3,,,,,,,,,,,,,,,,,,,,,,,,,,,,,,,,,,,,,
RAHOOL PERKASH,779,401040238,Badin,Tando Bago,Auli Khan Shah,,GBPS MUHAMMAD MALLAH,,Mixed,Primary,24.7946336776257,69.1613065942166,,,2025-12-03,11:33:18,,Ghulam Akber Dal,Open,No Building,No Boundary Wall,,0,,,,,,,No,Partial,,Not available,Not available,Not available,,,,138,,127,,265,,1,1,,,,,,,,,,,,,,,,,,,,,,,,,,,,,,,,,,,,,
RAHOOL PERKASH,780,401040265,Badin,Tando Bago,Haji Paryal Buledi @ Waryal Shah Stop,,GBPS SAEED KHAN JAMALI,,Mixed,Primary,24.7323953513115,69.0018278360367,,,2025-11-04,13:46:56,,Ali Raza Jafri,Open,Government Building,Dangerous,,02,,,,,,NA,No,Partial,,Not available,Not available,Not available,,,,186,,221,,407,,2,2,,,,,,,,,,,,,,,,,,,,,,,,,,,,,,,,,,,,,
RAHOOL PERKASH,781,401040267,Badin,Tando Bago,Pahar Mari,,GBPS BACHOO HALEPOTO,,Mixed,Primary,24.7431067523716,68.9838355788585,,,2026-05-25,11:30:23,,Rahul Parkash,Open,Government Building,No Boundary Wall,,02,,,,,,NA,No,Partial,,Not available,Not available,Not available,,,,194,,171,,365,,2,1,,,,,,,,,,,,,,,,,,,,,,,,,,,,,,,,,,,,,
RAHOOL PERKASH,782,401040269,Badin,Tando Bago,Pahar Mari,,GBELS MAQBOOL SHAH,,Mixed,Elementary,24.7208595365014,68.9425081023571,,,2025-11-26,08:38:42,,Iahtsham Hussain Khatti,Open,Government Building,No Boundary Wall,,05,,,,,,Simple Water Cooler,Yes,Partial,,Not available,Not available,Not available,,,,502,,203,,705,,12,5,,,,,,,,,,,,,,,,,,,,,,,,,,,,,,,,,,,,,
RAHOOL PERKASH,783,401040270,Badin,Tando Bago,Saeed Khan Bhurgari,,GBPS BOHRA MEMON,,Mixed,Primary,24.7194220350809,68.9964459842441,,,2026-05-25,10:24:59,,Rahul Parkash,,Government Building,Needs Repair,,0,,,,,,NA,No,Partial,,Not available,Not available,Not available,,,,198,,117,,315,,1,1,,,,,,,,,,,,,,,,,,,,,,,,,,,,,,,,,,,,,
RAHOOL PERKASH,784,401040274,Badin,Tando Bago,Pahar Mari,,GBPS QADIR BUX HINGORJO,,Mixed,Primary,24.7369435990283,68.9568337802091,,,2026-05-25,12:03:34,,Rahul Parkash,,Government Building,Needs Repair,,02,,,,,,NA,No,Partial,,Not available,Not available,Not available,,,,166,,155,,321,,1,1,,,,,,,,,,,,,,,,,,,,,,,,,,,,,,,,,,,,,
RAHOOL PERKASH,785,401040277,Badin,Tando Bago,Saeed Khan Bhurgari,,GBPS SALAR HALEPATO,,Mixed,Primary,24.7253059122717,69.0278184405965,,,2025-10-23,10:47:02,,Rahul Parkash,,Government Building,No Boundary Wall,,02,,,,,,NA,No,Partial,,Not available,Not available,Not available,,,,168,,171,,339,,1,1,,,,,,,,,,,,,,,,,,,,,,,,,,,,,,,,,,,,,
RAHOOL PERKASH,786,401040370,Badin,Tando Bago,Pahar Mari,,GBPS UMER KHOKHAR,,Mixed,Primary,24.6950821792253,68.9504031844931,,,2025-11-18,13:02:32,,Iahtsham Hussain Khatti,,NA,NA,,01,,,,,,NA,NA,Partial,,Not available,Not available,Not available,,,,126,,125,,251,,1,,,,,,,,,,,,,,,,,,,,,,,,,,,,,,,,,,,,,,
RAHOOL PERKASH,787,401040378,Badin,Tando Bago,Saeed Khan Bhurgari,,GBPS SOOMAR SOHO AT JAFFER MALLAH,,Mixed,Primary,24.724448300762,68.9833071842785,,,2026-05-25,09:57:34,,Rahul Parkash,,NA,NA,,0,,,,,,NA,NA,Partial,,Not available,Not available,Not available,,,,174,,157,,331,,1,,,,,,,,,,,,,,,,,,,,,,,,,,,,,,,,,,,,,,
RAHOOL PERKASH,788,401040431,Badin,Tando Bago,Pahar Mari,,GBPS TAYYAB HALEPOTO,,Mixed,Primary,24.7315037113084,68.9892509587603,,,2026-05-25,11:19:49,,Rahul Parkash,Closed During Visit,NA,NA,,0,,,,,,NA,NA,Partial,,Not available,Not available,Not available,,,,172,,143,,315,,1,,,,,,,,,,,,,,,,,,,,,,,,,,,,,,,,,,,,,,
RAHOOL PERKASH,789,401040437,Badin,Tando Bago,Pahar Mari,,GBPS ABDUL RAHMAN HALEPOTO,,Mixed,Primary,24.7284779541829,69.0203189852833,,,2025-11-04,13:13:55,,Ali Raza Jafri,Open,Any Other Building,No Boundary Wall,,0,,,,,,NA,No,Partial,,Not available,Not available,Not available,,,,152,,139,,291,,1,1,,,,,,,,,,,,,,,,,,,,,,,,,,,,,,,,,,,,,
RAHOOL PERKASH,790,401040469,Badin,Tando Bago,Pahar Mari,,GBPS LAUNG THEBO,,Mixed,Primary,24.7590296390817,68.9965921643375,,,2026-02-03,11:47:23,,Ghulam Akber Dal,smc and community support,Any Other Building,No Boundary Wall,,1,,,,,,NA,No,Partial,,Not available,Not available,Available and functional,,,,180,,171,,351,,2,1,,,,,,,,,,,,,,,,,,,,,,,,,,,,,,,,,,,,,
RAHOOL PERKASH,791,401040541,Badin,Tando Bago,Saeed Khan Bhurgari,,GBPS SHARIF CHANDIO,,Mixed,Primary,24.7429728056443,69.0475957086686,,,2026-02-10,12:19:54,,Imran Khan Khowaja,,NA,NA,,02,,,,,,NA,NA,Yes,,Not available,Not available,Not available,,,,212,,165,,377,,1,,,,,,,,,,,,,,,,,,,,,,,,,,,,,,,,,,,,,,
RAHOOL PERKASH,792,401040545,Badin,Tando Bago,Pahar Mari,,GBPS HAJI SALEEM JUNEJO,,Mixed,Primary,24.7418668432012,68.9967584615944,,,2026-02-03,11:21:35,,Ghulam Akber Dal,,Government Building,Dangerous,,01,,,,,,NA,No,Partial,,Not available,Not available,Available and functional,,,,198,,191,,389,,2,1,,,,,,,,,,,,,,,,,,,,,,,,,,,,,,,,,,,,,
RAHOOL PERKASH,793,401040566,Badin,Tando Bago,Pahar Mari,,GBPS GUL MUHAMMAD MLLAH,,Mixed,Primary,24.7107724145788,68.9838919036589,,,2026-05-25,10:06:47,,Rahul Parkash,Closed During Visit,NA,NA,,02,,,,,,NA,NA,Yes,,Not available,Not available,Not available,,,,180,,217,,397,,2,,,,,,,,,,,,,,,,,,,,,,,,,,,,,,,,,,,,,,
RAHOOL PERKASH,794,401040575,Badin,Tando Bago,Pahar Mari,,GBELS ALI MUHAMMED SOOMRO,,Mixed,Elementary,24.7191369767794,68.9584833393491,,,2026-05-25,09:20:57,,Rahul Parkash,jhupra,No Building,No Boundary Wall,,0,,,,,,NA,No,Partial,,Not available,Not available,Not available,,,,322,,285,,607,,6,3,,,,,,,,,,,,,,,,,,,,,,,,,,,,,,,,,,,,,
RAHOOL PERKASH,795,401040595,Badin,Tando Bago,Saeed Khan Bhurgari,,GBPS DARGAH SAIL SHAH,,Mixed,Primary,24.7332967007534,69.0011559427778,,,2026-02-18,10:08:38,,Ali Raza Jafri,,NA,NA,,01,,,,,,NA,NA,Partial,,Not available,Not available,Not available,,,,174,,143,,317,,1,,,,,,,,,,,,,,,,,,,,,,,,,,,,,,,,,,,,,,
RAHOOL PERKASH,796,401040619,Badin,Tando Bago,Pahar Mari,,GBPS NOOR HASSAN PATHAN@HAJI USMAN SOOMR,,Mixed,Primary,24.7064668944243,68.9614391330877,,,2025-11-20,09:18:58,,Iahtsham Hussain Khatti,Hut,No Building,No Boundary Wall,,0,,,,,,Direct Handpump,No,Partial,,Not available,Not available,Not available,,,,192,,183,,375,,2,2,,,,,,,,,,,,,,,,,,,,,,,,,,,,,,,,,,,,,
RAHOOL PERKASH,797,401040623,Badin,Tando Bago,Oliya Khan Shah,,GBPS ALI MURAD RIND,,Mixed,Primary,24.8074117418349,69.1568487910426,,,2025-12-03,11:07:06,,Ghulam Akber Dal,,No Building,No Boundary Wall,,0,,,,,,NA,No,Partial,,Not available,Not available,Not available,,,,196,,179,,375,,1,1,,,,,,,,,,,,,,,,,,,,,,,,,,,,,,,,,,,,,
RAHOOL PERKASH,798,401040630,Badin,Tando Bago,Auli Khan Shah,,GBPS SAJAN SAMEJO,,Mixed,Primary,24.7939289916079,69.1399146491308,,,2026-02-10,11:54:37,,Ghulam Akber Dal,,Government Building,Dangerous,,NA,,,,,,NA,No,Partial,,Not available,Not available,Not available,,,,156,,159,,315,,2,1,,,,,,,,,,,,,,,,,,,,,,,,,,,,,,,,,,,,,
RAHOOL PERKASH,799,401040632,Badin,Tando Bago,Pahar Mari,,GBPS ALLAHDINO MALLAH @ WARYAM UMERANI,,Boys,Primary,24.7158014691923,68.9672434334952,,,2026-05-25,09:39:04,,Rahul Parkash,Closed During Visit,NA,NA,,0,,,,,,NA,NA,Partial,,Not available,Not available,Not available,,,,104,,105,,209,,1,,,,,,,,,,,,,,,,,,,,,,,,,,,,,,,,,,,,,,
RAHOOL PERKASH,800,401040721,Badin,Tando Bago,Pahar Mari,,GGPS SYED MAQBOOL SHAH,,Girls,Primary,24.720920453833,68.9425268762313,,,2025-11-26,08:51:21,,Iahtsham Hussain Khatti,Boys elelmtary,Shared with Other Government school building (SEMIS Code),No Boundary Wall,,0,,,,,,Simple Water Cooler,No,Partial,,Not available,Not available,Not available,,,,128,,213,,341,,3,1,,,,,,,,,,,,,,,,,,,,,,,,,,,,,,,,,,,,,
RAHOOL PERKASH,801,401040724,Badin,Tando Bago,Saeed Khan Bhurgari,,GBLSS SALAR HALEPOTO,,Mixed,Middle,24.7267579540102,69.02628421704,,,2025-11-04,12:42:04,,Ali Raza Jafri,Open,Government Building,Dangerous,,06,,,,,,NA,No,Partial,,Not available,Not available,Available but not functional,,,,308,,219,,527,,10,8,,,,,,,,,,,,,,,,,,,,,,,,,,,,,,,,,,,,,
Saad Siddique Umrani,802,401020016,Badin,"Shaheed Fazal Rahu, Golarchi",Dubi,,GBPS MOLVI ALI MUHAMMAD MAHERI,,Boys,Primary,24.8512358414201,68.5212859683274,,,2025-12-17,11:44:23,,Muhammad Sheeraz Arain,Open,Government Building,Satisfactory,,010,,,,,,Simple Water Cooler,Yes,Partial,,Not available,Not available,Not available,,,,458,,105,,563,,3,3,,,,,,,,,,,,,,,,,,,,,,,,,,,,,,,,,,,,,
Saad Siddique Umrani,803,401020067,Badin,"Shaheed Fazal Rahu, Golarchi",KARIO GANHWAR-Tc,,GBPS WALI MUHAMMAD NIZAMANI,,Mixed,Primary,24.8340312832507,68.6196243871775,,,2026-05-07,10:36:42,,Saad Siddique Umrani,,Government Building,Dangerous,,02,,,,,,Simple Water Cooler,No,Partial,,Not available,Not available,Not available,,,,258,,163,,421,,2,2,,,,,,,,,,,,,,,,,,,,,,,,,,,,,,,,,,,,,
Saad Siddique Umrani,804,401020102,Badin,"Shaheed Fazal Rahu, Golarchi",TC - Kario Ghanwar,,GGPS HAJI TAYYAB KHATTI,,Girls,Primary,24.839864545023,68.6247280242045,,,2026-05-07,10:24:12,,Saad Siddique Umrani,Open,Government Building,Needs Repair,,02,,,,,,Simple Water Cooler,Yes,Yes,,Not available,Not available,Not available,,,,104,,239,,343,,4,3,,,,,,,,,,,,,,,,,,,,,,,,,,,,,,,,,,,,,
Saad Siddique Umrani,805,401020112,Badin,"Shaheed Fazal Rahu, Golarchi",Rahuki,,GGPS CHAK NO. 12,,Girls,Primary,24.7548853234625,68.5609719158212,,,2025-11-07,09:44:56,,Zeb Ali Rajo,401020234,Shared with Other Government school building (SEMIS Code),Satisfactory,,02,,,,,,,Yes,Yes,,Not available,Not available,Not available,,,,104,,237,,341,,3,3,,,,,,,,,,,,,,,,,,,,,,,,,,,,,,,,,,,,,
Saad Siddique Umrani,806,401020126,Badin,"Shaheed Fazal Rahu, Golarchi",Golarchi-S.F.Rao-Tc,,GGPS MUHAMMAD BUX JATOI,,Girls,Primary,24.6670741323916,68.5438191895185,,,2026-02-06,10:45:33,,Muhammad Asghar Arain,,Government Building,Needs Repair,,02,,,,,,Girls,No,Partial,,Not available,Not available,Not available,,,,104,,207,,311,,1,1,,,,,,,,,,,,,,,,,,,,,,,,,,,,,,,,,,,,,
Saad Siddique Umrani,807,401020156,Badin,"Shaheed Fazal Rahu, Golarchi",TC - Shaheed Fazil Rahu,,GGPS MASOO KHAN TALPUR,,Girls,Primary,24.6761240660094,68.5470780723296,,,2025-11-08,12:54:22,,Zeb Ali Rajo,chapra school,No Building,No Boundary Wall,,0,,,,,,Simple Water Cooler,No,Partial,,Not available,Not available,Not available,,,,104,,165,,269,,1,1,,,,,,,,,,,,,,,,,,,,,,,,,,,,,,,,,,,,,
Saad Siddique Umrani,808,401020199,Badin,"Shaheed Fazal Rahu, Golarchi",TC - Kario Ghanwar,,GBPS MUHAMMAD KHAN NIZAMANI,,Mixed,Primary,24.8225030232215,68.6352066877402,,,2026-05-07,11:26:22,,Saad Siddique Umrani,,Pakka/RCC/Tier Guarder,No Boundary Wall,,0,,,,,,NA,No,Yes,,Not available,Not available,Not available,,,,288,,115,,403,,4,3,,,,,,,,,,,,,,,,,,,,,,,,,,,,,,,,,,,,,
Saad Siddique Umrani,809,401020230,Badin,"Shaheed Fazal Rahu, Golarchi",Dubi,,GBPS HAJI GHAZI KUNBHAR,,Boys,Primary,24.8154794886595,68.5422058373157,,,2025-12-17,10:25:52,,Muhammad Sheeraz Arain,,Government Building,Dangerous,,02,,,,,,,No,Yes,,Not available,Not available,Not available,,,,168,,141,,309,,1,1,,,,,,,,,,,,,,,,,,,,,,,,,,,,,,,,,,,,,
Saad Siddique Umrani,810,401020247,Badin,"Shaheed Fazal Rahu, Golarchi",Terai,,GBPS FAIZ MUHAMMAD SAMEJO@MIR MUHAMMAD N,,Mixed,Primary,24.6301278613095,68.6606468181442,,,2026-01-12,09:54:37,,Muhammad Asghar Arain,hut,No Building,No Boundary Wall,,0,,,,,,NA,No,Yes,,Not available,Not available,Not available,,,,182,,135,,317,,2,1,,,,,,,,,,,,,,,,,,,,,,,,,,,,,,,,,,,,,
Saad Siddique Umrani,811,401020248,Badin,"Shaheed Fazal Rahu, Golarchi",Dadhako,,GBPS HAJI MEHMOOD NOHANI,,Boys,Primary,24.6653667697349,68.5879697232188,,,2025-11-29,09:39:45,,Muhammad Asghar Arain,chhapra,No Building,No Boundary Wall,,0,,,,,,NA,No,Partial,,Not available,Not available,Not available,,,,146,,135,,281,,1,1,,,,,,,,,,,,,,,,,,,,,,,,,,,,,,,,,,,,,
Saad Siddique Umrani,812,401020317,Badin,"Shaheed Fazal Rahu, Golarchi",Dubi,,GBPS HAJI SIDDIQUE NOONDANI,,Mixed,Primary,24.8167923267525,68.5431405901909,,,2025-12-17,10:36:23,,Muhammad Sheeraz Arain,otaq,Any Other Building,No Boundary Wall,,01,,,,,,NA,No,Yes,,Not available,Not available,Not available,,,,162,,205,,367,,2,2,,,,,,,,,,,,,,,,,,,,,,,,,,,,,,,,,,,,,
Saad Siddique Umrani,813,401020409,Badin,"Shaheed Fazal Rahu, Golarchi",TC - Shaheed Fazil Rahu,,GBPS SATRAMDAS PERMAR,,Mixed,Primary,24.6861073567732,68.5298012935869,,,2025-12-01,08:35:34,,Muhammad Asghar Arain,,Pakka/RCC/Tier Guarder,Needs Repair,,02,,,,,,Simple Water Cooler,Yes,Partial,,Not available,Not available,Not available,,,,322,,211,,533,,4,3,,,,,,,,,,,,,,,,,,,,,,,,,,,,,,,,,,,,,
Saad Siddique Umrani,814,401020448,Badin,"Shaheed Fazal Rahu, Golarchi",TC - Shaheed Fazil Rahu,,GBPS KIRSHAN LAL MAKWANA,,Mixed,Primary,24.6541647197947,68.5257048862194,,,2025-12-09,08:33:01,,Muhammad Asghar Arain,,Government Building,Partially Satisfactory,,03,,,,,,NA,No,Partial,,Not available,Not available,Not available,,,,290,,203,,493,,4,3,,,,,,,,,,,,,,,,,,,,,,,,,,,,,,,,,,,,,
Saad Siddique Umrani,815,401020541,Badin,"Shaheed Fazal Rahu, Golarchi",Rahuki,,GBLSS CHACK NO.11,,Boys,Middle,24.7559448404415,68.5722042801503,,,2025-11-07,09:14:54,,Zeb Ali Rajo,,Government Building,Satisfactory,,06,,,,,,NA,Yes,Yes,,Not available,Not available,Not available,,,,518,,105,,623,,8,3,,,,,,,,,,,,,,,,,,,,,,,,,,,,,,,,,,,,,
Saad Siddique Umrani,816,401030035,Badin,Matli,Phalkara,,GBPS TALIB SEHTO,,Boys,Primary,25.1474956448229,68.6622713470332,,,2025-12-13,10:44:07,,Wali Muhammad Nizamani,madrasa building,No Building,No Boundary Wall,,01,,,,,,NA,No,Partial,,Not available,Not available,Not available,,,,192,,105,,297,,1,1,,,,,,,,,,,,,,,,,,,,,,,,,,,,,,,,,,,,,
Saad Siddique Umrani,817,401030039,Badin,Matli,Phalkara,,GBPS PHALKARA,,Mixed,Primary,25.1374352242357,68.6626958192942,,,2026-05-14,12:14:16,,Saad Siddique Umrani,,Government Building,Dangerous,,06,,,,,,Simple Water Cooler,Yes,Yes,,Not available,Not available,Not available,,,,492,,121,,613,,4,4,,,,,,,,,,,,,,,,,,,,,,,,,,,,,,,,,,,,,
Saad Siddique Umrani,818,401030062,Badin,Matli,Haji Muhammad Hashim Panhwar,,GBPS BACHAL KHOSO,,Mixed,Primary,25.1607551088009,68.6968923959905,,,2025-12-16,11:46:59,,Muhammad Sheeraz Arain,,NA,NA,,01,,,,,,NA,NA,Partial,,Not available,Not available,Not available,,,,150,,133,,283,,1,,,,,,,,,,,,,,,,,,,,,,,,,,,,,,,,,,,,,,
Saad Siddique Umrani,819,401030064,Badin,Matli,Haji Muhammad Hashim Panwar,,GBPS MUHAMMAD YOUSIF PANHWAR,,Mixed,Primary,25.1802263868854,68.6779065793703,,,2026-05-12,12:01:40,,Saad Siddique Umrani,Open,Government Building,Partially Dangerous,,02,,,,,,NA,No,Partial,,Not available,Not available,Not available,,,,210,,171,,381,,2,1,,,,,,,,,,,,,,,,,,,,,,,,,,,,,,,,,,,,,
Saad Siddique Umrani,820,401030121,Badin,Matli,Phalkara,,GGPS TALIB SEHTO,,Girls,Primary,25.147505463802,68.6622826646011,,,2026-02-07,10:47:21,,Muhammad Sheeraz Arain,Open,Government Building,Needs Repair,,02,,,,,,Pot/Matka,No,Yes,,Not available,Not available,Not available,,,,192,,185,,377,,2,2,,,,,,,,,,,,,,,,,,,,,,,,,,,,,,,,,,,,,
Saad Siddique Umrani,821,401030149,Badin,Matli,Phalkara,,GGPS GUHLAM HYDER SHAH ( PHALKHARA),,Girls,Primary,25.1382446822409,68.6624036002311,,,2025-12-13,09:45:26,,Wali Muhammad Nizamani,,Government Building,Dangerous,,03,,,,,,NA,No,Partial,,Not available,Not available,Not available,,,,104,,447,,551,,6,4,,,,,,,,,,,,,,,,,,,,,,,,,,,,,,,,,,,,,
Saad Siddique Umrani,822,401030184,Badin,Matli,Phalkara,,GGELS KOLO SEHTO,,Girls,Elementary,25.1436717329438,68.6612866164672,,,2026-05-14,12:56:21,,Saad Siddique Umrani,,Government Building,Satisfactory,,02,,,,,,Simple Water Cooler,No,Partial,,Not available,Not available,Not available,,,,194,,337,,531,,6,4,,,,,,,,,,,,,,,,,,,,,,,,,,,,,,,,,,,,,
Saad Siddique Umrani,823,401030329,Badin,Matli,Phalkara,,GBPS AHMED HALEPOTO,,Mixed,Primary,25.1009588258243,68.6690107860232,,,2026-04-09,11:24:08,,Ali Hyder Baloch,,Pakka/RCC/Tier Guarder,Satisfactory,,02,,,,,,NA,No,Yes,,Not available,Not available,Not available,,,,198,,147,,345,,2,2,,,,,,,,,,,,,,,,,,,,,,,,,,,,,,,,,,,,,
Saad Siddique Umrani,824,401030330,Badin,Matli,Ghulam Muhammad Halepoto,,GBPS ABDUL RAZAQ LAGHARI AT MUHAMMAD IBR,,Mixed,Primary,25.09734958348,68.6300781314851,,,2026-04-08,12:17:58,,Zain Ul Abideen Nizamani,Donated By An NGO,Any Other Building,Satisfactory,,02,,,,,,Direct Handpump,Yes,Yes,,Not available,Not available,Not available,,,,174,,157,,331,,2,2,,,,,,,,,,,,,,,,,,,,,,,,,,,,,,,,,,,,,
Saad Siddique Umrani,825,401030344,Badin,Matli,Haji Muhammad Hashim Panwar,,GBPS HAJI MAHMOOD KHAN LAGHARI,,Mixed,Primary,25.1457691097455,68.6897630807316,,,2026-05-05,10:38:39,,Wali Muhammad Nizamani,,Pakka/RCC/Tier Guarder,Dangerous,,04,,,,,,Direct Handpump,No,Partial,,Not available,Not available,Not available,,,,226,,211,,437,,3,2,,,,,,,,,,,,,,,,,,,,,,,,,,,,,,,,,,,,,
Saad Siddique Umrani,826,401030368,Badin,Matli,Phalkara,,GBPS MITHO KHOSO,,Mixed,Primary,25.1226608316942,68.7388476366094,,,2025-12-08,11:41:39,,Muhammad Sheeraz Arain,,Government Building,No Boundary Wall,,02,,,,,,NA,No,Partial,,Not available,Not available,Not available,,,,158,,117,,275,,1,,,,,,,,,,,,,,,,,,,,,,,,,,,,,,,,,,,,,,
Saad Siddique Umrani,827,401030422,Badin,Matli,Phalkara,,GBPS NASEER CHANDIO,,Mixed,Primary,25.1024444687578,68.7056539583089,,,2026-04-17,09:44:29,,Naveed Raza Khan Nizamani,,NA,NA,,02,,,,,,NA,NA,Partial,,Not available,Not available,Not available,,,,220,,181,,401,,1,,,,,,,,,,,,,,,,,,,,,,,,,,,,,,,,,,,,,,
Saad Siddique Umrani,828,401030426,Badin,Matli,Ghulam Muhammad Halepto,,GBPS AHMED KHAN LAGHARI,,Boys,Primary,25.0927819178774,68.5861716692115,,,2026-05-11,12:43:42,,Saad Siddique Umrani,single room funded by smc,Any Other Building,No Boundary Wall,,01,,,,,,NA,No,Partial,,Not available,Not available,Not available,,,,164,,145,,309,,1,1,,,,,,,,,,,,,,,,,,,,,,,,,,,,,,,,,,,,,
Saad Siddique Umrani,829,401030428,Badin,Matli,Ghulam Muhammad Halepto,,GBPS BARAN LAGHARI,,Mixed,Primary,25.1049681115357,68.599591124336,,,2025-12-09,10:58:05,,Muhammad Sheeraz Arain,,Government Building,No Boundary Wall,,04,,,,,,Direct Handpump,No,Yes,,Not available,Not available,Not available,,,,278,,177,,455,,3,3,,,,,,,,,,,,,,,,,,,,,,,,,,,,,,,,,,,,,
Saad Siddique Umrani,830,401030445,Badin,Matli,Haji Muhammad Hashim Panhwar,,GBPS GOHRAM MAZARI,,Mixed,Primary,25.1478729679364,68.6714178723565,,,2026-02-06,11:18:49,,Naveed Raza Khan Nizamani,,NA,NA,,0,,,,,,NA,NA,Yes,,Not available,Not available,Not available,,,,152,,127,,279,,1,,,,,,,,,,,,,,,,,,,,,,,,,,,,,,,,,,,,,,
Saad Siddique Umrani,831,401030449,Badin,Matli,Ghulam Muhammad Halepoto,,GBPS AZEEM KHASKHELI,,Mixed,Primary,25.0907447384212,68.6664203190924,,,2026-04-09,11:36:04,,Ali Hyder Baloch,,Government Building,Dangerous,,02,,,,,,NA,No,Yes,,Not available,Not available,Not available,,,,156,,185,,341,,2,1,,,,,,,,,,,,,,,,,,,,,,,,,,,,,,,,,,,,,
Saad Siddique Umrani,832,401030450,Badin,Matli,Ghulam Muhammad Halepto,,GBPS ALI MUHAMMAD NIZAMANI,,Mixed,Primary,25.0782346709974,68.6408124164181,,,2026-03-06,10:44:24,,Zain Ul Abideen Nizamani,Open,Government Building,No Boundary Wall,,01,,,,,,NA,No,Yes,,Not available,Not available,Not available,,,,204,,159,,363,,3,2,,,,,,,,,,,,,,,,,,,,,,,,,,,,,,,,,,,,,
Saad Siddique Umrani,833,401030451,Badin,Matli,Ghulam Muhammad Halepto,,GBPS FATEH MUHAMMAD MASHAK,,Mixed,Primary,25.0915751547497,68.6534013308454,,,2026-02-02,13:03:57,,Muhammad Sheeraz Arain,,Government Building,No Boundary Wall,,01,,,,,,NA,No,Yes,,Not available,Not available,Not available,,,,128,,127,,255,,1,1,,,,,,,,,,,,,,,,,,,,,,,,,,,,,,,,,,,,,
Saad Siddique Umrani,834,401030453,Badin,Matli,Ghulam Muhammad Halepoto,,GBPS QADU MACHHI,,Mixed,Primary,25.0729543408745,68.6510962844959,,,2026-04-07,13:20:39,,Zain Ul Abideen Nizamani,,Government Building,No Boundary Wall,,01,,,,,,NA,No,Yes,,Not available,Not available,Not available,,,,160,,139,,299,,2,1,,,,,,,,,,,,,,,,,,,,,,,,,,,,,,,,,,,,,
Saad Siddique Umrani,835,401030454,Badin,Matli,Ghulam Muhammad Halepto,,GBPS MUHAMMAD KHAN LAGHARI,,Mixed,Primary,25.1042729672517,68.6405511800272,,,2026-04-08,13:13:05,,Zain Ul Abideen Nizamani,No,Any Other Building,Satisfactory,,02,,,,,,Direct Handpump,Yes,Partial,,Not available,Not available,Not available,,,,212,,183,,395,,3,2,,,,,,,,,,,,,,,,,,,,,,,,,,,,,,,,,,,,,
Saad Siddique Umrani,836,401030455,Badin,Matli,Ghulam Muhammad Halepto,,GBPS HAFIZ KHAIR MUHAMMAD LAGHARI,,Mixed,Primary,25.105593418857,68.6359926258733,,,2026-04-08,12:58:00,,Zain Ul Abideen Nizamani,chapra,No Building,No Boundary Wall,,0,,,,,,NA,No,Partial,,Not available,Not available,Not available,,,,240,,171,,411,,4,4,,,,,,,,,,,,,,,,,,,,,,,,,,,,,,,,,,,,,
Saad Siddique Umrani,837,401030457,Badin,Matli,Ghulam Muhammad Halepto,,GBPS MERRANI MORI@WALI MOHD MAGSI,,Mixed,Primary,25.0830968454773,68.6054308657858,,,2026-03-05,12:02:14,,Zain Ul Abideen Nizamani,NA,Government Building,Dangerous,,02,,,,,,NA,No,Yes,,Not available,Not available,Not available,,,,148,,163,,311,,2,2,,,,,,,,,,,,,,,,,,,,,,,,,,,,,,,,,,,,,
Saad Siddique Umrani,838,401030458,Badin,Matli,Ghulam Muhammad Halepto,,GBPS HAJI NABI BUX MAGSI,,Boys,Primary,25.0927655226784,68.6086794006937,,,2025-12-03,12:17:32,,Muhammad Sheeraz Arain,,Government Building,Dangerous,,02,,,,,,NA,No,Yes,,Not available,Not available,Not available,,,,184,,131,,315,,2,2,,,,,,,,,,,,,,,,,,,,,,,,,,,,,,,,,,,,,
Saad Siddique Umrani,839,401030461,Badin,Matli,Ghulam Muhammad Halepto,,GBPS MEHRAB KHAN,,Boys,Primary,25.0829378910719,68.6315229171928,,,2026-05-11,13:22:19,,Saad Siddique Umrani,Open,Government Building,Dangerous,,02,,,,,,NA,No,Partial,,Not available,Not available,Not available,,,,164,,149,,313,,2,2,,,,,,,,,,,,,,,,,,,,,,,,,,,,,,,,,,,,,
Saad Siddique Umrani,840,401030464,Badin,Matli,Ghulam Muhammad Halepto,,GBPS OTO SHARIF,,Mixed,Primary,25.1082903130484,68.6610256280824,,,2026-04-09,10:53:48,,Ali Hyder Baloch,,Government Building,Dangerous,,02,,,,,,NA,NA,Partial,,Not available,Not available,Not available,,,,150,,153,,303,,2,2,,,,,,,,,,,,,,,,,,,,,,,,,,,,,,,,,,,,,
Saad Siddique Umrani,841,401030465,Badin,Matli,Ghulam Muhammad Halepto,,GBPS SOOMRO LAGHARI,,Mixed,Primary,25.0829199441226,68.6183655007552,,,2026-05-13,12:27:28,,Saad Siddique Umrani,,Government Building,Dangerous,,02,,,,,,Direct Handpump,No,Yes,,Not available,Not available,Not available,,,,186,,147,,333,,3,2,,,,,,,,,,,,,,,,,,,,,,,,,,,,,,,,,,,,,
Saad Siddique Umrani,842,401030523,Badin,Matli,Ghulam Muhammad Halepto,,GBPS HAJI FAJOO KHAN AT BAHADUR MAGSI,,Mixed,Primary,25.0876852401357,68.6044774059132,,,2026-05-11,12:57:53,,Saad Siddique Umrani,hut,No Building,No Boundary Wall,,0,,,,,,Direct Handpump,No,Partial,,Not available,Not available,Not available,,,,206,,137,,343,,1,1,,,,,,,,,,,,,,,,,,,,,,,,,,,,,,,,,,,,,
Saad Siddique Umrani,843,401030536,Badin,Matli,Haji Muhammad Hashim Panhwar,,GBPS KALOO SAHTO AT USMAN MAZARI,,Mixed,Primary,25.1538385721306,68.6702782279115,,,2026-02-06,11:27:36,,Naveed Raza Khan Nizamani,Open,Any Other Building,Satisfactory,,01,,,,,,Direct Handpump,Yes,Yes,,Not available,Not available,Not available,,,,126,,127,,253,,1,1,,,,,,,,,,,,,,,,,,,,,,,,,,,,,,,,,,,,,
Saad Siddique Umrani,844,401030550,Badin,Matli,Ghulam Muhammad Halepto,,GBPS MUHAMMED HASSAN LAGHARI,,Boys,Primary,25.0938647794541,68.6007132035784,,,2026-01-05,13:44:13,,Wali Muhammad Nizamani,,NA,NA,,02,,,,,,NA,NA,Yes,,Not available,Not available,Not available,,,,142,,145,,287,,1,,,,,,,,,,,,,,,,,,,,,,,,,,,,,,,,,,,,,,
Saad Siddique Umrani,845,401030552,Badin,Matli,Ghulam Muhammad Halepto,,GBPS HUMZO LAGHARI,,Mixed,Primary,25.0838183825411,68.6048574999456,,,2026-03-05,12:10:11,,Zain Ul Abideen Nizamani,Open,Government Building,No Boundary Wall,,01,,,,,,Direct Handpump,No,Partial,,Not available,Not available,Not available,,,,194,,145,,339,,2,2,,,,,,,,,,,,,,,,,,,,,,,,,,,,,,,,,,,,,
Saad Siddique Umrani,846,401030564,Badin,Matli,Ghulam Muhammad Halepoto,,GBPS MUHAMMAD MALOOK JOKHIO,,Mixed,Primary,25.1195867820386,68.6206385057095,,,2025-12-08,09:53:16,,Wali Muhammad Nizamani,dangerous condition,No Building,No Boundary Wall,,0,,,,,,Direct Handpump,No,Partial,,Not available,Not available,Not available,,,,204,,113,,317,,1,1,,,,,,,,,,,,,,,,,,,,,,,,,,,,,,,,,,,,,
Saad Siddique Umrani,847,401030596,Badin,Matli,Ghulam Muhammad Halepoto,,GBPS QABOOL JUAHEJO,,Mixed,Primary,25.0665010495261,68.640140565804,,,2026-02-02,12:13:23,,Zain Ul Abideen Nizamani,Single Room From SMC,No Building,No Boundary Wall,,01,,,,,,NA,No,Partial,,Not available,Not available,Not available,,,,234,,205,,439,,4,4,,,,,,,,,,,,,,,,,,,,,,,,,,,,,,,,,,,,,
Saad Siddique Umrani,848,401030603,Badin,Matli,Ghulam Muhammad Halepto,,GBPS HUSSAIN SEHRATH,,Mixed,Primary,25.1162001968425,68.6332474612646,,,2025-12-08,10:12:36,,Wali Muhammad Nizamani,,Any Other Building,No Boundary Wall,,01,,,,,,Direct Handpump,No,Partial,,Not available,Not available,Not available,,,,208,,183,,391,,2,2,,,,,,,,,,,,,,,,,,,,,,,,,,,,,,,,,,,,,
Saad Siddique Umrani,849,401030664,Badin,Matli,Phalkara,,GBHS PHALKARA,,Mixed,Secondary,25.1383075985054,68.6614948511,,,2026-05-14,12:29:34,,Saad Siddique Umrani,Open,Government Building,Dangerous,,012,,,,,,Pot/Matka,Yes,Yes,,Not available,Not available,Not available,,,,668,,175,,843,,14,10,,,,,,,,,,,,,,,,,,,,,,,,,,,,,,,,,,,,,
Saad Siddique Umrani,850,401030694,Badin,Matli,Ghulam Muhammad Halepto,,GBHS PEROZ LAGHARI,,Mixed,Secondary,25.1123877267455,68.6117601503458,,,2025-12-19,10:08:36,,Wali Muhammad Nizamani,,Government Building,Dangerous,,018,,,,,,Direct Handpump,No,Yes,,Not available,Not available,Not available,,,,944,,575,,1519,,31,22,,,,,,,,,,,,,,,,,,,,,,,,,,,,,,,,,,,,,
Saad Siddique Umrani,851,401030695,Badin,Matli,Haji Muhammad Hashim Panhwar,,GBHS DOST MUHAMMAD PANHWAR,,Boys,Secondary,25.1723189943145,68.6804528497813,,,2026-05-12,12:51:06,,Saad Siddique Umrani,,Government Building,Partially Dangerous,,010,,,,,,Simple Water Cooler,Yes,Yes,,Not available,Not available,Not available,,,,760,,339,,1099,,22,15,,,,,,,,,,,,,,,,,,,,,,,,,,,,,,,,,,,,,
Wali Muhammad Nizamani,852,401020063,Badin,"Shaheed Fazal Rahu, Golarchi",Dubi,,GBPS DILSHAD MARI,,Mixed,Primary,24.7329168135697,68.4850788682709,,,2026-05-14,12:12:30,,Wali Muhammad Nizamani,,Government Building,No Boundary Wall,,0,,,,,,Pot/Matka,No,Partial,,Not available,Not available,Not available,,,,190,,105,,295,,1,1,,,,,,,,,,,,,,,,,,,,,,,,,,,,,,,,,,,,,
Wali Muhammad Nizamani,853,401020091,Badin,"Shaheed Fazal Rahu, Golarchi",Dubi,,GGPS MULLAN HASSAN,,Girls,Primary,24.747436639775,68.4991255367174,,,2026-05-14,11:52:52,,Wali Muhammad Nizamani,,NA,NA,,0,,,,,,NA,NA,No,,Not available,Not available,Not available,,,,104,,139,,243,,1,,,,,,,,,,,,,,,,,,,,,,,,,,,,,,,,,,,,,,
Wali Muhammad Nizamani,854,401020092,Badin,"Shaheed Fazal Rahu, Golarchi",Dubi,,GGPS ALI PANHWAR,,Girls,Primary,24.7243605831578,68.4833836717268,,,2026-05-14,11:06:44,,Wali Muhammad Nizamani,,Government Building,Dangerous,,02,,,,,,NA,No,Yes,,Not available,Not available,Not available,,,,104,,171,,275,,2,2,,,,,,,,,,,,,,,,,,,,,,,,,,,,,,,,,,,,,
Wali Muhammad Nizamani,855,401020286,Badin,"Shaheed Fazal Rahu, Golarchi",Khorwah,,GBPS MUHAMMAD SALEH RIND,,Mixed,Primary,24.7254130922184,68.3765673681086,,,2025-12-04,12:21:04,,Muhammad Asghar Arain,Open,No Building,No Boundary Wall,,0,,,,,,NA,No,Partial,,Not available,Not available,Not available,,,,170,,165,,335,,2,1,,,,,,,,,,,,,,,,,,,,,,,,,,,,,,,,,,,,,
Wali Muhammad Nizamani,856,401020309,Badin,"Shaheed Fazal Rahu, Golarchi",Dubi,,GBPS MITHO SAMOON,,Mixed,Primary,24.7837295626126,68.4873667369464,,,2026-05-14,12:56:45,,Wali Muhammad Nizamani,Open,Government Building,No Boundary Wall,,01,,,,,,NA,No,Partial,,Not available,Not available,Not available,,,,130,,133,,263,,1,1,,,,,,,,,,,,,,,,,,,,,,,,,,,,,,,,,,,,,
Wali Muhammad Nizamani,857,401020330,Badin,"Shaheed Fazal Rahu, Golarchi",Khorwah,,GBPS SAIN DAD KHAN KHOR,,Boys,Primary,24.7243179631075,68.4116117667651,,,2025-12-04,11:30:21,,Muhammad Asghar Arain,,Government Building,No Boundary Wall,,02,,,,,,NA,No,Partial,,Not available,Not available,Not available,,,,180,,155,,335,,1,1,,,,,,,,,,,,,,,,,,,,,,,,,,,,,,,,,,,,,
Wali Muhammad Nizamani,858,401020331,Badin,"Shaheed Fazal Rahu, Golarchi",Khorwah,,GBPS SALEH MOHAMMAD JAT,,Mixed,Primary,24.7082894955229,68.4128093640036,,,2025-12-04,10:49:13,,Muhammad Asghar Arain,,Government Building,No Boundary Wall,,02,,,,,,NA,No,Partial,,Not available,Not available,Not available,,,,180,,137,,317,,1,,,,,,,,,,,,,,,,,,,,,,,,,,,,,,,,,,,,,,
Wali Muhammad Nizamani,859,401020384,Badin,"Shaheed Fazal Rahu, Golarchi",Khorwah Chowk,,GBPS MIR KHAN LASHARI,,Boys,Primary,24.7497190144873,68.3701702951392,,,2025-12-04,12:33:37,,Muhammad Asghar Arain,,Government Building,No Boundary Wall,,02,,,,,,NA,No,Partial,,Not available,Not available,Not available,,,,198,,195,,393,,2,1,,,,,,,,,,,,,,,,,,,,,,,,,,,,,,,,,,,,,
Wali Muhammad Nizamani,860,401020404,Badin,"Shaheed Fazal Rahu, Golarchi",Dubi,,GBPS DODO MALLAH,,Mixed,Primary,24.8432356887815,68.4958746978746,,,2025-11-03,11:49:21,,Muhammad Sheeraz Arain,hut,No Building,No Boundary Wall,,0,,,,,,NA,No,No,,Not available,Not available,Not available,,,,188,,113,,301,,2,2,,,,,,,,,,,,,,,,,,,,,,,,,,,,,,,,,,,,,
Wali Muhammad Nizamani,861,401020511,Badin,"Shaheed Fazal Rahu, Golarchi",Dubi,,GBPS SIKEELABDHO,,Mixed,Primary,24.7085819462158,68.5041922310633,,,2026-05-14,11:23:24,,Wali Muhammad Nizamani,Otaq,No Building,No Boundary Wall,,01,,,,,,NA,No,Partial,,Not available,Not available,Not available,,,,,,,,,,1,1,,,,,,,,,,,,,,,,,,,,,,,,,,,,,,,,,,,,,
Wali Muhammad Nizamani,862,401020516,Badin,"Shaheed Fazal Rahu, Golarchi",Khorwah Chowk,,GBPS HAJI SHARE MUHAMMAD MAREE,,Mixed,Primary,24.7586533376168,68.4413158860813,,,2025-11-24,11:52:06,,Muhammad Asghar Arain,Open,No Building,No Boundary Wall,,0,,,,,,NA,No,Partial,,Not available,Not available,Not available,,,,172,,165,,337,,2,2,,,,,,,,,,,,,,,,,,,,,,,,,,,,,,,,,,,,,
Wali Muhammad Nizamani,863,401020565,Badin,"Shaheed Fazal Rahu, Golarchi",Khorwah,,GBELS NOOR MUHAMMAD KUMBHAR MOHALLA,,Mixed,Elementary,24.7522900128096,68.4173999746634,,,2025-11-24,13:09:17,,Muhammad Asghar Arain,Open,Government Building,No Boundary Wall,,08,,,,,,Simple Water Cooler,Yes,Yes,,Not available,Not available,Not available,,,,814,,401,,1215,,9,9,,,,,,,,,,,,,,,,,,,,,,,,,,,,,,,,,,,,,
Wali Muhammad Nizamani,864,401020569,Badin,"Shaheed Fazal Rahu, Golarchi",Khorwah,,GBHSS KHORWAH,,Boys,Hi.Secondary,24.7537928821443,68.413497358064,,,2025-11-24,12:10:28,,Muhammad Asghar Arain,,Government Building,Partially Dangerous,,17,,,,,,Simple Water Cooler,Yes,Yes,,Not available,Not available,Not available,,,,1126,,507,,1633,,27,20,,,,,,,,,,,,,,,,,,,,,,,,,,,,,,,,,,,,,
Wali Muhammad Nizamani,865,401030005,Badin,Matli,Ghazi Khan Chang,,GBPS MALHAR KHASKHELI,,Mixed,Primary,25.2619475403607,68.965080230475,,,2025-12-01,11:54:23,,Zeb Ali Rajo,,Government Building,No Boundary Wall,,,,,,,,NA,No,No,,NA,NA,NA,,,,140,,123,,263,,1,1,,,,,,,,,,,,,,,,,,,,,,,,,,,,,,,,,,,,,
Wali Muhammad Nizamani,866,401030015,Badin,Matli,Malhan,,GBPS HAIRO KHAN TALPUR,,Boys,Primary,25.0125643336457,68.7496007833423,,,2026-02-06,11:05:06,,Muhammad Sheeraz Arain,Open,Government Building,Satisfactory,,02,,,,,,NA,Yes,Partial,,Not available,Not available,Not available,,,,346,,105,,451,,3,2,,,,,,,,,,,,,,,,,,,,,,,,,,,,,,,,,,,,,
Wali Muhammad Nizamani,867,401030038,Badin,Matli,Ghulam Muhammad Halepto,,GBPS GAHNOO KHAN LAGHARI,,Boys,Primary,25.1034218205805,68.6317272484303,,,2026-04-08,12:45:49,,Zain Ul Abideen Nizamani,Open,Government Building,No Boundary Wall,,0,,,,,,NA,No,Partial,,Not available,Not available,Not available,,,,328,,105,,433,,4,4,,,,,,,,,,,,,,,,,,,,,,,,,,,,,,,,,,,,,
Wali Muhammad Nizamani,868,401030060,Badin,Matli,Ghulam Muhammad Halepto,,GBPS ALUDO LAGHARI,,Boys,Primary,25.090546439849,68.6046112201707,,,2026-02-10,13:11:08,,Wali Muhammad Nizamani,,Government Building,No Boundary Wall,,02,,,,,,NA,No,Yes,,Not available,Not available,Not available,,,,176,,159,,335,,2,1,,,,,,,,,,,,,,,,,,,,,,,,,,,,,,,,,,,,,
Wali Muhammad Nizamani,869,401030061,Badin,Matli,Ghulam Muhammad Halepto,,GBPS URS LAGHARI,,Boys,Primary,25.0955657653244,68.594267926201,,,2026-04-21,12:30:39,,Zain Ul Abideen Nizamani,,Government Building,Satisfactory,,02,,,,,,NA,Yes,Yes,,Not available,Not available,Not available,,,,,,,,,,3,2,,,,,,,,,,,,,,,,,,,,,,,,,,,,,,,,,,,,,
Wali Muhammad Nizamani,870,401030068,Badin,Matli,Matli-Mc,,GBPS NOOR MUHAMMAD TURK,,Boys,Primary,25.0420402811755,68.6888234315714,,,2026-05-07,12:26:45,,Wali Muhammad Nizamani,Open,Government Building,Dangerous,,01,,,,,,NA,No,Yes,,Not available,Not available,Not available,,,,194,,105,,299,,2,1,,,,,,,,,,,,,,,,,,,,,,,,,,,,,,,,,,,,,
Wali Muhammad Nizamani,871,401030077,Badin,Matli,Ghulam Muhammad Halepto,,GBPS RASGAN,,Boys,Primary,25.0952960298094,68.6132261048231,,,2026-05-13,12:47:33,,Saad Siddique Umrani,Closed During Visit,NA,NA,,01,,,,,,NA,NA,No,,Not available,Not available,Not available,,,,170,,105,,275,,1,,,,,,,,,,,,,,,,,,,,,,,,,,,,,,,,,,,,,,
Wali Muhammad Nizamani,872,401030078,Badin,Matli,Malhan,,GBPS ISMAIL WADHO,,Boys,Primary,25.0248471644457,68.7039678343377,,,2026-05-13,12:24:59,,Wali Muhammad Nizamani,Building given by Ngo,Any Other Building,Dangerous,,02,,,,,,NA,No,Partial,,Not available,Not available,Not available,,,,238,,105,,343,,2,2,,,,,,,,,,,,,,,,,,,,,,,,,,,,,,,,,,,,,
Wali Muhammad Nizamani,873,401030084,Badin,Matli,Ghazi Khan Chang,,GBPS HAJI RAWAT KHASKHELI,,Mixed,Primary,25.2647613215003,68.9715470421291,,,2025-12-01,11:25:30,,Zeb Ali Rajo,,Government Building,No Boundary Wall,,1,,,,,,NA,No,Yes,,NA,NA,NA,,,,132,,125,,257,,1,1,,,,,,,,,,,,,,,,,,,,,,,,,,,,,,,,,,,,,
Wali Muhammad Nizamani,874,401030088,Badin,Matli,Ghulam Muhammad Halepoto,,GBPS SODHO LAGHARI,,Boys,Primary,25.0951887149878,68.5873754685952,,,2026-05-11,12:40:18,,Saad Siddique Umrani,,NA,NA,,0,,,,,,NA,NA,Partial,,Not available,Not available,Not available,,,,124,,127,,251,,,,,,,,,,,,,,,,,,,,,,,,,,,,,,,,,,,,,,,,
Wali Muhammad Nizamani,875,401030099,Badin,Matli,MC - Matli,,GGELS JAMIL COLONY MATLI,,Girls,Elementary,25.0467496570993,68.6665396468602,,,2026-05-11,10:40:35,,Wali Muhammad Nizamani,,Government Building,Satisfactory,,08,,,,,,,Yes,Yes,,Not available,Not available,Available and functional,,,,104,,721,,825,,12,11,,,,,,,,,,,,,,,,,,,,,,,,,,,,,,,,,,,,,
Wali Muhammad Nizamani,876,401030123,Badin,Matli,Ghulam Muhammad Halepto,,GGPS RASGAN,,Girls,Primary,25.0953690122184,68.6109307481036,,,2026-05-13,12:41:12,,Saad Siddique Umrani,Open,Government Building,Partially Need Repair,,02,,,,,,NA,No,Yes,,Not available,Not available,Not available,,,,104,,145,,249,,3,2,,,,,,,,,,,,,,,,,,,,,,,,,,,,,,,,,,,,,
Wali Muhammad Nizamani,877,401030124,Badin,Matli,Phalkara,,GGPS PARHO KHOSO,,Girls,Primary,25.0679447153652,68.7667388359883,,,2026-02-21,11:27:32,,Zain Ul Abideen Nizamani,Open,Government Building,Dangerous,,02,,,,,,NA,No,Yes,,Not available,Not available,Not available,,,,104,,219,,323,,3,3,,,,,,,,,,,,,,,,,,,,,,,,,,,,,,,,,,,,,
Wali Muhammad Nizamani,878,401030168,Badin,Matli,Tharee,,GGPS AHMED KHAN BAGRANI,,Girls,Primary,25.0697219626654,68.8612282342985,,,2025-12-04,12:35:47,,Zain Ul Abideen Nizamani,Open,Government Building,Satisfactory,,02,,,,,,Direct Handpump,No,Yes,,Not available,Not available,Not available,,,,118,,273,,391,,2,2,,,,,,,,,,,,,,,,,,,,,,,,,,,,,,,,,,,,,
Wali Muhammad Nizamani,879,401030175,Badin,Matli,Malhan,,GGPS ISMAIL WADHO,,Girls,Primary,25.0263861030491,68.7047472577926,,,2026-05-13,12:33:29,,Wali Muhammad Nizamani,Open,Government Building,No Boundary Wall,,02,,,,,,NA,Yes,Yes,,Not available,Not available,Not available,,,,104,,231,,335,,2,2,,,,,,,,,,,,,,,,,,,,,,,,,,,,,,,,,,,,,
Wali Muhammad Nizamani,880,401030178,Badin,Matli,Nabi Bux Kamboh,,GGPS MUHAMMAD RAHIM NIZAMANI,,Girls,Primary,25.0864241825949,68.8725970474338,,,2025-12-10,13:19:44,,Zain Ul Abideen Nizamani,Open,Government Building,Satisfactory,,02,,,,,,NA,Yes,Partial,,Not available,Not available,Not available,,,,104,,293,,397,,4,3,,,,,,,,,,,,,,,,,,,,,,,,,,,,,,,,,,,,,
Wali Muhammad Nizamani,881,401030182,Badin,Matli,Ghulam Muhammad Halepto,,GGPS GUHLAM HYDER SHAH,,Girls,Primary,25.1014886006805,68.6557423069188,,,2026-04-09,11:15:32,,Ali Hyder Baloch,No,Government Building,No Boundary Wall,,02,,,,,,NA,No,Yes,,Not available,Not available,Not available,,,,104,,211,,315,,2,2,,,,,,,,,,,,,,,,,,,,,,,,,,,,,,,,,,,,,
Wali Muhammad Nizamani,882,401030194,Badin,Matli,Ghulam Muhammad Halepto,,GGPS ALOODO LAGHARI,,Girls,Primary,25.0925073787673,68.6067292022843,,,2026-02-02,13:15:49,,Zain Ul Abideen Nizamani,,Government Building,Satisfactory,,02,,,,,,NA,No,Yes,,Not available,Not available,Not available,,,,104,,147,,251,,2,2,,,,,,,,,,,,,,,,,,,,,,,,,,,,,,,,,,,,,
Wali Muhammad Nizamani,883,401030195,Badin,Matli,Ghulam Muhammad Halepto,,GGPS URS LAGHARI,,Girls,Primary,25.0957092963891,68.5941693331987,,,2026-04-21,12:22:11,,Zain Ul Abideen Nizamani,,Government Building,Satisfactory,,02,,,,,,NA,No,Yes,,Not available,Not available,Not available,,,,104,,277,,381,,5,3,,,,,,,,,,,,,,,,,,,,,,,,,,,,,,,,,,,,,
Wali Muhammad Nizamani,884,401030196,Badin,Matli,MC - Matli,,GGPS KHAIR MUHAMMAD NOTKANI,,Girls,Primary,25.0519752217028,68.6377079050933,,,2026-05-21,09:49:10,,Wali Muhammad Nizamani,,Government Building,Satisfactory,,02,,,,,,Direct Handpump,Yes,Yes,,Not available,Not available,Not available,,,,104,,271,,375,,3,2,,,,,,,,,,,,,,,,,,,,,,,,,,,,,,,,,,,,,
Wali Muhammad Nizamani,885,401030201,Badin,Matli,Ghulam Muhammad Halepoto,,GGPS RAHMATULLAH JAHEJO,,Girls,Primary,25.0734774187947,68.6200715819463,,,2026-03-14,11:47:22,,Zain Ul Abideen Nizamani,,Government Building,Needs Repair,,02,,,,,,NA,No,Partial,,Not available,Not available,Not available,,,,104,,229,,333,,5,3,,,,,,,,,,,,,,,,,,,,,,,,,,,,,,,,,,,,,
Wali Muhammad Nizamani,886,401030210,Badin,Matli,Ghazi Khan Chang,,GGPS H KAMAL KHAN HALEPOTA,,Girls,Primary,25.2605878210137,68.9375324648907,,,2025-12-01,08:55:38,,Zeb Ali Rajo,,Government Building,Satisfactory,,2,,,,,,Simple Water Cooler,No,Partial,,NA,NA,NA,,,,104,,191,,295,,1,,,,,,,,,,,,,,,,,,,,,,,,,,,,,,,,,,,,,,
Wali Muhammad Nizamani,887,401030218,Badin,,,,,,,,,,,,,,,,,,,,,,,,,,,,,,,,,,,,,,,,,,,,,,,,,,,,,,,,,,,,,,,,,,,,,,,,,,,,,,,,
Wali Muhammad Nizamani,888,401030220,Badin,Matli,Ghazi Khan Chang,,GBPS SULEMAN SEPIO,,Mixed,Primary,25.2530291439854,68.9489038277473,,,2025-12-01,12:42:53,,Zeb Ali Rajo,Under tree,No Building,No Boundary Wall,,0,,,,,,NA,No,Partial,,NA,NA,NA,,,,162,,127,,289,,1,,,,,,,,,,,,,,,,,,,,,,,,,,,,,,,,,,,,,,
Wali Muhammad Nizamani,889,401030260,Badin,Matli,Malhan,,GBPS AHMED DARS,,Mixed,Primary,25.0238955425079,68.7592094373604,,,2025-12-04,10:21:34,,Naveed Raza Khan Nizamani,NGO given Building,Any Other Building,Partially Satisfactory,,02,,,,,,NA,Yes,Yes,,Not available,Not available,Not available,,,,188,,207,,395,,3,3,,,,,,,,,,,,,,,,,,,,,,,,,,,,,,,,,,,,,
Wali Muhammad Nizamani,890,401030261,Badin,Matli,Malhan,,GBPS ABDULLAH WARYA,,Mixed,Primary,25.008617658072,68.7343067257857,,,2026-02-03,12:11:33,,Muhammad Sheeraz Arain,,Government Building,Needs Repair,,02,,,,,,NA,No,Partial,,Not available,Not available,Not available,,,,158,,139,,297,,1,1,,,,,,,,,,,,,,,,,,,,,,,,,,,,,,,,,,,,,
Wali Muhammad Nizamani,891,401030361,Badin,Matli,Malhan,,GBPS KARAM KHAN NIZAMANI,,Mixed,Primary,25.0646622809453,68.7436567137892,,,2026-02-12,13:14:33,,Zain Ul Abideen Nizamani,,Government Building,Dangerous,,02,,,,,,NA,No,Partial,,Not available,Not available,Not available,,,,158,,155,,313,,2,2,,,,,,,,,,,,,,,,,,,,,,,,,,,,,,,,,,,,,
Wali Muhammad Nizamani,892,401030365,Badin,Matli,Phalkara,,GBPS LAL BUX PUSIO,,Mixed,Primary,25.1168874435386,68.7601901808843,,,2026-04-22,10:10:24,,Naveed Raza Khan Nizamani,,Government Building,Dangerous,,02,,,,,,NA,No,No,,Not available,Not available,Not available,,,,234,,243,,477,,2,2,,,,,,,,,,,,,,,,,,,,,,,,,,,,,,,,,,,,,
Wali Muhammad Nizamani,893,401030371,Badin,Matli,Phalkara,,GBPS GIANDAR KHOSO AT KHAN MUHAMMAD ERI,,Mixed,Primary,25.1229957357429,68.757235909391,,,2026-02-17,13:35:55,,Zain Ul Abideen Nizamani,,Government Building,Dangerous,,02,,,,,,NA,No,Partial,,Not available,Not available,Not available,,,,226,,147,,373,,2,1,,,,,,,,,,,,,,,,,,,,,,,,,,,,,,,,,,,,,
Wali Muhammad Nizamani,894,401030427,Badin,Matli,Malhan,,GBPS SIDDIQUE SOOMRO,,Boys,Primary,25.0359530491124,68.7039044499278,,,2026-05-13,12:41:19,,Wali Muhammad Nizamani,Open,Pakka/RCC/Tier Guarder,Dangerous,,02,,,,,,NA,No,Partial,,Not available,Not available,Not available,,,,198,,139,,337,,2,2,,,,,,,,,,,,,,,,,,,,,,,,,,,,,,,,,,,,,
Wali Muhammad Nizamani,895,401030469,Badin,Matli,MC - Matli,,GBPS OVER CROWDED,,Mixed,Primary,25.0448427082614,68.650117814382,,,2026-04-06,12:18:12,,Zain Ul Abideen Nizamani,,Government Building,Satisfactory,,02,,,,,,Simple Water Cooler,Yes,Yes,,Not available,Not available,Not available,,,,376,,221,,597,,5,4,,,,,,,,,,,,,,,,,,,,,,,,,,,,,,,,,,,,,
Wali Muhammad Nizamani,896,401030471,Badin,Matli,MC - Matli,,GBPS DIN MUHAMMAD SHEIKH,,Mixed,Primary,25.0441884329431,68.669156134208,,,2025-12-05,10:46:04,,Wali Muhammad Nizamani,,Pakka/RCC/Tier Guarder,No Boundary Wall,,0,,,,,,NA,Yes,Partial,,Not available,Not available,Not available,,,,298,,229,,527,,4,2,,,,,,,,,,,,,,,,,,,,,,,,,,,,,,,,,,,,,
Wali Muhammad Nizamani,897,401030472,Badin,Matli,Malhan,,GBPS LOUNG KHAN ODHEJO,,Mixed,Primary,25.0478190116327,68.678103430952,,,2026-05-07,11:59:59,,Wali Muhammad Nizamani,Open,Government Building,Partially Dangerous,,02,,,,,,Direct Handpump,No,Partial,,Not available,Not available,Not available,,,,276,,259,,535,,5,4,,,,,,,,,,,,,,,,,,,,,,,,,,,,,,,,,,,,,
Wali Muhammad Nizamani,898,401030476,Badin,Matli,Malhan,,GBPS ALAH BACHAYO MALLAH,,Boys,Primary,25.0100803987421,68.7302133895308,,,2025-10-29,11:31:17,,Naveed Raza Khan Nizamani,,NA,NA,,02,,,,,,NA,NA,Yes,,Not available,Not available,Not available,,,,132,,127,,259,,1,,,,,,,,,,,,,,,,,,,,,,,,,,,,,,,,,,,,,,
Wali Muhammad Nizamani,899,401030477,Badin,Matli,Malhan,,GBPS MUHAMMAD ISMAIL SOOMRO,,Boys,Primary,25.0186876763012,68.711305309736,,,2026-05-29,10:54:43,,Wali Muhammad Nizamani,,NA,NA,,01,,,,,,NA,NA,Partial,,Not available,Not available,Not available,,,,178,,147,,325,,1,,,,,,,,,,,,,,,,,,,,,,,,,,,,,,,,,,,,,,
Wali Muhammad Nizamani,900,401030480,Badin,Matli,Malhan,,GBPS MUHAMMAD ODHEJO,,Mixed,Primary,25.0193792575361,68.7272371842128,,,2026-04-13,12:01:36,,Ali Hyder Baloch,Closed During Visit,NA,NA,,02,,,,,,NA,NA,Partial,,Not available,Not available,Not available,,,,106,,145,,251,,1,,,,,,,,,,,,,,,,,,,,,,,,,,,,,,,,,,,,,,
Wali Muhammad Nizamani,901,401030499,Badin,Matli,Malhan,,GBPS ADAM DANGNOON,,Mixed,Primary,25.010874685371,68.7145518057436,,,2026-05-29,11:02:37,,Wali Muhammad Nizamani,,Government Building,Dangerous,,02,,,,,,NA,No,Yes,,Not available,Not available,Not available,,,,202,,181,,383,,3,2,,,,,,,,,,,,,,,,,,,,,,,,,,,,,,,,,,,,,
Wali Muhammad Nizamani,902,401030501,Badin,Matli,Phalkara,,GBPS GUL MUHAMMAD ZAUR,,Mixed,Primary,25.1176713183351,68.6767856013534,,,2026-05-12,10:21:07,,Wali Muhammad Nizamani,,Any Other Building,No Boundary Wall,,01,,,,,,NA,No,Partial,,Not available,Not available,Not available,,,,174,,187,,361,,2,2,,,,,,,,,,,,,,,,,,,,,,,,,,,,,,,,,,,,,
Wali Muhammad Nizamani,903,401030519,Badin,Matli,Malhan,,GBPS ESSA JUNEJO,,Mixed,Primary,25.0380948062044,68.7601839732852,,,2025-12-04,10:09:06,,Naveed Raza Khan Nizamani,,Government Building,Partially Satisfactory,,02,,,,,,Direct Handpump,No,Partial,,Not available,Not available,Not available,,,,344,,281,,625,,4,4,,,,,,,,,,,,,,,,,,,,,,,,,,,,,,,,,,,,,
Wali Muhammad Nizamani,904,401030531,Badin,Matli,Phalkara,,GBPS BUDHO KHASKHELI,,Mixed,Primary,25.1064217580928,68.739882773013,,,2026-04-16,12:39:53,,Ali Hyder Baloch,given by NGO,Any Other Building,Satisfactory,,03,,,,,,Direct Handpump,Yes,Partial,,Not available,Not available,Not available,,,,144,,199,,343,,2,2,,,,,,,,,,,,,,,,,,,,,,,,,,,,,,,,,,,,,
Wali Muhammad Nizamani,905,401030549,Badin,Matli,Phalkara,,GBPS MUREED PARHIAR,,Mixed,Primary,25.1262582352319,68.7611171930258,,,2026-02-17,13:45:14,,Zain Ul Abideen Nizamani,,Government Building,Dangerous,,02,,,,,,NA,No,Partial,,Not available,Not available,Not available,,,,194,,171,,365,,1,1,,,,,,,,,,,,,,,,,,,,,,,,,,,,,,,,,,,,,
Wali Muhammad Nizamani,906,401030556,Badin,Matli,Tharee,,GBPS PIR BUX NIZAMANI,,Mixed,Primary,25.0765793169847,68.8469619214867,,,2025-12-04,12:48:12,,Zain Ul Abideen Nizamani,Open,Government Building,Dangerous,,02,,,,,,NA,No,Partial,,Not available,Not available,Not available,,,,210,,169,,379,,1,1,,,,,,,,,,,,,,,,,,,,,,,,,,,,,,,,,,,,,
Wali Muhammad Nizamani,907,401030687,Badin,Matli,MC - Matli,,GBHS MATLI,,Boys,Secondary,25.045874758273,68.6557746581711,,,2025-11-24,08:32:07,,Wali Muhammad Nizamani,,Government Building,Satisfactory,,40,,,,,,Electric Water Cooler,Yes,Partial,,NA,NA,NA,,,,5266,,117,,5383,,90,79,,,,,,,,,,,,,,,,,,,,,,,,,,,,,,,,,,,,,
Zain Ul Abideen Nizamani,908,401030009,Badin,Matli,Tharee,,GBPS GUL HASSAN NIZAMANI,,Boys,Primary,25.050731547704,68.8650488331795,,,2025-12-04,09:08:44,,Zain Ul Abideen Nizamani,Open,Government Building,Dangerous,,02,,,,,,NA,No,Partial,,Not available,Not available,Not available,,,,284,,105,,389,,2,2,,,,,,,,,,,,,,,,,,,,,,,,,,,,,,,,,,,,,
Zain Ul Abideen Nizamani,909,401030020,Badin,Matli,Haji Sawan,,GBPS MUHAMMAD HANIF NIZAMANI,,Mixed,Primary,24.997081724716,68.8404808940986,,,2026-04-06,12:17:35,,Ali Hyder Baloch,,Government Building,No Boundary Wall,,01,,,,,,NA,No,Partial,,Not available,Not available,Not available,,,,258,,201,,459,,1,1,,,,,,,,,,,,,,,,,,,,,,,,,,,,,,,,,,,,,
Zain Ul Abideen Nizamani,910,401030021,Badin,Matli,Dumbalo,,GBPS PIR SAKHI USMAN SHAH,,Boys,Primary,25.1829160101882,68.9386222758821,,,2026-02-21,09:51:59,,Naveed Raza Khan Nizamani,,Government Building,Satisfactory,,6,,,,,,Simple Water Cooler,No,Partial,,Not available,Not available,Available and functional,,,,494,,205,,699,,2,1,,,,,,,,,,,,,,,,,,,,,,,,,,,,,,,,,,,,,
Zain Ul Abideen Nizamani,911,401030030,Badin,Matli,Dumbalo,,GBPS HAJI MUHAMMAD HASSAN BAGRANI,,Boys,Primary,25.125325137698,68.9970954782141,,,2026-05-14,10:08:16,,Zain Ul Abideen Nizamani,,Government Building,Dangerous,,2,,,,,,NA,No,Yes,,NA,NA,NA,,,,128,,105,,233,,1,1,,,,,,,,,,,,,,,,,,,,,,,,,,,,,,,,,,,,,
Zain Ul Abideen Nizamani,912,401030031,Badin,Matli,Dumbalo,,GBPS HAJI BAKHSHAN CHANDIO,,Boys,Primary,25.1212467927146,69.0068117316132,,,2026-05-14,10:37:55,,Zain Ul Abideen Nizamani,,Government Building,Dangerous,,02,,,,,,NA,No,Yes,,Not available,Not available,Not available,,,,152,,105,,257,,3,3,,,,,,,,,,,,,,,,,,,,,,,,,,,,,,,,,,,,,
Zain Ul Abideen Nizamani,913,401030092,Badin,Matli,Haji Sawan,,GBPS JEYAND DAL,,Boys,Primary,25.0093574609786,68.7693594384694,,,2026-05-21,12:47:48,,Zain Ul Abideen Nizamani,Building is donated by an NGO,Any Other Building,Satisfactory,,0,,,,,,Direct Handpump,Yes,Partial,,Not available,Not available,Not available,,,,170,,129,,299,,2,1,,,,,,,,,,,,,,,,,,,,,,,,,,,,,,,,,,,,,
Zain Ul Abideen Nizamani,914,401030093,Badin,Matli,Dumbalo,,GBPS BHAGAT ARGAN DAS,,Mixed,Primary,25.1587976244816,68.9720519642853,,,2025-11-13,10:52:21,,Naveed Raza Khan Nizamani,,Government Building,Partially Dangerous,,01,,,,,,Direct Handpump,Yes,Yes,,Not available,Not available,Not available,,,,264,,161,,425,,1,1,,,,,,,,,,,,,,,,,,,,,,,,,,,,,,,,,,,,,
Zain Ul Abideen Nizamani,915,401030137,Badin,Matli,Dumbalo,,GGPS ALTAF JAT,,Mixed,Primary,25.1579237207778,68.9405656029926,,,2026-05-06,09:32:47,,Zain Ul Abideen Nizamani,,Government Building,Satisfactory,,02,,,,,,NA,No,Partial,,Not available,Not available,Not available,,,,118,,125,,243,,1,1,,,,,,,,,,,,,,,,,,,,,,,,,,,,,,,,,,,,,
Zain Ul Abideen Nizamani,916,401030142,Badin,Matli,Dumbalo,,GGPS PIR SAKHI USMAN,,Girls,Primary,25.1821540073018,68.939632611778,,,2026-02-21,09:57:43,,Naveed Raza Khan Nizamani,Open,Government Building,No Boundary Wall,,02,,,,,,NA,No,Partial,,Not available,Not available,Not available,,,,104,,227,,331,,3,1,,,,,,,,,,,,,,,,,,,,,,,,,,,,,,,,,,,,,
Zain Ul Abideen Nizamani,917,401030144,Badin,Matli,Dumbalo,,GGPS KOT AHMEDIA,,Girls,Primary,25.1749687141225,68.9749680702046,,,2025-11-13,11:00:47,,Naveed Raza Khan Nizamani,,Government Building,Needs Repair,,02,,,,,,Direct Handpump,No,Yes,,Not available,Not available,Not available,,,,142,,121,,263,,1,1,,,,,,,,,,,,,,,,,,,,,,,,,,,,,,,,,,,,,
Zain Ul Abideen Nizamani,918,401030146,Badin,Matli,Dumbalo,,GGPS DODO GISHKORI,,Girls,Primary,25.1724679548391,68.9362382515406,,,2026-02-21,09:38:18,,Naveed Raza Khan Nizamani,,NA,NA,,0,,,,,,NA,NA,Yes,,Not available,Not available,Not available,,,,104,,215,,319,,1,,,,,,,,,,,,,,,,,,,,,,,,,,,,,,,,,,,,,,
Zain Ul Abideen Nizamani,919,401030152,Badin,Matli,MC - Matli,,GGPS HOT KHAN NOTKANI,,Girls,Primary,25.0405232724969,68.6622132352992,,,2025-12-20,10:42:00,,Muhammad Sheeraz Arain,,Government Building,Satisfactory,,02,,,,,,NA,No,Yes,,Not available,Not available,Not available,,,,140,,187,,327,,2,2,,,,,,,,,,,,,,,,,,,,,,,,,,,,,,,,,,,,,
Zain Ul Abideen Nizamani,920,401030161,Badin,Matli,Haji Sawan,,GGPS HUSSAIN SOOMRO,,Mixed,Primary,24.9907306738315,68.7770292161902,,,2025-12-04,09:21:56,,Naveed Raza Khan Nizamani,,Government Building,Satisfactory,,02,,,,,,NA,No,Yes,,Not available,Not available,Not available,,,,104,,195,,299,,3,2,,,,,,,,,,,,,,,,,,,,,,,,,,,,,,,,,,,,,
Zain Ul Abideen Nizamani,921,401030207,Badin,Matli,halepota,,GGPS KOT ABDULLAH,,Girls,Primary,25.2083544451613,68.9368928968907,,,2025-12-04,10:33:17,,Zeb Ali Rajo,,Government Building,Dangerous,,2,,,,,,NA,No,Yes,,NA,NA,NA,,,,104,,251,,355,,3,3,,,,,,,,,,,,,,,,,,,,,,,,,,,,,,,,,,,,,
Zain Ul Abideen Nizamani,922,401030229,Badin,Matli,Dumbalo,,GBPS NOOR MUHAMMAD WIRK,,Boys,Primary,25.1822519568854,68.9558163151456,,,2026-02-25,08:56:43,,Naveed Raza Khan Nizamani,,NA,NA,,02,,,,,,NA,NA,Yes,,Not available,Not available,Not available,,,,198,,147,,345,,1,,,,,,,,,,,,,,,,,,,,,,,,,,,,,,,,,,,,,,
Zain Ul Abideen Nizamani,923,401030230,Badin,Matli,Dumbalo,,GBPS HAJI MISRI GASHKORI,,Mixed,Primary,25.1716851978658,68.9406207452988,,,2026-02-21,09:22:51,,Naveed Raza Khan Nizamani,,Government Building,Partially Dangerous,,2,,,,,,NA,No,Partial,,NA,NA,NA,,,,150,,137,,287,,1,1,,,,,,,,,,,,,,,,,,,,,,,,,,,,,,,,,,,,,
Zain Ul Abideen Nizamani,924,401030234,Badin,Matli,Dumbalo,,GBPS KIRAR PANHWAR,,Mixed,Primary,25.1466603493136,68.9807491997976,,,2026-05-14,09:44:43,,Zain Ul Abideen Nizamani,under chapra,No Building,No Boundary Wall,,0,,,,,,NA,No,Yes,,Not available,Not available,Not available,,,,146,,127,,273,,1,1,,,,,,,,,,,,,,,,,,,,,,,,,,,,,,,,,,,,,
Zain Ul Abideen Nizamani,925,401030237,Badin,Matli,Dumbalo,,GBPS HAJI JUMA BAGRANI,,Mixed,Primary,25.1196614456125,68.9863695859718,,,2026-05-14,11:20:13,,Zain Ul Abideen Nizamani,,Government Building,Dangerous,,01,,,,,,NA,No,Yes,,Not available,Not available,Not available,,,,146,,121,,267,,1,1,,,,,,,,,,,,,,,,,,,,,,,,,,,,,,,,,,,,,
Zain Ul Abideen Nizamani,926,401030239,Badin,Matli,Dumbalo,,GBPS HAJI DHINGANO TALPUR,,Mixed,Primary,25.129696439595,68.9645815620197,,,2025-11-24,11:21:05,,Zain Ul Abideen Nizamani,,Government Building,Dangerous,,01,,,,,,NA,No,Partial,,Not available,Not available,Not available,,,,228,,201,,429,,3,3,,,,,,,,,,,,,,,,,,,,,,,,,,,,,,,,,,,,,
Zain Ul Abideen Nizamani,927,401030242,Badin,Matli,Dumbalo,,GBELS HAJI MUHAMMAD QASIM LUND,,Mixed,Elementary,25.1477979509101,68.9533904190532,,,2026-02-23,09:19:00,,Naveed Raza Khan Nizamani,Open,Government Building,Satisfactory,,2,,,,,,Simple Water Cooler,Yes,Partial,,Not available,Not available,Available and functional,,,,366,,451,,817,,9,8,,,,,,,,,,,,,,,,,,,,,,,,,,,,,,,,,,,,,
Zain Ul Abideen Nizamani,928,401030245,Badin,Matli,Dumbalo,,GBPS ABDUL WAHAB DARS,,Mixed,Primary,25.1496473312781,68.9683701614392,,,2026-05-14,09:08:29,,Zain Ul Abideen Nizamani,Open,Government Building,Dangerous,,02,,,,,,Direct Handpump,Yes,Partial,,Not available,Not available,Not available,,,,242,,199,,441,,3,3,,,,,,,,,,,,,,,,,,,,,,,,,,,,,,,,,,,,,
Zain Ul Abideen Nizamani,929,401030247,Badin,Matli,Haji Sawan,,GBPS FAZAL BAGRANI,,Boys,Primary,25.0550052700511,68.8378596077227,,,2025-12-04,13:15:57,,Zain Ul Abideen Nizamani,Open,Government Building,Dangerous,,,,,,,,NA,No,Yes,,NA,NA,NA,,,,148,,141,,289,,1,1,,,,,,,,,,,,,,,,,,,,,,,,,,,,,,,,,,,,,
Zain Ul Abideen Nizamani,930,401030255,Badin,Matli,Haji Sawan,,GBPS QADIR BUX TALPUR,,Boys,Primary,25.0346346258756,68.7728947307102,,,2026-05-21,11:12:08,,Zain Ul Abideen Nizamani,Open,Shared with Other Government school building (SEMIS Code),No Boundary Wall,,0,,,,,,NA,No,Yes,,Not available,Not available,Not available,,,,164,,105,,269,,1,1,,,,,,,,,,,,,,,,,,,,,,,,,,,,,,,,,,,,,
Zain Ul Abideen Nizamani,931,401030257,Badin,Matli,Haji Sawan,,GBPS SHAHBAZ NOTKANI,,Boys,Primary,25.0384597169658,68.7935710730622,,,2025-11-20,09:27:35,,Naveed Raza Khan Nizamani,,Government Building,No Boundary Wall,,No,,,,,,Simple Water Cooler,No,Partial,,Not available,Not available,Not available,,,,182,,149,,331,,1,1,,,,,,,,,,,,,,,,,,,,,,,,,,,,,,,,,,,,,
Zain Ul Abideen Nizamani,932,401030259,Badin,Matli,Haji Sawan,,GBPS GHEL PUR 1,,Boys,Primary,24.9957248631599,68.8039507588931,,,2026-02-17,12:18:57,,Wali Muhammad Nizamani,building donated by ngo,Any Other Building,Satisfactory,,01,,,,,,Direct Handpump,Yes,Partial,,Not available,Not available,Not available,,,,222,,213,,435,,3,2,,,,,,,,,,,,,,,,,,,,,,,,,,,,,,,,,,,,,
Zain Ul Abideen Nizamani,933,401030292,Badin,Matli,Tharee,,GBPS ABDULLAH KHAN LAGHARI,,Mixed,Primary,25.0400740994773,68.8486294966288,,,2026-02-23,11:36:03,,Wali Muhammad Nizamani,,Government Building,No Boundary Wall,,01,,,,,,NA,No,Partial,,Not available,Not available,Not available,,,,166,,143,,309,,1,1,,,,,,,,,,,,,,,,,,,,,,,,,,,,,,,,,,,,,
Zain Ul Abideen Nizamani,934,401030295,Badin,Matli,Tharee,,GBPS AMEER BUX CHANDIO,,Mixed,Primary,25.0094705344177,68.8845442278172,,,2025-12-01,12:43:03,,Zain Ul Abideen Nizamani,,NA,NA,,02,,,,,,NA,NA,Partial,,Not available,Not available,Not available,,,,160,,157,,317,,1,,,,,,,,,,,,,,,,,,,,,,,,,,,,,,,,,,,,,,
Zain Ul Abideen Nizamani,935,401030296,Badin,Matli,Dumbalo,,GBPS SALEH SHAH,,Mixed,Primary,25.0249520232367,68.8858169350514,,,2025-12-06,08:32:43,,Naveed Raza Khan Nizamani,,Government Building,No Boundary Wall,,01,,,,,,NA,No,Partial,,Not available,Not available,Not available,,,,138,,141,,279,,1,1,,,,,,,,,,,,,,,,,,,,,,,,,,,,,,,,,,,,,
Zain Ul Abideen Nizamani,936,401030309,Badin,Matli,Ghulam Shah Laghari,,GBPS HAJI MUHAMMAD BHATTI,,Mixed,Primary,25.1580288471275,68.9099101229115,,,2026-05-06,11:16:11,,Zain Ul Abideen Nizamani,,Government Building,No Boundary Wall,,2,,,,,,NA,No,Partial,,Not available,Not available,Not available,,,,310,,211,,521,,4,2,,,,,,,,,,,,,,,,,,,,,,,,,,,,,,,,,,,,,
Zain Ul Abideen Nizamani,937,401030310,Badin,Matli,Ghazi Khan Chang,,GBPS KHAIRAN ABAD,,Mixed,Primary,25.2090520757135,68.9633089850274,,,2025-12-04,11:13:29,,Zeb Ali Rajo,Open,Government Building,Satisfactory,,03,,,,,,Simple Water Cooler,No,Yes,,Not available,Not available,Not available,,,,214,,155,,369,,1,1,,,,,,,,,,,,,,,,,,,,,,,,,,,,,,,,,,,,,
Zain Ul Abideen Nizamani,938,401030311,Badin,Matli,Dumbalo,,GBPS KARAM ALI KORAI,,Boys,Primary,25.1881207952717,68.9083269415143,,,2026-05-06,10:08:40,,Zain Ul Abideen Nizamani,,Government Building,No Boundary Wall,,2,,,,,,NA,No,Yes,,Not available,Not available,Not available,,,,244,,185,,429,,2,2,,,,,,,,,,,,,,,,,,,,,,,,,,,,,,,,,,,,,
Zain Ul Abideen Nizamani,939,401030486,Badin,Matli,Haji Sawan,,GBPS MUHAMMAD ALI GEHLRO,,Mixed,Primary,25.0273343364223,68.8022938554725,,,2025-11-20,09:12:33,,Naveed Raza Khan Nizamani,Open,Government Building,Needs Repair,,02,,,,,,Simple Water Cooler,Yes,Yes,,Not available,Not available,Not available,,,,324,,207,,531,,2,2,,,,,,,,,,,,,,,,,,,,,,,,,,,,,,,,,,,,,
Zain Ul Abideen Nizamani,940,401030488,Badin,Matli,Haji Sawan,,GBPS ALLAH BUX DAL,,Mixed,Primary,25.008089863532,68.8012321816607,,,2025-12-16,13:05:36,,Zain Ul Abideen Nizamani,,Government Building,No Boundary Wall,,02,,,,,,NA,NA,Partial,,Not available,Not available,Not available,,,,194,,161,,355,,1,,,,,,,,,,,,,,,,,,,,,,,,,,,,,,,,,,,,,,
Zain Ul Abideen Nizamani,941,401030491,Badin,Matli,MC - Matli,,GBPS NIZAMANI MOHALLA,,Mixed,Primary,25.0440675269695,68.6487069703749,,,2026-05-29,10:13:30,,Zain Ul Abideen Nizamani,,Government Building,Satisfactory,,08,,,,,,Direct Handpump,No,Yes,,Not available,Not available,Not available,,,,432,,285,,717,,10,7,,,,,,,,,,,,,,,,,,,,,,,,,,,,,,,,,,,,,
Zain Ul Abideen Nizamani,942,401030496,Badin,Matli,MC - Matli,,GBPS ALI MUHAMMAD MOHANDO,,Mixed,Primary,25.0123885708494,68.7005124951221,,,2026-04-22,10:17:47,,Ali Hyder Baloch,Open,Government Building,Needs Repair,,02,,,,,,Direct Handpump,Yes,Yes,,Not available,Not available,Not available,,,,132,,125,,257,,1,1,,,,,,,,,,,,,,,,,,,,,,,,,,,,,,,,,,,,,
Zain Ul Abideen Nizamani,943,401030500,Badin,Matli,Haji Sawan,,GBPS JUMOON NAHIYOON,,Mixed,Primary,24.9769968626526,68.7634720073098,,,2025-11-14,09:24:10,,Naveed Raza Khan Nizamani,Open,Government Building,No Boundary Wall,,01,,,,,,NA,No,Yes,,Not available,Not available,Not available,,,,138,,123,,261,,2,2,,,,,,,,,,,,,,,,,,,,,,,,,,,,,,,,,,,,,
Zain Ul Abideen Nizamani,944,401030545,Badin,Matli,Haji Sawan,,GBPS GAHINOO KHASKELI,,Mixed,Primary,25.0599975952719,68.7559852666679,,,2025-12-17,09:29:41,,Naveed Raza Khan Nizamani,Open,Any Other Building,No Boundary Wall,,01,,,,,,NA,No,Partial,,Not available,Not available,Not available,,,,150,,153,,303,,1,1,,,,,,,,,,,,,,,,,,,,,,,,,,,,,,,,,,,,,
Zain Ul Abideen Nizamani,945,401030563,Badin,Matli,Tharo Kot @ Ali Muhammad Bozdar,,GBPS MITHO CHANDIO,,Mixed,Primary,25.0161096379376,68.9269038014552,,,2025-11-01,09:46:40,,Zain Ul Abideen Nizamani,,Government Building,No Boundary Wall,,01,,,,,,NA,NA,Partial,,Not available,Not available,Not available,,,,140,,127,,267,,2,1,,,,,,,,,,,,,,,,,,,,,,,,,,,,,,,,,,,,,
Zain Ul Abideen Nizamani,946,401030571,Badin,Matli,Haji Sawan,,GBPS HAJI KHAN NOTKANI,,Mixed,Primary,25.0601366963875,68.7966066842599,,,2025-12-08,08:30:47,,Naveed Raza Khan Nizamani,Open,Government Building,Needs Repair,,01,,,,,,NA,No,Partial,,Not available,Not available,Not available,,,,224,,155,,379,,2,2,,,,,,,,,,,,,,,,,,,,,,,,,,,,,,,,,,,,,
Zain Ul Abideen Nizamani,947,401030572,Badin,Matli,MC - Matli,,GBPS HAJI RAMZAN THEBO,,Mixed,Primary,25.0449951999729,68.6624928507436,,,2026-05-29,12:33:54,,Zain Ul Abideen Nizamani,School is shared with GBLSS JAMIL COLONY 401030650 and Functional in EVENING SHIFT,Shared with Other Government school building (SEMIS Code),Satisfactory,,04,,,,,,NA,No,Yes,,Not available,Not available,Not available,,,,524,,289,,813,,10,1,,,,,,,,,,,,,,,,,,,,,,,,,,,,,,,,,,,,,
Zain Ul Abideen Nizamani,948,401030577,Badin,Matli,Ghulam Shah Laghari,,GBPS IMMAM BUX LAGHARI,,Mixed,Primary,25.170294341016,68.8991352320173,,,2026-05-06,11:06:16,,Zain Ul Abideen Nizamani,,Government Building,Dangerous,,02,,,,,,NA,No,Yes,,Not available,Not available,Not available,,,,274,,151,,425,,1,1,,,,,,,,,,,,,,,,,,,,,,,,,,,,,,,,,,,,,
Zain Ul Abideen Nizamani,949,401030588,Badin,Matli,Haji Sawan,,GBPS AHMED SOOMRO,,Boys,Primary,25.0060261879147,68.7674014276264,,,2026-05-21,12:41:38,,Zain Ul Abideen Nizamani,,Government Building,Dangerous,,,,,,,,NA,No,Yes,,NA,NA,NA,,,,146,,145,,291,,1,1,,,,,,,,,,,,,,,,,,,,,,,,,,,,,,,,,,,,,
Zain Ul Abideen Nizamani,950,401030589,Badin,Matli,Haji Sawan,,GBPS NOOR MUHAMMAD KHASKELI,,Mixed,Primary,25.0108803420783,68.8265360902246,,,2026-01-14,13:43:19,,Wali Muhammad Nizamani,building donated by ngo,Any Other Building,Satisfactory,,0,,,,,,Direct Handpump,Yes,Partial,,Not available,Not available,Not available,,,,236,,187,,423,,2,2,,,,,,,,,,,,,,,,,,,,,,,,,,,,,,,,,,,,,
Zain Ul Abideen Nizamani,951,401030607,Badin,Matli,Haji Sawan,,GBPS MUSHTAQUE LUND,,Boys,Primary,25.0655686117371,68.7829495052932,,,2026-01-07,11:52:09,,Muhammad Sheeraz Arain,,Any Other Building,Satisfactory,,02,,,,,,NA,Yes,Partial,,Not available,Not available,Not available,,,,254,,105,,359,,2,2,,,,,,,,,,,,,,,,,,,,,,,,,,,,,,,,,,,,,
Zain Ul Abideen Nizamani,952,401030613,Badin,Matli,Haji Sawan,,GBPS NAZAR HUSSAIN KHOSO,,Mixed,Primary,25.0639460392257,68.7656668498243,,,2025-12-19,08:34:21,,Naveed Raza Khan Nizamani,,Government Building,Needs Repair,,02,,,,,,Simple Water Cooler,No,Yes,,Not available,Not available,Not available,,,,138,,141,,279,,2,2,,,,,,,,,,,,,,,,,,,,,,,,,,,,,,,,,,,,,
Zain Ul Abideen Nizamani,953,401030640,Badin,Matli,Haji Sawan,,GBPS SYED ABDUL RASOOL SHAH,,Mixed,Primary,24.9973061766665,68.7690152588797,,,2026-05-21,12:34:47,,Zain Ul Abideen Nizamani,,NA,NA,,02,,,,,,NA,NA,Partial,,Not available,Not available,Not available,,,,178,,177,,355,,2,,,,,,,,,,,,,,,,,,,,,,,,,,,,,,,,,,,,,,
Zain Ul Abideen Nizamani,954,401030649,Badin,Matli,Matli-Mc,,GBLSS NIZAMANI MOHELLA MATLI,,Mixed,Middle,25.0439563563249,68.6490234680202,,,2026-05-11,11:22:42,,Zain Ul Abideen Nizamani,Open,Government Building,Dangerous,,05,,,,,,Direct Handpump,Yes,Partial,,Not available,Not available,Not available,,,,526,,205,,731,,29,25,,,,,,,,,,,,,,,,,,,,,,,,,,,,,,,,,,,,,
Zain Ul Abideen Nizamani,955,401030656,Badin,Matli,Dumbalo,,GGHS HAJI BUXAN CHANDIO,,Mixed,Secondary,25.1201019705972,69.0065814587345,,,2026-05-14,10:47:06,,Zain Ul Abideen Nizamani,Open,Government Building,Satisfactory,,11,,,,,,NA,Yes,Yes,,NA,NA,NA,,,,138,,243,,381,,13,8,,,,,,,,,,,,,,,,,,,,,,,,,,,,,,,,,,,,,
Zain Ul Abideen Nizamani,956,401030670,Badin,Matli,Dumbalo,,GBLSS DHANI BUX KORAI,,Mixed,Middle,25.152643324988,68.9610416610851,,,2025-12-08,08:59:39,,Naveed Raza Khan Nizamani,,Government Building,Partially Dangerous,,6,,,,,,NA,No,Yes,,Not available,Not available,Not available,,,,296,,187,,483,,5,2,,,,,,,,,,,,,,,,,,,,,,,,,,,,,,,,,,,,,
Zain Ul Abideen Nizamani,957,401030685,Badin,Matli,Dumbalo,,GBELS NEW DUMBALO,,Mixed,Elementary,25.1475910032157,68.9578796033687,,,2026-02-23,09:36:28,,Naveed Raza Khan Nizamani,,Government Building,Partially Dangerous,,09,,,,,,Simple Water Cooler,Yes,Partial,,Not available,Not available,Not available,,,,978,,507,,1485,,12,11,,,,,,,,,,,,,,,,,,,,,,,,,,,,,,,,,,,,,
Zain Ul Abideen Nizamani,958,401030688,Badin,Matli,MC - Matli,,GGHS MATLI,,Mixed,Secondary,25.0446478671662,68.6562010690349,,,2026-05-13,10:50:53,,Zain Ul Abideen Nizamani,Open,Government Building,Satisfactory,,76,,,,,,Direct Handpump,Yes,Yes,,NA,NA,NA,,,,1076,,4677,,5753,,117,98,,,,,,,,,,,,,,,,,,,,,,,,,,,,,,,,,,,,,
Zain Ul Abideen Nizamani,959,401030691,Badin,Matli,Haji Sawan,,GBHS HAJI SAWAN,,Mixed,Secondary,25.0417596127242,68.8048276322578,,,2025-11-29,08:47:35,,Naveed Raza Khan Nizamani,,Government Building,Needs Repair,,023,,,,,,Simple Water Cooler,Yes,Partial,,Not available,Not available,Not available,,,,566,,439,,1005,,24,18,,,,,,,,,,,,,,,,,,,,,,,,,,,,,,,,,,,,,
Zain Ul Abideen Nizamani,960,401030692,Badin,Matli,Ghazi Khan Chang,,GBHS GHULAM ALI PUNJABI,,Mixed,Secondary,25.1896649435269,68.9545959472893,,,2025-12-04,08:38:07,,Zeb Ali Rajo,Open,Government Building,Dangerous,,22,,,,,,NA,Yes,Yes,,Not available,Not available,Not available,,,,772,,353,,1125,,31,22,,,,,,,,,,,,,,,,,,,,,,,,,,,,,,,,,,,,,
Zeb Ali Rajo,961,401020005,Badin,"Shaheed Fazal Rahu, Golarchi",Fatehabad,,GBPS MUHAMMAD KHASKHELI,,Mixed,Primary,24.5133515475058,68.6896142340645,,,2025-12-03,09:43:53,,Iahtsham Hussain Khatti,,Government Building,No Boundary Wall,,01,,,,,,Simple Water Cooler,No,Partial,,Not available,Not available,Not available,,,,174,,123,,297,,1,1,,,,,,,,,,,,,,,,,,,,,,,,,,,,,,,,,,,,,
Zeb Ali Rajo,962,401020006,Badin,"Shaheed Fazal Rahu, Golarchi",Fatehabad,,GBPS RAMZAN ABRO,,Boys,Primary,24.6313981196762,68.7086315453549,,,2026-02-12,10:48:38,,Zeb Ali Rajo,,Government Building,No Boundary Wall,,01,,,,,,NA,No,Partial,,Not available,Not available,Not available,,,,206,,105,,311,,2,2,,,,,,,,,,,,,,,,,,,,,,,,,,,,,,,,,,,,,
Zeb Ali Rajo,963,401020056,Badin,"Shaheed Fazal Rahu, Golarchi",Fatehabad,,GBPS HASSAN SHAH JO DARO,,Boys,Primary,24.5838926475293,68.7292223927929,,,2026-02-17,10:06:58,,Zeb Ali Rajo,,Government Building,No Boundary Wall,,02,,,,,,NA,No,Yes,,Not available,Not available,Available but not functional,,,,200,,105,,305,,1,,,,,,,,,,,,,,,,,,,,,,,,,,,,,,,,,,,,,,
Zeb Ali Rajo,964,401020059,Badin,"Shaheed Fazal Rahu, Golarchi",Fatehabad,,GBPS PATHAN KOT,,Mixed,Primary,24.6592716306595,68.7105667511649,,,2026-02-20,10:15:04,,Muhammad Asghar Arain,,Government Building,Partially Need Repair,,04,,,,,,NA,No,Partial,,Not available,Not available,Not available,,,,240,,105,,345,,2,2,,,,,,,,,,,,,,,,,,,,,,,,,,,,,,,,,,,,,
Zeb Ali Rajo,965,401020568,Badin,"Shaheed Fazal Rahu, Golarchi",Fatehabad,,GBHS FATEH ABAD,,Mixed,Secondary,24.6112975663411,68.6847907420954,,,2026-02-20,08:46:53,,Muhammad Asghar Arain,,Government Building,Partially Dangerous,,021,,,,,,NA,Yes,Partial,,Not available,Not available,Available and functional,,,,746,,285,,1031,,12,5,,,,,,,,,,,,,,,,,,,,,,,,,,,,,,,,,,,,,
Zeb Ali Rajo,966,401050001,Badin,Talhar,Pir Ali Bahadur Shah @ Chaneri,,GBPS PIR IMAM ALI SHAH,,Mixed,Primary,24.771738234677,68.925293684403,,,2026-05-07,12:13:36,,Zeb Ali Rajo,Open,Government Building,No Boundary Wall,,02,,,,,,NA,No,Partial,,Not available,Not available,Not available,,,,202,,147,,349,,1,1,,,,,,,,,,,,,,,,,,,,,,,,,,,,,,,,,,,,,
Zeb Ali Rajo,967,401050002,Badin,Talhar,Peeru Lashari,,GBPS MUHAMMAD BUX NIZAMANI,,Boys,Primary,24.7453259185692,68.8235226279495,,,2026-02-20,09:31:16,,Rahul Parkash,,Government Building,Needs Repair,,02,,,,,,NA,No,Partial,,Not available,Not available,Not available,,,,240,,105,,345,,1,1,,,,,,,,,,,,,,,,,,,,,,,,,,,,,,,,,,,,,
Zeb Ali Rajo,968,401050011,Badin,Talhar,Peeru Lashari,,GBPS REHMATULLAH SOOMRO,,Mixed,Primary,24.743700723065,68.846935919072,,,2025-11-20,08:52:34,,Rahul Parkash,,Government Building,No Boundary Wall,,02,,,,,,NA,No,Partial,,Not available,Not available,Not available,,,,146,,139,,285,,1,1,,,,,,,,,,,,,,,,,,,,,,,,,,,,,,,,,,,,,
Zeb Ali Rajo,969,401050012,Badin,Talhar,Haji Muhammad Ashraf Thebo @ Rip,,GBPS MUHAMMAD KHAN ARISAR,,Boys,Primary,24.7855218599799,68.8359010253339,,,2026-01-14,13:19:18,,Ali Hyder Baloch,,Government Building,No Boundary Wall,,02,,,,,,Simple Water Cooler,No,Partial,,Not available,Not available,Available but not functional,,,,248,,105,,353,,2,1,,,,,,,,,,,,,,,,,,,,,,,,,,,,,,,,,,,,,
Zeb Ali Rajo,970,401050014,Badin,Talhar,Pir Bahadur Shah Siqiqui,,GBPS UMER UMRANI,,Mixed,Primary,24.7616869162493,68.9007380611696,,,2025-11-08,10:05:15,,Rahul Parkash,,Government Building,No Boundary Wall,,01,,,,,,NA,No,Yes,,Not available,Not available,Not available,,,,160,,165,,325,,1,1,,,,,,,,,,,,,,,,,,,,,,,,,,,,,,,,,,,,,
Zeb Ali Rajo,971,401050016,Badin,Talhar,Haji Muhammad Ashraf Thebo,,GBPS HAJI MIANDAD JAMALI,,Mixed,Primary,24.8089529361878,68.8346832994619,,,2025-11-12,11:35:12,,Rahul Parkash,,Government Building,No Boundary Wall,,01,,,,,,NA,No,Partial,,Not available,Not available,Not available,,,,116,,139,,255,,1,1,,,,,,,,,,,,,,,,,,,,,,,,,,,,,,,,,,,,,
Zeb Ali Rajo,972,401050018,Badin,Talhar,Haji Muhammad Ashraf Thebo @ Rip,,GBPS MITHO KHAN BABUR,,Mixed,Primary,24.7791099845598,68.7777131796877,,,2025-11-04,12:15:47,,Rahul Parkash,,Government Building,No Boundary Wall,,02,,,,,,NA,No,Yes,,Not available,Not available,Not available,,,,154,,159,,313,,1,1,,,,,,,,,,,,,,,,,,,,,,,,,,,,,,,,,,,,,
Zeb Ali Rajo,973,401050021,Badin,Talhar,Pir Ali Bahadur Shah @ Chaneri,,GBPS MUHAMMAD KHAN PATHAN,,Mixed,Primary,24.7480358442649,68.8625729082525,,,2025-11-08,11:38:49,,Rahul Parkash,,Government Building,No Boundary Wall,,02,,,,,,NA,No,Yes,,Not available,Not available,Not available,,,,140,,155,,295,,1,1,,,,,,,,,,,,,,,,,,,,,,,,,,,,,,,,,,,,,
Zeb Ali Rajo,974,401050022,Badin,Talhar,Peeru Lashari,,GBPS MUHAMMAD QASIM KHASKHELI,,Boys,Primary,24.7740299251617,68.8069465747479,,,2026-05-15,08:36:17,,Zeb Ali Rajo,,Government Building,Satisfactory,,02,,,,,,Simple Water Cooler,Yes,Yes,,Not available,Not available,Available and functional,,,,146,,105,,251,,1,1,,,,,,,,,,,,,,,,,,,,,,,,,,,,,,,,,,,,,
Zeb Ali Rajo,975,401050024,Badin,Talhar,Haji Muhammad Ashraf Thebo,,GBPS HUSSAIN BUX LUND,,Mixed,Primary,24.828825686884,68.840010138362,,,2026-01-10,08:51:45,,Iahtsham Hussain Khatti,,NA,NA,,01,,,,,,NA,NA,Partial,,Not available,Not available,Not available,,,,172,,123,,295,,1,,,,,,,,,,,,,,,,,,,,,,,,,,,,,,,,,,,,,,
Zeb Ali Rajo,976,401050051,Badin,Talhar,Peeru Lashari,,GGPS MUHAMMAD BUX NIZAMANI,,Girls,Primary,24.7474110602757,68.8244211677709,,,2026-01-10,10:07:24,,Rahul Parkash,,Government Building,Needs Repair,,02,,,,,,NA,No,Partial,,Not available,Not available,Not available,,,,104,,273,,377,,2,1,,,,,,,,,,,,,,,,,,,,,,,,,,,,,,,,,,,,,
Zeb Ali Rajo,977,401050054,Badin,Talhar,Pir Ali Bahadur Shah @ Chaneri,,GGPS GHULAM MUHAMMAD TURK,,Mixed,Primary,24.7726247351681,68.8681894542773,,,2026-05-07,08:31:43,,Zeb Ali Rajo,Open,Government Building,Satisfactory,,02,,,,,,NA,No,Partial,,Not available,Not available,Not available,,,,152,,153,,305,,2,1,,,,,,,,,,,,,,,,,,,,,,,,,,,,,,,,,,,,,
Zeb Ali Rajo,978,401050071,Badin,Talhar,Talhar-Tc,,GGPS MAIN POTA,,Girls,Primary,24.8503999829543,68.8147558245568,,,2026-01-07,11:23:45,,Ali Hyder Baloch,Open,No Building,No Boundary Wall,,0,,,,,,NA,No,Partial,,Not available,Not available,Available but not functional,,,,164,,199,,363,,4,4,,,,,,,,,,,,,,,,,,,,,,,,,,,,,,,,,,,,,
Zeb Ali Rajo,979,401050083,Badin,Talhar,Haji Muhammad Ashraf Thebo @ Rip,,GGPS REHMATULLAH SOOMRO,,Mixed,Primary,24.8296027662052,68.8148558671589,,,2026-05-13,10:19:36,,Zeb Ali Rajo,otaq school,No Building,No Boundary Wall,,0,,,,,,NA,No,Partial,,Not available,Not available,Not available,,,,124,,129,,253,,1,1,,,,,,,,,,,,,,,,,,,,,,,,,,,,,,,,,,,,,
Zeb Ali Rajo,980,401050094,Badin,Talhar,Haji Muhammad Ashraf Thebo @ Rip,,GBPS DADKI,,Boys,Primary,24.7966961858907,68.7570816279451,,,2025-11-04,09:22:55,,Rahul Parkash,,Government Building,No Boundary Wall,,02,,,,,,NA,No,Partial,,Not available,Not available,Not available,,,,162,,135,,297,,2,1,,,,,,,,,,,,,,,,,,,,,,,,,,,,,,,,,,,,,
Zeb Ali Rajo,981,401050096,Badin,Talhar,Haji Muhammad Ashraf Thebo @ Rip,,GBELS MAYOON MALOOK,,Boys,Elementary,24.8066034491399,68.7858134508133,,,2026-01-13,10:30:47,,Iahtsham Hussain Khatti,Open,Government Building,No Boundary Wall,,03,,,,,,Simple Water Cooler,No,Partial,,Not available,Not available,Not available,,,,322,,337,,659,,5,5,,,,,,,,,,,,,,,,,,,,,,,,,,,,,,,,,,,,,
Zeb Ali Rajo,982,401050097,Badin,Talhar,Peeru Lashari,,GBPS BAGH ALI TALPUR,,Mixed,Primary,24.7769121449274,68.8065133990843,,,2026-05-15,09:13:03,,Zeb Ali Rajo,Closed During Visit,Government Building,Satisfactory,,02,,,,,,Simple Water Cooler,No,Partial,,Not available,Not available,Not available,,,,188,,115,,303,,1,,,,,,,,,,,,,,,,,,,,,,,,,,,,,,,,,,,,,,
Zeb Ali Rajo,983,401050098,Badin,Talhar,Peeru Lashari,,GBPS PATEL SADIQUE,,Mixed,Primary,24.7867576807594,68.8091056443717,,,2025-11-18,09:13:38,,Rahul Parkash,,Government Building,No Boundary Wall,,02,,,,,,NA,No,Partial,,Not available,Not available,Not available,,,,210,,199,,409,,1,1,,,,,,,,,,,,,,,,,,,,,,,,,,,,,,,,,,,,,
Zeb Ali Rajo,984,401050099,Badin,Talhar,Talhar-Tc,,GBPS MIAN POTA,,Boys,Primary,24.8525478222203,68.8160151247182,,,2026-05-04,11:40:23,,Zeb Ali Rajo,,Government Building,Dangerous,,03,,,,,,Simple Water Cooler,No,Partial,,Not available,Not available,Available but not functional,,,,236,,181,,417,,3,3,,,,,,,,,,,,,,,,,,,,,,,,,,,,,,,,,,,,,
Zeb Ali Rajo,985,401050102,Badin,Talhar,Haji Muhammad Ashraf Thebo,,GBPS MUREED GAHLRO I,,Mixed,Primary,24.8062761721614,68.8198907191352,,,2025-11-15,12:54:29,,Rahul Parkash,smc room,Any Other Building,No Boundary Wall,,01,,,,,,NA,No,Partial,,Not available,Not available,Available and functional,,,,182,,191,,373,,3,1,,,,,,,,,,,,,,,,,,,,,,,,,,,,,,,,,,,,,
Zeb Ali Rajo,986,401050104,Badin,Talhar,Haji Muhammad Ashraf Thebo @ Rip,,GBPS MUREED BHATTI,,Mixed,Primary,24.7968982888053,68.8227099182208,,,2026-01-14,12:53:13,,Ali Hyder Baloch,,Government Building,No Boundary Wall,,01,,,,,,NA,No,Partial,,Not available,Not available,Not available,,,,134,,137,,271,,1,1,,,,,,,,,,,,,,,,,,,,,,,,,,,,,,,,,,,,,
Zeb Ali Rajo,987,401050108,Badin,Talhar,Pir Ali Bahadur Shah @ Chaneri,,GBPS MIRZO KHAN DALWANI,,Boys,Primary,24.7938254416233,68.8883650141015,,,2026-05-07,09:59:59,,Zeb Ali Rajo,Open,Government Building,Satisfactory,,01,,,,,,NA,Yes,Partial,,Not available,Not available,Not available,,,,252,,105,,357,,3,2,,,,,,,,,,,,,,,,,,,,,,,,,,,,,,,,,,,,,
Zeb Ali Rajo,988,401050110,Badin,Talhar,Pir Ali Bahadur Shah @ Chaneri,,GBPS TAHIR KHASKHELI,,Mixed,Primary,24.7953594042035,68.8608013095458,,,2025-11-12,09:43:21,,Rahul Parkash,,Government Building,Needs Repair,,03,,,,,,NA,No,Partial,,Not available,Not available,Not available,,,,164,,145,,309,,1,1,,,,,,,,,,,,,,,,,,,,,,,,,,,,,,,,,,,,,
Zeb Ali Rajo,989,401050111,Badin,Talhar,Peeru Lashari,,GBPS UMER CHANDIO,,Mixed,Primary,24.7712669994153,68.8593193909519,,,2025-11-29,09:34:40,,Rahul Parkash,,Government Building,Partially Satisfactory,,02,,,,,,NA,No,Partial,,Not available,Not available,Not available,,,,184,,189,,373,,1,1,,,,,,,,,,,,,,,,,,,,,,,,,,,,,,,,,,,,,
Zeb Ali Rajo,990,401050112,Badin,Talhar,Peeru Lashari,,GBPS UMER SOOMRO,,Mixed,Primary,24.7418693011802,68.8236433271566,,,2026-01-10,09:59:27,,Rahul Parkash,,Government Building,Partially Dangerous,,02,,,,,,NA,No,Partial,,Not available,Not available,Not available,,,,132,,137,,269,,1,1,,,,,,,,,,,,,,,,,,,,,,,,,,,,,,,,,,,,,
Zeb Ali Rajo,991,401050115,Badin,Talhar,Pir Ali Bahadur Shah @ Chaneri,,GBPS KHALIFO DOST MUHAMMAD,,Mixed,Primary,24.7610073922633,68.9113676548004,,,2026-02-16,12:17:59,,Awais Ahmed Rahimoon,,Government Building,Dangerous,,02,,,,,,Simple Water Cooler,No,Partial,,Not available,Not available,Not available,,,,196,,125,,321,,1,1,,,,,,,,,,,,,,,,,,,,,,,,,,,,,,,,,,,,,
Zeb Ali Rajo,992,401050117,Badin,Talhar,Pir Bahadur Shah Siqiqui,,GBPS YOUSIF KATYAR,,Boys,Primary,24.7860588020142,68.919349237631,,,2026-05-07,12:29:06,,Zeb Ali Rajo,,Government Building,No Boundary Wall,,01,,,,,,NA,No,No,,Not available,Not available,Not available,,,,104,,105,,209,,1,,,,,,,,,,,,,,,,,,,,,,,,,,,,,,,,,,,,,,
Zeb Ali Rajo,993,401050126,Badin,Talhar,Pir Ali Bahadur Shah @ Chaneri,,GBPS MUHAMMAD JAFAR TURK,,Mixed,Primary,24.773905732278,68.8726204634706,,,2026-05-07,08:41:50,,Zeb Ali Rajo,,Government Building,No Boundary Wall,,0,,,,,,NA,No,Yes,,Not available,Not available,Not available,,,,138,,121,,259,,1,1,,,,,,,,,,,,,,,,,,,,,,,,,,,,,,,,,,,,,
Zeb Ali Rajo,994,401050127,Badin,Talhar,Pir Ali Bahadur Shah @ Chaneri,,GBPS DARYA KHAN PATHAN,,Mixed,Primary,24.7407585144923,68.8714376074082,,,2025-11-08,11:18:05,,Rahul Parkash,JHUpra,No Building,No Boundary Wall,,0,,,,,,NA,No,Partial,,Not available,Not available,Not available,,,,172,,169,,341,,1,1,,,,,,,,,,,,,,,,,,,,,,,,,,,,,,,,,,,,,
Zeb Ali Rajo,995,401050128,Badin,Talhar,Peeru Lashari,,GBELS AYOOB SOOMRO,,Mixed,Elementary,24.7418406670479,68.8473446680601,,,2026-02-20,10:00:34,,Rahul Parkash,,Government Building,Needs Repair,,02,,,,,,NA,No,Partial,,Not available,Not available,Not available,,,,380,,257,,637,,3,2,,,,,,,,,,,,,,,,,,,,,,,,,,,,,,,,,,,,,
Zeb Ali Rajo,996,401050129,Badin,Talhar,Pir Ali Bahadur Shah @ Chaneri,,GBPS DODO KHAN LASHARI @ UMER MANAN,,Mixed,Primary,24.7406749908186,68.8906522306748,,,2026-02-16,11:55:45,,Awais Ahmed Rahimoon,Open,No Building,No Boundary Wall,,0,,,,,,NA,No,No,,Not available,Not available,Not available,,,,154,,127,,281,,1,1,,,,,,,,,,,,,,,,,,,,,,,,,,,,,,,,,,,,,
Zeb Ali Rajo,997,401050130,Badin,Talhar,Pir Ali Bahadur Shah @ Chaneri,,GBPS LAL KHAN LUND,,Boys,Primary,24.7973158678128,68.8753992319107,,,2026-05-07,10:53:44,,Zeb Ali Rajo,,Government Building,Dangerous,,01,,,,,,NA,No,Partial,,Not available,Not available,Not available,,,,178,,127,,305,,1,1,,,,,,,,,,,,,,,,,,,,,,,,,,,,,,,,,,,,,
Zeb Ali Rajo,998,401050133,Badin,Talhar,TC - Talhar,,GBPS KARAM KHAN DALWANI,,Boys,Primary,24.872990169906,68.8182587888848,,,2026-05-04,11:16:09,,Zeb Ali Rajo,Open,Government Building,Satisfactory,,03,,,,,,NA,No,Partial,,Not available,Not available,Available but not functional,,,,314,,105,,419,,2,2,,,,,,,,,,,,,,,,,,,,,,,,,,,,,,,,,,,,,
Zeb Ali Rajo,999,401050136,Badin,Talhar,Haji Muhammad Ashraf Thebo @ Rip,,GBPS MOOSA SAND,,Boys,Primary,24.8252520153241,68.7904778133826,,,2025-11-24,12:15:34,,Rahul Parkash,smc room,Any Other Building,No Boundary Wall,,01,,,,,,NA,No,Partial,,Not available,Not available,Not available,,,,142,,121,,263,,1,1,,,,,,,,,,,,,,,,,,,,,,,,,,,,,,,,,,,,,
Zeb Ali Rajo,1000,401050137,Badin,Talhar,Haji Muhammad Ashraf Thebo @ Rip,,GBPS USMAN JUNEJO,,Boys,Primary,24.8140778087475,68.781988621056,,,2026-01-13,11:02:30,,Iahtsham Hussain Khatti,,Government Building,No Boundary Wall,,01,,,,,,NA,No,Partial,,Not available,Not available,Not available,,,,202,,201,,403,,1,1,,,,,,,,,,,,,,,,,,,,,,,,,,,,,,,,,,,,,
Zeb Ali Rajo,1001,401050138,Badin,Talhar,Haji Muhammad Ashraf Thebo @ Rip,,GBPS MITHO KHASKHELI,,Mixed,Primary,24.7932799547717,68.7801218032837,,,2026-01-14,13:55:00,,Ali Hyder Baloch,,NA,NA,,02,,,,,,NA,NA,Partial,,Not available,Not available,Not available,,,,206,,167,,373,,1,,,,,,,,,,,,,,,,,,,,,,,,,,,,,,,,,,,,,,
Zeb Ali Rajo,1002,401050141,Badin,Talhar,Haji Muhammad Ashraf Thebo @ Rip,,GBPS MUHAMMAD KHAN JAMALI,,Mixed,Primary,24.792941489875,68.8057261705399,,,2025-11-15,09:06:38,,Rahul Parkash,,Government Building,Needs Repair,,02,,,,,,NA,No,Partial,,Not available,Not available,Not available,,,,154,,151,,305,,2,2,,,,,,,,,,,,,,,,,,,,,,,,,,,,,,,,,,,,,
Zeb Ali Rajo,1003,401050142,Badin,Talhar,Haji Muhammad Ashraf Thebo @ Rip,,GBPS MUHAMMAD IBRAHIM SAND,,Boys,Primary,24.8297213866329,68.779837488135,,,2026-02-09,12:24:05,,Ali Hyder Baloch,,Any Other Building,No Boundary Wall,,01,,,,,,NA,No,Partial,,Not available,Not available,Not available,,,,120,,115,,235,,1,1,,,,,,,,,,,,,,,,,,,,,,,,,,,,,,,,,,,,,
Zeb Ali Rajo,1004,401050143,Badin,Talhar,Haji Muhammad Ashraf Thebo,,GBPS NATHO KHASKHELI,,Boys,Primary,24.8303542876372,68.7511485818028,,,2025-11-24,10:36:05,,Rahul Parkash,Open,No Building,No Boundary Wall,,0,,,,,,NA,No,Partial,,Not available,Not available,Not available,,,,284,,161,,445,,2,2,,,,,,,,,,,,,,,,,,,,,,,,,,,,,,,,,,,,,
Zeb Ali Rajo,1005,401050144,Badin,Talhar,Haji Muhammad Ashraf Thebo @ Rip,,GBPS ABDUL HAYEE CHANG,,Boys,Primary,24.8445768376415,68.7439093025515,,,2026-02-09,12:58:39,,Ali Hyder Baloch,,NA,No Boundary Wall,,0,,,,,,NA,No,Partial,,Not available,Not available,Not available,,,,158,,127,,285,,1,1,,,,,,,,,,,,,,,,,,,,,,,,,,,,,,,,,,,,,
Zeb Ali Rajo,1006,401050145,Badin,Talhar,Haji Muhammad Ashraf Thebo @ Rip,,GBPS SHAH MUHAMMAD CHANG,,Boys,Primary,24.8438563659672,68.7570387123029,,,2025-11-24,11:31:05,,Rahul Parkash,Open,Government Building,Dangerous,,02,,,,,,NA,No,Partial,,Not available,Not available,Not available,,,,148,,131,,279,,1,1,,,,,,,,,,,,,,,,,,,,,,,,,,,,,,,,,,,,,
Zeb Ali Rajo,1007,401050149,Badin,Talhar,Haji Muhammad Ashraf Thebo @ Rip,,GBPS USMAN JUNEJO,,Boys,Primary,24.8415513451527,68.7662172320484,,,2025-11-24,11:49:07,,Rahul Parkash,JHUpra,No Building,No Boundary Wall,,0,,,,,,NA,No,Partial,,Not available,Not available,Not available,,,,166,,123,,289,,1,1,,,,,,,,,,,,,,,,,,,,,,,,,,,,,,,,,,,,,
Zeb Ali Rajo,1008,401050151,Badin,Talhar,Haji Muhammad Ashraf Thebo @ Rip,,GBPS H. BACHOO LASHARI,,Boys,Primary,24.7880170067231,68.7582805708066,,,2025-11-04,11:58:51,,Rahul Parkash,,Government Building,No Boundary Wall,,01,,,,,,NA,No,Partial,,Not available,Not available,Not available,,,,156,,143,,299,,1,1,,,,,,,,,,,,,,,,,,,,,,,,,,,,,,,,,,,,,
Zeb Ali Rajo,1009,401050153,Badin,Talhar,Peeru Lashari,,GBPS BAIG PUR,,Mixed,Primary,24.7702915860497,68.8700079917908,,,2026-05-07,08:04:56,,Zeb Ali Rajo,Open,Government Building,Needs Repair,,02,,,,,,Direct Handpump,Yes,Partial,,Not available,Not available,Not available,,,,284,,231,,515,,2,,,,,,,,,,,,,,,,,,,,,,,,,,,,,,,,,,,,,,
Zeb Ali Rajo,1010,401050155,Badin,Talhar,Pir Ali Bahadur Shah @ Chaneri,,GBELS LOUNG SHEEDI,,Mixed,Elementary,24.8041370403933,68.8891401893892,,,2026-01-22,13:23:41,,Ali Hyder Baloch,,NA,NA,,02,,,,,,NA,NA,Partial,,Not available,Not available,Not available,,,,280,,277,,557,,3,,,,,,,,,,,,,,,,,,,,,,,,,,,,,,,,,,,,,,
Zeb Ali Rajo,1011,401050270,Badin,Talhar,Peeru Lashari,,GBPS BACHAL MALLAH,,Mixed,Primary,24.7267238035996,68.8616663214069,,,2025-11-08,12:04:21,,Rahul Parkash,JHUpra,No Building,No Boundary Wall,,0,,,,,,NA,No,Yes,,Not available,Not available,Not available,,,,130,,147,,277,,1,1,,,,,,,,,,,,,,,,,,,,,,,,,,,,,,,,,,,,,
Zeb Ali Rajo,1012,401050272,Badin,Talhar,Haji Muhammad Ashraf Thebo @ Rip,,GBPS BAQADAR SHAH,,Mixed,Primary,24.8298650008599,68.8201993701856,,,2026-05-13,09:59:56,,Zeb Ali Rajo,hut school,No Building,No Boundary Wall,,0,,,,,,NA,No,Partial,,Not available,Not available,Not available,,,,146,,121,,267,,1,1,,,,,,,,,,,,,,,,,,,,,,,,,,,,,,,,,,,,,
Zeb Ali Rajo,1013,401050276,Badin,Talhar,Haji Muhammad Ashraf Thebo @ Rip,,GBPS MUREED GAHLRO II,,Mixed,Primary,24.8154320209268,68.8176430019318,,,2026-02-07,10:47:43,,Asim Ahmed Jamali,SMC room,Any Other Building,No Boundary Wall,,01,,,,,,NA,Yes,Partial,,Not available,Not available,Available and functional,,,,146,,163,,309,,1,1,,,,,,,,,,,,,,,,,,,,,,,,,,,,,,,,,,,,,
Zeb Ali Rajo,1014,401050277,Badin,Talhar,Haji Muhammad Ashraf Thebo @ Rip,,GBPS TANO KOLHI,,Boys,Primary,24.8280855507942,68.7729334831238,,,2026-01-13,11:32:00,,Iahtsham Hussain Khatti,Open,Government Building,No Boundary Wall,,03,,,,,,Simple Water Cooler,No,Yes,,Not available,Not available,Not available,,,,332,,217,,549,,2,2,,,,,,,,,,,,,,,,,,,,,,,,,,,,,,,,,,,,,
Zeb Ali Rajo,1015,401050296,Badin,Talhar,Peeru Lashari,,GBHSS PEERU LASHARI,,Mixed,Hi.Secondary,24.7662876943856,68.8150548934937,,,2025-10-21,12:05:06,,Awais Ahmed Rahimoon,,Government Building,Satisfactory,,030,,,,,,Pot/Matka,Yes,Partial,,Not available,Not available,Available and functional,,,,2012,,305,,2317,,41,32,,,,,,,,,,,,,,,,,,,,,,,,,,,,,,,,,,,,,
Zeb Ali Rajo,1016,401050297,Badin,Talhar,Haji Muhammad Ashraf Thebo @ Rip,,GBHS RIP,,Mixed,Secondary,24.7907013031103,68.7979263105976,,,2025-11-15,09:19:01,,Rahul Parkash,Open,Government Building,Needs Repair,,013,,,,,,Simple Water Cooler,No,Partial,,Not available,Available but not functional,Not available,,,,516,,285,,801,,14,9,,,,,,,,,,,,,,,,,,,,,,,,,,,,,,,,,,,,,