School ID,Name,SEMIS,GPS,Tehsil,UnionCouncil
496,GBPS : FAROOQ ABAD,401010517,"24.6174109144039, 68.9660726484657",Badin,Nindo Shaher
497,GBPS : RAMOON MALLAH,401010550,"24.6044792905111, 68.9787286472337",Badin,Nindo Shaher
498,GBPS : HAJI KHAN JAMALI,401010554,"24.6697723642862, 69.0095499159892",Badin,Nindo Shaher
499,GBPS : MUHAMMAD JAFFER KHASKHELI,401010563,"24.6233410127195, 69.0081685755659",Badin,Nindo Shaher
500,GBPS : SONO KHAN SIYAL,401010566,"24.6643100123431, 69.0004920963445",Badin,Nindo Shaher
501,GBPS : SALEH ABRO,401010568,"24.6435942619546, 68.9690619746831",Badin,Haji Soomar Abro
504,GBPS : ALI MUHAMMED KHASKHELI,401010599,"24.6200467798779, 69.0057223989581",Badin,Nindo Shaher
505,GBPS : JUMOO GUDARO,401010657,"24.6668475163082, 68.9665567867957",Badin,Haji Soomar Abro
507,GBPS : GEDOORO MALLAH,401010670,"24.6241334297803, 69.0273731934035",Badin,Nindo-Tc
508,GBPS : MUHAMMAD YOUSIF JAMALI,401010677,"24.5806389530666, 69.0272310364251",Badin,Nindo Shaher
509,GBPS : JEAND CHALGARI,401010678,"24.6515957617935, 69.0195599177487",Badin,Nindo Shaher
510,GBPS : ALI DINO SHAH,401010771,"24.6394545737699, 68.9747697152682",Badin,Nindo Shaher
512,GBPS : ALLAH BACHAYO PARHERI,401010773,"24.6169123319621, 69.0267267840102",Badin,Nindo Shaher
514,GBPS : GHULAM FAREED SOLANGI,401010776,"24.5958400784152, 69.0574756180275",Badin,Nindo Shaher
515,GBPS : FAZAL MUHAMMAD SALEH,401010779,"24.6382820749264, 68.9751130300774",Badin,Nindo Shaher
516,GBPS : JAVED ALI KHASKHELI,401010780,"24.6581137674772, 69.0264236946894",Badin,Nindo Shaher
517,GBPS : BHANO@MOHAMMAD ALI MEMON,401010786,"24.5704062949447, 69.0625449998186",Badin,Nindo Shaher
519,GBHSS : NINDO SHAHAR,401010832,"24.6414125011216, 69.0404811291963",Badin,Nindo-Tc
520,GBPS : SAYED ABDULLAH SHAH,401010008,"24.5922218608198, 68.9582848517111",Badin,Abdullah Shah
521,GBPS : GHULAM RASOOL MALLAH,401010034,"24.5828451704955, 68.9801233997075",Badin,Abdullah Shah
522,GBPS : QASIM SOOMRO,401010036,"24.6366397502558, 68.9196279267278",Badin,Muhammad Khan Bhurgari
523,GBPS : HASSAN KALHORO,401010039,"24.5988629016478, 68.9695394147932",Badin,Nindo Shaher
524,GBPS : GHULAM RASOOL SHAH,401010042,"24.6107757952099, 68.9300760628779",Badin,Muhammad Khan Bhurgari
525,GBPS : ALLAH DINO ABRO,401010043,"24.6326230965149, 68.9677465622182",Badin,Muhammad Khan Bhurgari
526,GBPS : LATIF KHASKHELI,401010045,"24.5666521861102, 68.9909769588132",Badin,Abdullah Shah
527,GBPS : KANDO CHANDIO,401010047,"24.563129625828, 68.9941580593586",Badin,Abdullah Shah
528,GBPS : HAJI MUHAMMAD BOOHAR,401010067,"24.5587945995216, 68.9907865217116",Badin,Abdullah Shah
529,GBPS : HAJI FATAH KHAN NOTKANI,401010073,"24.5747973680426, 68.9178323365244",Badin,Muhammad Khan Bhurgari
530,GBPS : NAWAZ PANHWAR,401010074,"24.5891817783626, 68.9916079440708",Badin,Abdullah Shah
531,GBPS : ALLAH DINO SOOMRO,401010087,"24.6466593986704, 68.9290487808373",Badin,Muhammad Khan Bhurgari
533,GBPS : KARIM BUX JAMALI,401010098,"24.5661868502681, 68.9652384759412",Badin,Abdullah Shah
535,GBPS : IBRAHIM NOHERIO,401010104,"24.6242163440179, 68.9381790129354",Badin,Muhammad Khan Bhurgari
537,GGPS : HAJI MUHAMMAD BOHAR,401010129,"24.5580651687066, 68.9905089136669",Badin,Abdullah Shah
538,GGPS : NAWAZ ALI PANHWAR,401010139,"24.5889378712882, 68.9906457055421",Badin,Abdullah Shah
543,GGPS : HAJI TAYAB JAMALI@ AHMED KHAN KHOSO,401010190,"24.5746885658652, 68.9671703428357",Badin,Abdullah Shah
545,GBPS : HAJI MUHAMMAD SOOMRO,401010215,"24.6270045135577, 68.9148424569301",Badin,Muhammad Khan Bhurgari
546,GBPS : MUHAMMAD MOOSA KUMBHAR,401010227,"24.579335246187, 68.9217799889052",Badin,Muhammad Khan Bhurgari
548,GBPS : MOOSA MALLAH,401010229,"24.5984816375601, 68.9884476244354",Badin,Abdullah Shah
549,GBPS : KHALIFO HASHIM SOOMRO,401010270,"24.6050718984738, 68.9478644728661",Badin,Muhammad Khan Bhurgari
550,GBPS : ABDUL MAJID JAT,401010271,"24.6101368954904, 68.9329084754984",Badin,Muhammad Khan Bhurgari
551,GBPS : HAYAT JUNEJO,401010272,"24.5918736484659, 68.913153941496",Badin,Muhammad Khan Bhurgari
552,GBPS : FATOO DADO,401010336,"24.6332614797834, 68.944432586607",Badin,Muhammad Khan Bhurgari
553,GBPS : QASIM LANJAR,401010350,"24.6367912018084, 68.9347283545665",Badin,Muhammad Khan Bhurgari
554,GBPS : MUHAMMAD ESSA SOOMRO,401010356,"24.6273080705323, 68.9098897597386",Badin,Muhammad Khan Bhurgari
555,GBPS : PAROZE JAMALI,401010376,"24.5516659906636, 69.040171355336",Badin,Abdullah Shah
556,GBPS : GHULAM ALI JAMALI,401010405,"24.5774997736582, 68.965159352704",Badin,Abdullah Shah
557,GBPS : HAJI MATARO SOOMRO,401010410,"24.6171402426804, 68.947505057156",Badin,Muhammad Khan Bhurgari
558,GBPS : GUL MUHAMMAD SOOMRO,401010411,"24.5830536775329, 68.9522364831932",Badin,Abdullah Shah
560,GBPS : IBRAHIM MEHRANI POTO,401010415,"24.5930176124981, 68.9432752129474",Badin,Muhammad Khan Bhurgari
561,GBPS : ABDUL RAHIM MEHRANPOTO,401010416,"24.590378085933, 68.934397772641",Badin,Muhammad Khan Bhurgari
568,GBPS : QAZI ABAD,401010434,"24.5591178404507, 69.0406957268715",Badin,Abdullah Shah
571,GBPS : KHAMISO PANHWAR,401010472,"24.5725230939067, 69.0154514424816",Badin,Abdullah Shah
573,GBPS : NATHO KHAN CHANDIO,401010477,"24.5650208134882, 69.0221516054716",Badin,Abdullah Shah
575,GBPS : SALAH NOHRIO,401010503,"24.603678734007, 68.9243803926058",Badin,Muhammad Khan Bhurgari
578,GBPS : JAN MUHAMMAD PANHWAR,401010524,"24.5846939862013, 69.0084542332445",Badin,Abdullah Shah
580,GBPS : MIR MUHAMMAD LUND @ MOHD HASHIM JAM,401010539,"24.5402159438401, 69.0312992784997",Badin,Abdullah Shah
581,GBPS : ALI MUHAMMAD JAMALI,401010555,"24.5683481749531, 68.9894541352987",Badin,Abdullah Shah
583,GBPS : SALEH MALLAH,401010567,"24.5887836153305, 68.9755669982222",Badin,Abdullah Shah
584,GBPS : AHMED BUGHIO,401010570,"24.6558321065387, 68.9464724190196",Badin,Muhammad Khan Bhurgari
585,GBPS : HAJI GUL MUHAMMED JAMALI,401010590,"24.5565989952119, 68.9635198519533",Badin,Abdullah Shah
586,GBPS : LAKHO DINO LUND,401010592,"24.5723743005029, 69.0377506613405",Badin,Abdullah Shah
588,GBPS : BABU KHAN CHANG,401010610,"24.6031648428915, 68.9531591531635",Badin,Muhammad Khan Bhurgari
589,GBPS : MUHAMMAD SIDDIQUE SOOMRO,401010623,"24.5993647797701, 68.9480304306324",Badin,Muhammad Khan Bhurgari
590,GBPS : JOKHYA VILLAGE,401010656,"24.6490210706544, 68.9386805856901",Badin,Muhammad Khan Bhurgari
591,GBPS : MUHAMMAD SOOMAR JAMALI,401010676,"24.5615134400653, 68.9642628266945",Badin,Abdullah Shah
596,GBPS : HAJI YAKOOB JAMALI,401010685,"24.5600131491509, 68.969536718372",Badin,Abdullah Shah
598,GBPS : HAJI TAYYAB JAMALI,401010687,"24.5746635595278, 68.9670885351012",Badin,Abdullah Shah
599,GBPS : ISMAIL JAMALI,401010688,"24.5552010695185, 69.0419054027449",Badin,Abdullah Shah
600,GBPS : HAJI HUSSAIN JAMALI,401010689,"24.5682945082127, 68.964335247907",Badin,Abdullah Shah
602,GBELS : ALI MURAD CHANDIO,401010789,"24.5758801208529, 68.9860859518248",Badin,Abdullah Shah
603,GBELS : SACHAL NOHRIO,401010813,"24.5740263082006, 68.9349791432148",Badin,Muhammad Khan Bhurgari
604,GBELS : GHULAM RASOOL JAMALI,401010816,"24.573609746565, 68.9633602634263",Badin,Abdullah Shah
626,GGPS : NINDO SHAHER,401010126,"24.6378358975437, 69.0387886762619",Badin,Nindo-Tc
647,GBPS : HAJI UMAR SOOMRO,401010495,"24.6724552325895, 68.9767491583108",Badin,Nindo Shaher
945,GBPS : KHAMISO NOHERIO,401010007,"24.5717248332711, 68.9330452415705",Badin,Luari Sharif
1088,GBPS : NINDO SHAHAR,401010006,"24.6406834984613, 69.0385928750038",Badin,Nindo-Tc
1089,GBPS : ALLAH JURIO CHANDIO,401010009,"24.6460420289081, 69.0244603160023",Badin,Nindo-Tc
1090,GBPS : RAMZAN JUNEJO,401010038,"24.6128777884957, 68.9728049960227",Badin,Nindo Shaher
1091,GBPS : BUDHAL PANHWAR,401010102,"24.6433725614878, 68.9799302795537",Badin,Nindo Shaher
1093,GBPS : NOOR MUHAMMAD BAJEER,401010124,"24.5876292568378, 69.0547102685771",Badin,Nindo Shaher
1094,GGPS : HUSSAIN BAJEER,401010140,"24.5756556804884, 69.048101305912",Badin,Nindo Shaher
1095,GGPS : GHULAM MUHAMMED FAROOQUI,401010160,"24.6602587835575, 68.9826500419775",Badin,Nindo Shaher
1096,GGPS : BUDHAL PANHWER,401010197,"24.6436014804655, 68.9802145814943",Badin,Nindo Shaher
1097,GGPS : JAVED ALI KHASKHELI,401010198,"24.6582843779716, 69.0288671854137",Badin,Nindo Shaher
1098,GBPS : UMED ALI JAMALI,401010209,"24.6641126382781, 68.9622277004526",Badin,Nindo Shaher
1099,GBPS : MEHRAB MURADANI,401010212,"24.6573360219666, 68.9570134836449",Badin,Nindo Shaher
1100,GBPS : GHULAM MUHAMMAD FOROOQI,401010223,"24.6596906635359, 68.9816388417307",Badin,Nindo Shaher
1102,GBPS : HAYAT MACHHI,401010225,"24.6341885908634, 68.9973431825638",Badin,Nindo Shaher
1103,GBPS : LAKHA DINO SIAL,401010230,"24.6740013405512, 68.9635795251563",Badin,Nindo Shaher
1104,GBPS : HAJI ALLAH DINO MAHRANPOTO,401010231,"24.6114927069927, 69.0043705705801",Badin,Nindo Shaher
1105,GBPS : ALLAH RAKHYO BHURGRI,401010232,"24.5869514028911, 69.0378794062142",Badin,Nindo Shaher
1106,GBPS : SIDDIQUE NOHRIO,401010233,"24.6082494667417, 69.0561291564508",Badin,Nindo Shaher
1107,GBPS : HUSSAIN BAJEER,401010234,"24.5761410990744, 69.0495040974034",Badin,Nindo Shaher
1114,GBPS : RAJO KHAN JAMALI,401010348,"24.6628596583956, 68.9490392752506",Badin,Haji Soomar Abro
1115,GBPS : EIDO KOTAR MALLAH,401010361,"24.6438966636092, 69.0237374577432",Badin,Nindo-Tc
1116,GBPS : SOBDAR SHAH,401010363,"24.672694616973, 68.9927834278343",Badin,Nindo Shaher
1117,GBPS : ABDULLAH KHASKHELI,401010364,"24.6661624724515, 68.9944624803496",Badin,Nindo Shaher
1118,GBPS : ARBAB ABDULLAH,401010365,"24.6304047429032, 69.0213489441107",Badin,Nindo-Tc
1120,GBPS : BACHAL NUHRYO,401010368,"24.6603307146583, 68.9795909751478",Badin,Nindo Shaher
1121,GBPS : ISMAIL NUHRYO,401010369,"24.6492136312381, 68.9911660526702",Badin,Nindo Shaher
1122,GBPS : USMAN DARS,401010370,"24.5897268638787, 69.0672804385433",Badin,Nindo Shaher
1123,GBPS : ALLAH JURIO MALLAH,401010371,"24.6582135877525, 69.0096947441535",Badin,Nindo Shaher
1124,GBPS : DHANI DINO PANHWAR,401010372,"24.6365119606984, 68.9830791847939",Badin,Nindo Shaher
2354,GBPS : PIR LUTUF ALI SHAH,401040047,"24.626966, 69.062455",Tando Bago,TC - Khoski
2366,GBPS : FFR CHAK,401040177,"24.617221, 69.184626",Tando Bago,TC - Khoski
2407,GBPS : MUHAMMAD DARS,401040173,"0, 0",Tando Bago,Pir Bodlo @ Navi More
2765,GBPS : DR. MUHAMMAD ISMAIL,401040247,"24.835, 69.0892",Tando Bago,Domiwali
2790,GBPS : IBRAHIM KHAN LAGHARI,401040539,"0, 0",Tando Bago,Domiwali
2799,GBPS : MUHAMMAD ISMAIL ARAIN,401040679,"24.8739, 69.0861",Tando Bago,Domiwali
2837,GBPS : SAEED KHAN CHANDIO,401040365,"24.738106, 69.03513",Tando Bago,Saeed Khan Bhurgari
2882,GBPS : MUHAMMAD USMAN CHANDIO,401040691,"24.742115, 69.032291",Tando Bago,Saeed Khan Bhurgari
2883,GBPS : MIR MUHAMMAD CHANDIO,401040692,"24.730956, 69.054735",Tando Bago,Saeed Khan Bhurgari
2886,GBPS : NASEER CHALGERI,401040703,"24.73545, 68.995415",Tando Bago,Saeed Khan Bhurgari
2920,GBPS : PUNHOON KHAN CHANDIO,401040244,"24.8441, 69.1261",Tando Bago,Domiwali
2958,GBPS : ABDUL HUSSAIN NIZAMANI,401040629,"24.7856, 69.1275",Tando Bago,Domiwali
2964,GBPS : FAIZ MUHAMMAD UNAR,401040710,"24.7735, 69.1047",Tando Bago,Domiwali
21260,GBPS : URS KHASKHELI@ URIS SOOMRO,401010048,"24.6410851338378, 68.9259582046227",Badin,Muhammad Khan Bhurgari
21261,GBLSS : BABU KHAN CHANG,401010809,"24.6031209345895, 68.9531645179788",Badin,Muhammad Khan Bhurgari
34234,GBPS : MATARO SHAH,401010660,"24.6660626157896, 68.99240522822",Badin,Nindo Shaher
34235,GGHS : NINDO,401010823,"24.6376944575204, 69.0394297254082",Badin,Nindo-Tc
34237,GGPS : HAJI SALEH NOHERIO,401010167,"24.5759777319672, 68.934756517013",Badin,Muhammad Khan Bhurgari
34238,GBPS : ISHAQ SOOMRO,401010337,"24.6206064264087, 68.9275628493245",Badin,Muhammad Khan Bhurgari
34240,GBPS : ADAM PANHWAR,401010514,"24.5664222695525, 69.0499312425717",Badin,Abdullah Shah
34241,GBPS : MUHAMMAD HASHIM SOOMRO,401010613,"24.5961253501771, 68.9082871394847",Badin,Muhammad Khan Bhurgari
34374,GBPS : MUHAMMAD KHAN BHURGRI,401010226,"24.656151439174, 69.0286204213899",Badin,Nindo Shaher
34375,GBPS : KHAMISO KHOKHAR,401010362,"24.6060473677814, 69.0473341941834",Badin,Nindo Shaher
35626,GBPS : ABDULLAH SOOMRO,111669517,"24.7324647827953, 69.0136188268165",Tando Bago,Saeed Khan Bhurgari
1135,GBPS : ALLAH DAD @ GHULAM MUHAMMAD,401020535,"24.7723714484639, 68.7096011641621","Shaheed Fazal Rahu, Golarchi",Gharo
1137,GBLSS : GHARO,401020539,"24.7784670787138, 68.7345349792638","Shaheed Fazal Rahu, Golarchi",Gharo
1245,GBPS : AHMED NOHERIO,401020525,"24.7049195894538, 68.7079489227137","Shaheed Fazal Rahu, Golarchi",Muhammad Shah @ Mureed Chang
1565,GGPS : TARAI,401020090,"24.6888124818659, 68.6720824226546","Shaheed Fazal Rahu, Golarchi",Tarai
1592,GBPS : HAJI UMER JUNEJO,401020421,"24.6993978856556, 68.6631399369252","Shaheed Fazal Rahu, Golarchi",Tarai
1629,GBHS : TARAI,401020566,"24.6885632980997, 68.6728817408789","Shaheed Fazal Rahu, Golarchi",Tarai
1683,GBPS : HAJI THARANI,401020004,"24.6857144520256, 68.6901417389011","Shaheed Fazal Rahu, Golarchi",Gharo
1691,GBPS : GHARO,401020060,"24.7763654189273, 68.7332099678615","Shaheed Fazal Rahu, Golarchi",Gharo
1692,GBELS : HAJI URS LAGHARI,401020061,"24.7803348863726, 68.7138766121841","Shaheed Fazal Rahu, Golarchi",Gharo
1702,GBPS : MUHAMMAD HASSAN MUGHERI,401020162,"24.766610377644, 68.7579225003223","Shaheed Fazal Rahu, Golarchi",Gharo
1704,GBPS : SIDDIQUE MALLAH,401020164,"24.7879058146375, 68.7447488271209","Shaheed Fazal Rahu, Golarchi",Gharo
1707,GBPS : HAJI MALLAH,401020167,"24.7846695447483, 68.7502446751303","Shaheed Fazal Rahu, Golarchi",Gharo
1708,GBPS : GUL MUHAMMAD JATOI,401020168,"24.7400885991063, 68.6996448014685","Shaheed Fazal Rahu, Golarchi",Gharo
1709,GBHSS : HAJI JUNEJO,401020169,"24.6844105367166, 68.6752232903244","Shaheed Fazal Rahu, Golarchi",Gharo
1713,GBPS : HASSAN JUNEJO,401020173,"24.7285145366974, 68.7178060416379","Shaheed Fazal Rahu, Golarchi",Gharo
1714,GBPS : ISMAIL ZEENDPUR,401020174,"24.7107529505963, 68.694174438566","Shaheed Fazal Rahu, Golarchi",Gharo
1721,GBPS : ABDUL MAJEED NOHANI,401020340,"24.7340057663633, 68.6892230778446","Shaheed Fazal Rahu, Golarchi",Gharo
1722,GBPS : SAJAN MALLAH,401020341,"24.7531169632463, 68.7102153894803","Shaheed Fazal Rahu, Golarchi",Gharo
1723,GBPS : BHAGO KOLHI,401020342,"24.762273916619, 68.7460577487946","Shaheed Fazal Rahu, Golarchi",Gharo
1725,GBPS : ALLAH JURIO KHASKHELI,401020345,"24.765361, 68.738456","Shaheed Fazal Rahu, Golarchi",Terai
1729,GBPS : SARDAR MUHAMMAD KHAN NOHANI@ISMAIL,401020406,"24.7810021715901, 68.7523984908065","Shaheed Fazal Rahu, Golarchi",Gharo
1732,GBPS : SALEH KHASKHELI@DODO MALLAH.,401020455,"24.7555100583596, 68.702361881435","Shaheed Fazal Rahu, Golarchi",Gharo
1733,GBPS : MITH CHANG@NOOR MOHD,401020456,"24.716623790731, 68.7007659675181","Shaheed Fazal Rahu, Golarchi",Gharo
1734,GBPS : MUHAMMAD UMER KHASKHELI,401020457,"24.7679767073299, 68.6891359090309","Shaheed Fazal Rahu, Golarchi",Gharo
1735,GGPS : GHARO,401020117,"24.7754643546255, 68.7341594694059","Shaheed Fazal Rahu, Golarchi",Gharo
1829,GBPS : DARYA KHAN JATOI,401050004,"24.8759248129607, 68.8009974413099",Talhar,Talhar-Tc
1833,GBPS : JATOI MUHALLA TALHAR,401050044,"24.8871079427329, 68.8097709148718",Talhar,Talhar-Tc
1838,GGPS : DARYA KHAN JATOI,401050072,"24.8756985479357, 68.8009531794489",Talhar,Talhar-Tc
1842,GBPS : TALHAR (URDU MEDIUM),401050100,"24.8813388268036, 68.8243219224622",Talhar,Talhar-Tc
1845,GBPS : MIR SHAHID AHMED@RASHEED MALLAH,401050118,"24.8485631080864, 68.8352382691656",Talhar,TC - Talhar
1846,GBPS : MALLAH MOHALLA TALHAR,401050132,"24.8863197219542, 68.8115452236928",Talhar,Talhar-Tc
1847,GBPS : SAIN BUX LAGHARI,401050134,"24.8836225551682, 68.802632240604",Talhar,Talhar-Tc
1849,GBPS : AHMED HALEPOTO,401050167,"24.925932368607, 68.8355831824236",Talhar,Talhar-Tc
1850,GBPS : MUREED HALEPOTO,401050168,"24.9270998908616, 68.82650792847",Talhar,Talhar-Tc
1851,GBPS : SIDDIQUE SOOMRO,401050186,"24.8978864415272, 68.8180334830296",Talhar,Talhar-Tc
1853,GBPS : NIM DARS @ GH. MUHAMMAD JUNEJO,401050188,"24.8633972873753, 68.8191479450462",Talhar,Talhar-Tc
1854,GBPS : PIR FAQEER MUHAMMAD SHAH,401050247,"24.9107412873562, 68.8149502836677",Talhar,Talhar-Tc
1855,GBPS : HAMID SOOMRO,401050248,"24.9049441493796, 68.8195261357725",Talhar,Talhar-Tc
2052,GBPS : MUHAMMAD IBRAHIM JUNEJO,401030535,"24.9833136012961, 68.8045661330605",Matli,Haji Sawan
2057,GBPS : VIKIO MALLAH,401030587,"24.9784443408849, 68.7980166216329",Matli,Haji Sawan
2468,GBPS : RAJO RABARI @ FATEH KHAN LAGHARI,401050263,"24.8625211475682, 68.8028763231636",Talhar,Talhar-Tc
2471,GBHSS : TALHAR,401050303,"24.8853561512157, 68.813064694206",Talhar,Talhar-Tc
2472,GGHSS : TALHAR,401050304,"24.8855410040263, 68.8143199634568",Talhar,Talhar-Tc
2510,GBPS : DADKI,401050094,"24.7966961858907, 68.7570816279451",Talhar,Haji Muhammad Ashraf Thebo
2568,GBPS : SOOMAR JUNEJO,401050031,"24.9240180609639, 68.8888773278906",Talhar,Saeed Pur
2571,GBPS : MURAD KHAN TALPUR,401050039,"24.9023360289105, 68.9047023721514",Talhar,Saeed Pur
2572,GBPS : ALLAH YAR KHOSO,401050041,"24.920758668164, 68.9287966480854",Talhar,Mir Sahib Ahsan Khan Talpur
2574,GGPS : MURAD KHAN TALPUR,401050057,"24.9024127849786, 68.9049424246445",Talhar,Saeed Pur
2575,GGPS : JAMAN KHOSO,401050063,"24.9122945406082, 68.9194934076069",Talhar,Mir Sahib Ahsan Khan Talpur
2577,GGPS : ABDULLAH KHASKHELI,401050066,"24.9063880687491, 68.9758278375386",Talhar,Mir Sahib Ahsan Khan Talpur
2578,GGPS : KHABAR JAMALI,401050069,"24.8835239258463, 68.8026389474672",Talhar,Mir Sahib Ahsan Khan Talpur
2581,GGPS : SOOMAR JUNEJO,401050078,"24.9241932364565, 68.8886010663703",Talhar,Saeed Pur
2593,GBPS : HAJI ABDULLAH TALPUR@USMAN MALLAH,401050177,"24.9278940554677, 68.8648179176945",Talhar,Saeed Pur
2594,GBPS : ISMAIL MEMON@SAWAN DHTO,401050178,"24.8784105654495, 68.9086626482503",Talhar,Mir Sahib Ahsan Khan Talpur
2601,GBPS : HALO THEBO,401050190,"24.9011585900179, 68.8593399377535",Talhar,Saeed Pur
2609,GBPS : AHMED MACHHI,401050199,"24.922942964233, 68.922300336461",Talhar,Saeed Pur
2610,GBPS : AHMED SAHTO,401050201,"24.9350071765093, 68.8804605548599",Talhar,Saeed Pur
2611,GBPS : ARBAB ALI MALLAH,401050202,"24.92566, 68.875765",Talhar,Saeed Pur
2612,GBPS : JAMALUDDIN HAJANOO,401050205,"24.9199387301133, 68.8990536337096",Talhar,Saeed Pur
2613,GBPS : GUL MUHAMMAD BEHRANI,401050206,"24.9258410834621, 68.9006294264908",Talhar,Saeed Pur
2614,GBPS : MUHAMMAD RAMZAN KHOSO,401050208,"24.9356468825377, 68.9220643047491",Talhar,Saeed Pur
2615,GBPS : LAKHA DINO PITAFI @ SULLEMAN RAHOOK,401050209,"24.9349074897566, 68.924075958233",Talhar,Saeed Pur
2617,GBPS : KANDERO MALLAH,401050214,"24.9424, 68.907829",Talhar,Saeed Pur
2618,GBPS : KHUDA BUX KHOSO,401050216,"24.947308562227, 68.9470437148221",Talhar,Saeed Pur
2619,GBPS : RAMZAN HULLIO,401050220,"24.9418074169444, 68.9552405482529",Talhar,Mir Sahib Ahsan Khan Talpur
2620,GBPS : AKRAM DAL,401050221,"24.917901, 68.973281",Talhar,Mir Sahib Ahsan Khan Talpur
2621,GBPS : GANHWAR JAMALI,401050222,"24.919092387694, 68.9618521869699",Talhar,Mir Sahib Ahsan Khan Talpur
2622,GBPS : ALLAH BACHAYO JAMALI,401050225,"24.9516179837633, 68.9560425230878",Talhar,Mir Sahib Ahsan Khan Talpur
2623,GBPS : ARIF SAMOON,401050228,"24.9326212334903, 68.8988390607621",Talhar,Saeed Pur
2624,GBPS : HAJI KAMIL SAHTO,401050237,"24.9355883901566, 68.8845026482645",Talhar,Saeed Pur
2625,GBPS : EIDO KHASKHELI @ JUMOON SHEEDI,401050239,"24.9287916330619, 68.9552673691017",Talhar,Mir Sahib Ahsan Khan Talpur
2629,GBPS : HAJI KALOO KHOSO,401050243,"24.9302485183272, 68.9150570334494",Talhar,Saeed Pur
2632,GBPS : DANG JI WASI,401050249,"24.9164141157405, 68.8900279989842",Talhar,Saeed Pur
2634,GBPS : ABDULLAH KHASKHELI,401050254,"24.9066774578255, 68.9754201435558",Talhar,Mir Sahib Ahsan Khan Talpur
2635,GBPS : DHABARO,401050256,"24.9212888333473, 68.9485189322629",Talhar,Mir Sahib Ahsan Khan Talpur
2636,GBPS : ESSA BHURGRI,401050264,"24.9542637811512, 68.897825178505",Talhar,Saeed Pur
2637,GBPS : KHAIR MUHAMMED KHOSO,401050265,"24.9461752955825, 68.9360439709845",Talhar,Saeed Pur
2639,GBLSS : AHMED DETHO,401050279,"24.9256988608416, 68.9315861466526",Talhar,Mir Sahib Ahsan Khan Talpur
2640,GBPS : ALI NAWAZ BHURGRI,401050281,"24.9589156624165, 68.8971975403045",Talhar,Saeed Pur
2641,GBPS : URIS QAMBRANI,401050282,"24.940574285023, 68.9596661864738",Talhar,Mir Sahib Ahsan Khan Talpur
2644,GBLSS : MURAD KHAN TALPUR,401050292,"24.9071700232786, 68.9040532633687",Talhar,Saeed Pur
2646,GBHS : SAEED PUR,401050302,"24.9128968940064, 68.8594508173068",Talhar,Saeed Pur
2647,GBPS : RAJO KHANANI (MAIN),401050028,"24.9841331071006, 68.8546657434149",Talhar,Rajo Khanni-Tc
2649,GBPS : GHULAM RASOOL ARAIN,401050032,"25.0093367870228, 68.9813518477495",Talhar,Mir Ahasn Ali @ Rajo Khanani
2650,GBPS : MITHO LASHARI,401050035,"24.9594555964385, 68.8470268249512",Talhar,Rajo Khanni-Tc
2651,GBPS : DEEWANI FAQEER,401050042,"24.9807867614255, 68.8976830047435",Talhar,Mir Ahasn Ali @ Rajo Khanani
2652,GGPS : GHULAM RASOOL ARAIN,401050058,"25.0091787055597, 68.9799624694383",Talhar,Mir Ahasn Ali @ Rajo Khanani
2654,GGPS : RAJO KHANANI,401050060,"24.9818498153209, 68.8526353380038",Talhar,Rajo Khanni-Tc
2656,GBPS : LAKHA DINO KHASKHELI,401050162,"25.0125015688494, 68.8953293825201",Talhar,Mir Ahasn Ali @ Rajo Khanani
2658,GBPS : JARAR MALLAH,401050164,"24.9663590148398, 68.8156235252806",Talhar,Rajo Khanni-Tc
2659,GBPS : KHAMOON JUNEJO,401050165,"24.9805877467459, 68.8130070270101",Talhar,Rajo Khanni-Tc
2661,GBPS : KANDO MALLAH,401050169,"24.962249553023, 68.8550788217765",Talhar,Rajo Khanni-Tc
2663,GBPS : AHSAN DAL,401050172,"24.9801694895051, 68.8019603486857",Talhar,Rajo Khanni-Tc
2664,GBPS : NOOR MUHAMMAD JUNEJO @ AZIM JUNEJO,401050173,"24.962362628987, 68.877821268538",Talhar,Rajo Khanni-Tc
2665,GBPS : QASIM JUNEJO,401050174,"24.9693194132414, 68.8062505422533",Talhar,Rajo Khanni-Tc
2668,GBPS : YOUSIF BHURARO,401050185,"24.9313102335272, 68.8249629757794",Talhar,Saeed Pur
2669,GBPS : JUMOON SAHTO,401050200,"24.9412361472303, 68.8908299725281",Talhar,Mir Ahasn Ali @ Rajo Khanani
2671,GBPS : KAROO KHASKHELI,401050204,"24.9686834797308, 68.8782209070553",Talhar,Mir Ahasn Ali @ Rajo Khanani
2672,GBPS : SHAH BUX LUND,401050210,"24.9996768067076, 68.8880431771239",Talhar,Mir Ahasn Ali @ Rajo Khanani
2673,GBPS : HAJI JEWAN JUNEJO,401050211,"25.0326100306546, 68.9808462538826",Talhar,Mir Ahasn Ali @ Rajo Khanani
2674,GBPS : HAJI SIDDIQUE METLO,401050212,"24.9894276123907, 68.8820216097422",Talhar,Mir Ahasn Ali @ Rajo Khanani
2675,GBPS : DODO KORI,401050217,"24.9721704871612, 68.8708823962992",Talhar,Mir Ahasn Ali @ Rajo Khanani
2676,GBPS : ARAB LUND @ ABDUL MAJEED LUND,401050218,"24.9951605304413, 68.8971465725734",Talhar,Mir Ahasn Ali @ Rajo Khanani
2677,GBPS : SAWAN KHASKHELI,401050219,"24.9669929465929, 68.9007889894754",Talhar,Mir Ahasn Ali @ Rajo Khanani
2678,GBPS : BOHRO SAHIB KHAN,401050223,"25.011670282961, 68.9412689207991",Talhar,Mir Ahasn Ali @ Rajo Khanani
2679,GBPS : MOLE DINO JAT,401050224,"24.9940381454102, 68.9381039948989",Talhar,Mir Ahasn Ali @ Rajo Khanani
2682,GBPS : FATAN HINGORJO,401050230,"25.0208992227479, 69.0160033114748",Talhar,Mir Ahasn Ali @ Rajo Khanani
2686,GBPS : JUMOON RUGH,401050235,"24.9633073772553, 68.8405519713465",Talhar,Rajo Khanni-Tc
2690,GBPS : HYDER BHURGRI,401050255,"24.9653062870103, 68.8905349098734",Talhar,Mir Ahasn Ali @ Rajo Khanani
2692,GBPS : KARIM RUSTAMANI @ MANIK LUND,401050258,"24.9549884139823, 68.8608187434078",Talhar,Rajo Khanni-Tc
2696,GBPS : HUSSAIN NIZAMANI @ RAZI KHAN LNJWAN,401050284,"24.984954467889, 68.8915622387279",Talhar,Mir Ahasn Ali @ Rajo Khanani
2697,GBPS : THARO KHAN JAMALI,401050285,"24.9488881447802, 68.889419808959",Talhar,Mir Ahasn Ali @ Rajo Khanani
2698,GBLSS : GHULAM RASOOL ARAIN,401050290,"25.0098960256547, 68.9810246211296",Talhar,Mir Ahasn Ali @ Rajo Khanani
28245,GGPS : GHULAM RASOOL RIND @ LAAR VEE MAKAN,401020575,"24.6779945668533, 68.677614483137","Shaheed Fazal Rahu, Golarchi",Gharo
34376,GBPS : MOHD ARAB NOOHANI,401020534,"24.6972071658476, 68.692869543632","Shaheed Fazal Rahu, Golarchi",Gharo
34501,GBPS : DODO KHASKHELI @ ISMAIL RAHUKRO,401020074,"24.6685292894381, 68.6700251701473","Shaheed Fazal Rahu, Golarchi",Tarai
34502,GBPS : TARAI,401020295,"24.6885742675356, 68.6725223016762","Shaheed Fazal Rahu, Golarchi",Tarai
34512,GBPS : GHULAM MUHAMMAD LASHARI,401020161,"24.7556537962266, 68.7357848882675","Shaheed Fazal Rahu, Golarchi",Gharo
34514,GBPS : ALLAH JURIO JUNEJO,401020348,"24.7681532855948, 68.7065380811691","Shaheed Fazal Rahu, Golarchi",Gharo
34880,GBPS : JUMAN MALLAH,401050238,"24.9255724286335, 68.8122224848456",Talhar,Talhar-Tc
35062,GBPS : JAMAN KHOSO,401050043,"24.9101768552978, 68.9208465854314",Talhar,Mir Sahib Ahsan Khan Talpur
35066,GBPS : HAJI GUL MUHAMMAD RAHOOKRO,401050215,"24.9360359923976, 68.9261144368858",Talhar,Saeed Pur
35068,GBPS : CHOUDHRY ABDUL GHAFOOR @ MAQBOOL AR,401050033,"25.0286255665269, 69.0060858412093",Talhar,Mir Ahasn Ali @ Rajo Khanani
35069,GBPS : NAJAMUDDIN NIZAMANI,401050171,"24.990786545768, 68.8503098492819",Talhar,Rajo Khanni-Tc
35070,GBPS : CHAUDHRY JAMIL,401050227,"24.991901288635, 68.9084896413992",Talhar,Mir Ahasn Ali @ Rajo Khanani
51287,GGPS : OBAHEN (USMAN MALLAH),301000003,"24.9279220984635, 68.8650244456503",Talhar,1-Talhar
502,GBPS : ABDUL WAHID LUND,401010588,"24.5319904831741, 69.0728527140673",Badin,Chakar Khan Panwar
503,GBPS : LAKHOO REBARI,401010591,"24.5397400819802, 69.0734884166709",Badin,Chakar Khan Panwar
513,GBPS : FAQEER KHAIR MOHD KHOSO@HUSSAIN SHA,401010775,"24.5327641841541, 69.0534228088458",Badin,Chakar Khan Panwar
518,GBLSS : YOUSIF SHAH @ DATO JAT,401010805,"24.5418489298651, 69.0750736079586",Badin,Chakar Khan Panwar
607,GBPS : KHALIFO MUHAMMED LUND,401010155,"24.5581377416066, 69.1585151117257",Badin,Mithi Village
610,GBPS : MEVO KHAN LUND,401010314,"24.5422044651515, 69.1608077272823",Badin,Mithi Village
612,GBPS : RANO KHAN LUND,401010318,"24.537541757472, 69.1808807140717",Badin,Mithi Village
613,GBPS : HAJI ALI MUHAMMED NOHERIO,401010319,"24.5460972436362, 69.1976036125194",Badin,Mithi Village
614,GBPS : PORHO KHAN LUND,401010320,"24.5389203350976, 69.2105814814568",Badin,Mithi Village
615,GBPS : ALI MUHAMMAD RAHWANI,401010321,"24.5646811242882, 69.1372002668654",Badin,Chakar Khan Panwar
616,GBPS : CHHUTTO KHAN LUND,401010323,"24.496409208102, 69.1178186203159",Badin,Mithi Village
617,GBPS : HAJI MURAD KHATTI,401010325,"24.5368512357234, 69.092823113516",Badin,Chakar Khan Panwar
618,GBPS : MUHAMMAD URS MURADANI,401010326,"24.5505004145109, 69.0996989610286",Badin,Chakar Khan Panwar
1109,GBPS : MUHAMMAD SOOMAR NOHERIO,401010322,"24.5460107002578, 69.0572315442566",Badin,Chakar Khan Panwar
1110,GBPS : CHANSER DASTI,401010324,"24.5589726094577, 69.0683560063941",Badin,Chakar Khan Panwar
1111,GBPS : ABDUL RAHMAN SAHATO,401010327,"24.5401771328581, 69.0534576961336",Badin,Chakar Khan Panwar
1112,GBPS : HAJI MUHAMMAD SIDIQ DIL @ SAKIO LUN,401010328,"24.5236459207504, 69.0694838657017",Badin,Chakar Khan Panwar
1125,GBPS : BUDHO DASTI,401010383,"24.5552618473857, 69.0623116451516",Badin,Chakar Khan Panwar
1126,GBPS : DATO JAT,401010508,"24.5418751579938, 69.0750494673823",Badin,Chakar Khan Panwar
1251,GBPS : HAIBAT FAQEER,401010374,"24.5623624019181, 69.1098350036487",Badin,Chakar Khan Panwar
1252,GBPS : PANDHI KHAN LUND,401010375,"24.5295993795134, 69.171152999037",Badin,Mithi Village
1253,GBPS : HUSSAIN KHAN LUND,401010377,"24.5393778202017, 69.0921967674643",Badin,Chakar Khan Panwar
1256,GBPS : EIDOO NUHRIO,401010381,"24.5251485023735, 69.0883988142014",Badin,Chakar Khan Panwar
1257,GBPS : DIN MUHAMMAD LUND,401010382,"24.5172224225213, 69.1271996498108",Badin,Mithi Village
1263,GBPS : FATEH MUHAMMAD JHAGORO,401010513,"24.5725077642553, 69.1297489749559",Badin,Chakar Khan Panwar
1266,GBPS : MUHAMMED URIS LUND,401010576,"24.5444169931896, 69.1614974631554",Badin,Mithi Village
1267,GBPS : KHALIFO MITHAN,401010578,"24.5272474456331, 69.1514133567005",Badin,Mithi Village
1274,GBPS : GHULAM HAIDER CHANDIO @ SHAFI M. LU,401010607,"24.5301965443354, 69.1455030597841",Badin,Mithi Village
1276,GBPS : AMIN ARAIN,401010675,"24.5063209430783, 69.0832468821442",Badin,Chakar Khan Panwar
2344,GBLSS : ABDULLAH KHAN JUNEJO,401040730,"24.7023951305138, 69.0557885226589",Tando Bago,Khalifo Qasim
2345,GBLSS : FAQIR MUHAMMAD NOHERIO,401040739,"24.7395016238801, 69.0623961383105",Tando Bago,Khalifo Qasim
2347,GBPS : PAF CHAK,401040004,"24.6608779515336, 69.1695249080658",Tando Bago,Khoskhi-Tc
2348,GBPS : SIDDIQUE BHOOT,401040014,"24.6773792638862, 69.1097438326465",Tando Bago,Khoskhi-Tc
2349,GBPS : TALHO KHAN BHURGARI,401040024,"24.6615386217486, 69.0427060423043",Tando Bago,Saeed Khan Bhurgri @ Khoski
2350,GBPS : BHALE DINO SOOMRO,401040027,"24.5749630128419, 69.1094675637748",Tando Bago,Saeed Khan Bhurgri @ Khoski
2351,GBPS : MUHAMMAD SIDDIQUE CHEEMA,401040029,"24.672426563811, 69.1759139200897",Tando Bago,Khoskhi-Tc
2352,GBPS : JAM KHAN KHOSO,401040030,"24.5990191275637, 69.0982424371166",Tando Bago,Saeed Khan Bhurgri @ Khoski
2353,GBPS : LAKHA DINO FAKIR @ MOLVI ABDULLAH S,401040031,"24.6390500779465, 69.1250431528674",Tando Bago,Khoskhi-Tc
2355,GBPS : ACHAR RIND,401040050,"24.673984152416, 69.0305194222873",Tando Bago,Saeed Khan Bhurgri @ Khoski
2356,GBPS : ALLAH BACHAYO BHOOT,401040062,"24.6682977457494, 69.1297048330307",Tando Bago,Saeed Khan Bhurgri @ Khoski
2357,GBPS : QAZI SULLEMAN BHAN,401040072,"24.5842220068263, 69.0975049147023",Tando Bago,Saeed Khan Bhurgri @ Khoski
2358,GBPS : SOBHO KOLHI,401040077,"24.6559539967541, 69.050043224393",Tando Bago,Saeed Khan Bhurgri @ Khoski
2359,GGPS : HAJI ABDUL KARIM BHURGARI,401040117,"24.6786368791304, 69.0795528897657",Tando Bago,Saeed Khan Bhurgri @ Khoski
2360,GGPS : KHOSKI,401040118,"24.6445004675677, 69.1144340893458",Tando Bago,Khoskhi-Tc
2361,GGPS : TALHO KHAN BHURGRI,401040120,"24.6615312297678, 69.0422835820725",Tando Bago,Saeed Khan Bhurgri @ Khoski
2363,GGPS : MUHAMMAD ACHAR RIND,401040166,"24.6737940125189, 69.0308734707433",Tando Bago,Saeed Khan Bhurgri @ Khoski
2364,GBPS : SHADI LARGE,401040174,"24.6294703601982, 69.1789403484201",Tando Bago,Khoskhi-Tc
2365,GBPS : AHMED KHAN JAMALI,401040176,"24.5923292444665, 69.1109669235389",Tando Bago,Saeed Khan Bhurgri @ Khoski
2367,GBPS : PHOTO BHATTI,401040182,"24.626323033637, 69.0917193916481",Tando Bago,Saeed Khan Bhurgri @ Khoski
2368,GBPS : HAJI ISMAIL NOHRIO,401040280,"24.6076300403327, 69.0597581845495",Tando Bago,Saeed Khan Bhurgri @ Khoski
2369,GBPS : MITHO KHAN KHOSO,401040281,"24.6353539832676, 69.0732336048789",Tando Bago,Saeed Khan Bhurgri @ Khoski
2370,GBPS : MITHO BHOOT,401040282,"24.6273982717747, 69.1189089426412",Tando Bago,Saeed Khan Bhurgri @ Khoski
2371,GBPS : ARZI KHAN CHHALGRI,401040284,"24.6214708428827, 69.0598654702238",Tando Bago,Saeed Khan Bhurgri @ Khoski
2372,GBPS : HUSSAIN SARKI,401040285,"24.6798140642303, 69.0399366608249",Tando Bago,Saeed Khan Bhurgri @ Khoski
2373,GBPS : MOLE DINO KHASKHELI,401040286,"24.6433043747306, 69.0474629348436",Tando Bago,Saeed Khan Bhurgri @ Khoski
2374,GBPS : OLIYA RAJSEAN,401040287,"24.6727764352909, 69.0533074729879",Tando Bago,Saeed Khan Bhurgri @ Khoski
2375,GBPS : KHAMISO LAKHATIO,401040288,"24.6431153277381, 69.0620273351669",Tando Bago,Saeed Khan Bhurgri @ Khoski
2376,GBPS : FAQIR KHEYO KHAN KHOSO,401040289,"24.6041232509457, 69.1027781367302",Tando Bago,Saeed Khan Bhurgri @ Khoski
2377,GBPS : ARZI MURADANI,401040290,"24.5561598423252, 69.0980869558494",Tando Bago,Saeed Khan Bhurgri @ Khoski
2378,GBPS : IBRAHIM BHOOT,401040291,"24.6725241651174, 69.1274490952492",Tando Bago,Khoskhi-Tc
2379,GBPS : SAHIR JAT,401040292,"24.6328565415222, 69.1428905654464",Tando Bago,Saeed Khan Bhurgri @ Khoski
2380,GBPS : AC CHAK,401040426,"24.6175279623885, 69.1534164695483",Tando Bago,Khoskhi-Tc
2381,GBPS : SHARIF KHOSO,401040438,"24.6501521943527, 69.1383951947161",Tando Bago,Khoskhi-Tc
2382,GBPS : MUHAMMAD USMAN PITAFI@MOJAN KHOSO,401040445,"24.6227704216124, 69.0854524199105",Tando Bago,Saeed Khan Bhurgri @ Khoski
2383,GBPS : PUNHOON KHOSO,401040507,"24.6511711834938, 69.1103446501521",Tando Bago,Saeed Khan Bhurgri @ Khoski
2384,GBPS : MUHAMMED KHAN KHOSO,401040583,"24.639120709987, 69.0671879008345",Tando Bago,Saeed Khan Bhurgri @ Khoski
2385,GBPS : MUHAMMED DERO @ MUHAMMAD HASHIM LAK,401040584,"24.6373702473117, 69.0582481031127",Tando Bago,Saeed Khan Bhurgri @ Khoski
2386,GBPS : KHOSKI,401040585,"24.6439170177506, 69.1139817395665",Tando Bago,Khoskhi-Tc
2387,GBPS : HAJI AHMED KHASKHELI,401040601,"24.6366022578857, 69.1052484440696",Tando Bago,Khoskhi-Tc
2388,GBPS : DUR MUHAMMED JAT,401040602,"24.6320442270278, 69.0809623867975",Tando Bago,Saeed Khan Bhurgri @ Khoski
2389,GBPS : QASER AHMEDANI,401040603,"24.5753386344345, 69.1008871784793",Tando Bago,Saeed Khan Bhurgri @ Khoski
2390,GBPS : GANHWER JUNEJO,401040633,"24.5950779486068, 69.0706426084312",Tando Bago,Saeed Khan Bhurgri @ Khoski
2391,GBPS : ISHAQUE BHATTI,401040634,"24.5727313704977, 69.0773851390907",Tando Bago,Saeed Khan Bhurgri @ Khoski
2392,GBPS : PAHAR KHAN LUND,401040635,"24.6035965032867, 69.09835517496",Tando Bago,Saeed Khan Bhurgri @ Khoski
2393,GBPS : KHEEROL JUNEJA,401040636,"24.5902805204912, 69.081054926814",Tando Bago,Saeed Khan Bhurgri @ Khoski
2394,GBPS : BUDHO KHOSO,401040637,"24.6362418286815, 69.1767856526034",Tando Bago,Saeed Khan Bhurgri @ Khoski
2395,GBPS : MISRI KEERIO@ALLAH BUX DARS@ KANJI,401040685,"24.6713623531362, 69.1394689826299",Tando Bago,Khoskhi-Tc
2396,GBPS : HADI BUX KHOSO,401040708,"24.6537112863551, 69.1528576607995",Tando Bago,Saeed Khan Bhurgri @ Khoski
2397,GBPS : LAL BUX KHOSO,401040711,"24.6001225232455, 69.1163420663754",Tando Bago,Saeed Khan Bhurgri @ Khoski
2398,GGHS : KHOSKI,401040742,"24.6445045488536, 69.114630711056",Tando Bago,Khoskhi-Tc
2399,GBHSS : KHOSKI,401040751,"24.6473926157689, 69.1104340322101",Tando Bago,Khoskhi-Tc
2400,GBPS : SIGNAL CHAK,401040001,"24.5902947528867, 69.2076653569759",Tando Bago,Muhammad Ishaq Dero
2408,GBPS : SALAR SOOMRO,401040175,"24.5827219887948, 69.1236738882459",Tando Bago,Muhammad Ishaq Dero
2409,GBPS : ISHAQ DERO,401040178,"24.5691529700838, 69.2128063612098",Tando Bago,Muhammad Ishaq Dero
2415,GBPS : ABDUL WAHID PARHIYAR,401040293,"24.6013862009916, 69.2117169173324",Tando Bago,Muhammad Ishaq Dero
2416,GBPS : RAB DINO SOOMRO,401040294,"24.5896008660838, 69.1863218002334",Tando Bago,Muhammad Ishaq Dero
2428,GBPS : HAJI SIDDIQUE BULEDI @SULLEMAN KHAS,401040624,"24.5769338729595, 69.1780114182843",Tando Bago,Muhammad Ishaq Dero
2429,GBPS : MUHAMMAD SOOMAR SOOMRO,401040695,"24.5870045812232, 69.1865837353071",Tando Bago,Muhammad Ishaq Dero
2431,GBPS : MISRI MALLAH,401040697,"24.5751520220701, 69.1528536365432",Tando Bago,Muhammad Ishaq Dero
2434,GBLSS : MUHAMMAD ISHAQUE,401040733,"24.5741742997157, 69.2120888324238",Tando Bago,Muhammad Ishaq Dero
2436,GBHS : SIGNAL CHAK @ SHADI LARGE,401040747,"24.6293764876862, 69.1786086285894",Tando Bago,Khoskhi-Tc
2890,GBPS : ABDULLAH BHURGARI,401040002,"24.6775321880865, 69.0791344642639",Tando Bago,Saeed Khan Bhurgri @ Khoski
2892,GBPS : PUNJAB CHAK,401040013,"24.684102641687, 69.1411989759233",Tando Bago,Khalifo Qasim
2895,GBPS : BACHAL AHMEDANI,401040032,"24.7003409031698, 69.1686411259563",Tando Bago,Khalifo Qasim
2896,GBPS : BACHAL AHMEDANI,401040046,"24.6870955854164, 69.1499816658095",Tando Bago,Khalifo Qasim
2898,GBPS : JAN MUHAMMAD AHMEDANI,401040075,"24.694981069313, 69.1494512635458",Tando Bago,Khalifo Qasim
2899,GBPS : BALO KOLHI,401040076,"24.7155687400092, 69.0916442839309",Tando Bago,Khalifo Qasim
2900,GGPS : BACHAL AHEMEDANI,401040111,"24.6866246493765, 69.1503645477693",Tando Bago,Khalifo Qasim
2901,GGPS : ABDULLAH JUNEJO,401040121,"24.7000667904079, 69.0560755040262",Tando Bago,Khalifo Qasim
2904,GBPS : SAEED KHAN BHURGARI,401040181,"24.6630717961963, 69.0652191629993",Tando Bago,Saeed Khan Bhurgri @ Khoski
2907,GBPS : IMAM BUX AHMEDANI,401040201,"24.6886778516764, 69.123008699417",Tando Bago,Khalifo Qasim
2910,GBPS : ABDULAH JUNEJO,401040205,"24.7004480522472, 69.0564845089179",Tando Bago,Khalifo Qasim
2911,GBPS : FAQIR MUHAMMAD NOHRIO,401040206,"24.7394868330087, 69.0624430839211",Tando Bago,Khalifo Qasim
2912,GBPS : KHUDI ADIT MALLAH @ HOTE MALLAH,401040208,"24.7345196590738, 69.0954504215599",Tando Bago,Khalifo Qasim
2921,GBPS : ABDUL KARIM KATHAI,401040295,"24.6478654642072, 69.0945759360004",Tando Bago,Saeed Khan Bhurgri @ Khoski
2924,GBPS : HAJI AHMED SAMOON,401040298,"24.6892018006229, 69.0742367559664",Tando Bago,Khalifo Qasim
2930,GBPS : MUHAMMAD BACHAL NOHRIO,401040308,"24.7094031008035, 69.1114202208918",Tando Bago,Khalifo Qasim
2931,GBPS : THAROO KHAN RIND,401040309,"24.716487404656, 69.1002514904745",Tando Bago,Khalifo Qasim
2932,GBPS : MUHAMMAD YOUSIF AHMEDANI,401040311,"24.7204402738443, 69.074912654958",Tando Bago,Khalifo Qasim
2934,GBPS : TAJO RIND,401040313,"24.7111366892195, 69.0841086516732",Tando Bago,Khalifo Qasim
2935,GBPS : TURK FARM,401040314,"24.7411348180672, 69.0640081626153",Tando Bago,Khalifo Qasim
2936,GBPS : HAJI KHAN PATHAN,401040317,"24.6977054723299, 69.1082941098993",Tando Bago,Khalifo Qasim
2937,GBPS : JANOO KOLACHI,401040321,"24.6836489050645, 69.1044491898959",Tando Bago,Khalifo Qasim
2938,GBPS : BASHIR AHMED WARAICH@KHABAR BHOOT,401040322,"24.6444695416788, 69.0939348985329",Tando Bago,Saeed Khan Bhurgri @ Khoski
2939,GBPS : MUHAMMAD ALI KOLACHI,401040323,"24.6811520876631, 69.1007396638385",Tando Bago,Khalifo Qasim
2941,GBPS : MUHAMMAD SOOMAR KHASKHELI,401040326,"24.7023945235978, 69.07238870144",Tando Bago,Khalifo Qasim
2942,GBPS : CHAKAR KHAN AHMEDANI,401040479,"24.6818052655344, 69.119925499757",Tando Bago,Khalifo Qasim
2946,GBPS : KHALIQUE DINO DARS,401040561,"24.6843483120271, 69.0586537947246",Tando Bago,Khalifo Qasim
2948,GBPS : ALI MUHAMMED NOHERIO,401040577,"24.6774207347304, 69.1143491784743",Tando Bago,Khalifo Qasim
2949,GBPS : JAMIL SAMOON,401040582,"24.6909966558019, 69.0740395993008",Tando Bago,Khalifo Qasim
2961,GBPS : HAJI SAND@ ALLAH DINO NOHERIO@ ALI,401040666,"24.7342955689855, 69.0971481871594",Tando Bago,Khalifo Qasim
2965,GGLSS : PUNJAB CHAK,401040720,"24.6841030473731, 69.1411314804675",Tando Bago,Khalifo Qasim
21269,GBPS : MUHAMMED MOOSA LUND,401010583,"24.5185252190622, 69.1091177547538",Badin,Chakar Khan Panwar
34243,GBPS : GUL MUHAMMAD CHANNA,401010317,"24.5471343407633, 69.1177726391611",Badin,Chakar Khan Panwar
34385,GBPS : MUHBAT KHAN QABAILY,401010378,"24.5498166810928, 69.210322929898",Badin,Mithi Village
34982,GBPS : ALEEM DARS,401040003,"24.6139239389201, 69.0795421600342",Tando Bago,Saeed Khan Bhurgri @ Khoski
34983,GGPS : SIGNAL CHACK,401040095,"24.590306962558, 69.2075720508326",Tando Bago,Muhammad Ishaq Dero
34984,GBPS : LUTUF ALI KHOSO,401040283,"24.6072642154958, 69.0841555586444",Tando Bago,Saeed Khan Bhurgri @ Khoski
34985,GBPS : CHUTTO MALLAH,401040580,"24.6494597938371, 69.0615767397223",Tando Bago,Saeed Khan Bhurgri @ Khoski
34986,GBPS : ARBAB BAQA NOHRIO,401040709,"24.607556881934, 69.0599218010903",Tando Bago,Saeed Khan Bhurgri @ Khoski
34989,GBPS : YOUSIF BHOOT,401040589,"24.5851464313218, 69.1572779439879",Tando Bago,Muhammad Ishaq Dero
35151,GBPS : NATHO MALLAH,401040560,"24.6969050183083, 69.0515238173784",Tando Bago,Khalifo Qasim
35152,GBPS : MUHAMMAD HASSAN MALLAH,401040628,"24.6717685855627, 69.0754652014362",Tando Bago,Saeed Khan Bhurgri @ Khoski
35631,GGPS : KHALIQUE DINO DARS,401040757,"24.6843654416568, 69.0586732315524",Tando Bago,Khalifo Qasim
2437,GBPS : ALAN KHAN KHOSO,401040007,"24.8025438897507, 69.2403101529785",Tando Bago,Dargah Saman Sarkar @ Bukhsho Lund
2439,GBPS : MUHAMMAD MALOOK JAT,401040020,"24.791066525975, 69.2756617344149",Tando Bago,Dargah Saman Sarkar @ Bukhsho Lund
2440,GBPS : GHULAM RASOOL KHOSO @ SYED JURIAL S,401040085,"24.785288, 69.236018",Tando Bago,Dargah Saman Sarkar @ Bukhsho Lund
2441,GBPS : GHULAM ALI KHASKHELI,401040086,"24.7848099794606, 69.2495481524225",Tando Bago,Dargah Saman Sarkar @ Bukhsho Lund
2442,GBPS : MISRI KHOSO,401040087,"24.8009036348582, 69.2633513003222",Tando Bago,Dargah Saman Sarkar @ Bukhsho Lund
2443,GGPS : MALOOK JAT,401040092,"24.7892800117198, 69.2755865644679",Tando Bago,Pangrio-Tc
2447,GGPS : PANGRIO (CMS),401040119,"24.7608482569124, 69.1958794179487",Tando Bago,Pangrio-Tc
2449,GGPS : ASHRAF KHOSO,401040154,"24.767084093109, 69.2133906503038",Tando Bago,Dargah Saman Sarkar @ Bukhsho Lund
2450,GGPS : PIR HAMID ALI SHAH,401040155,"24.8071228440787, 69.2683875598716",Tando Bago,Dargah Saman Sarkar @ Bukhsho Lund
2452,GBPS : KAMAL FAQIR AHMDANI,401040172,"24.7605616596962, 69.2235285058052",Tando Bago,Choudri Deen Muhammad
2453,GBPS : PANGRIO,401040184,"24.7624719846676, 69.1983980294165",Tando Bago,Pangrio-Tc
2454,GBPS : RAMZAN LAIL,401040185,"24.7852101512883, 69.2329949274622",Tando Bago,Dargah Saman Sarkar @ Bukhsho Lund
2455,GBPS : DOST MUHAMMAD JARWAR,401040186,"24.7786, 69.2317",Tando Bago,Saman Shah Sarkar
2456,GBPS : WAGHDAHI,401040193,"24.8065928906561, 69.2438659148243",Tando Bago,Dargah Saman Sarkar @ Bukhsho Lund
2458,GBPS : AHSAN ALI CHANDIO,401040198,"24.8023442338086, 69.2995083092588",Tando Bago,Dargah Saman Sarkar @ Bukhsho Lund
2459,GBPS : MEHRAB CHANDIO,401040199,"24.8386, 69.2964",Tando Bago,Khairpur Ghambo @ Malkani Sharif
2460,GBPS : PIR SHAH MUHAMMAD SHAH,401040200,"24.8071374577761, 69.2683679830567",Tando Bago,Dargah Saman Sarkar @ Bukhsho Lund
2461,GBPS : ALLAH DAD LAIL,401040209,"24.7678549197979, 69.2289192843225",Tando Bago,Dargah Saman Sarkar @ Bukhsho Lund
2462,GBPS : MIR JO KOT,401040217,"24.7670978911873, 69.2519903460413",Tando Bago,Choudri Deen Muhammad
2464,GBPS : HAJI GANHWER AHMDANI,401040223,"24.812303803217, 69.2322219781537",Tando Bago,Dargah Saman Sarkar @ Bukhsho Lund
2465,GBPS : PUNHOON KHAN KHOSO,401040225,"24.7662531832178, 69.2176039411524",Tando Bago,Dargah Saman Sarkar @ Bukhsho Lund
2467,GBPS : MUHAMMAD YOUSIF JUNEJO @ GHULAM M.,401040227,"24.7879975452065, 69.2487224893478",Tando Bago,Dargah Saman Sarkar @ Bukhsho Lund
3076,GBPS : KAMIL KHAN KHOSO,401040229,"24.8017976219255, 69.2580449669686",Tando Bago,Dargah Saman Sarkar @ Bukhsho Lund
3077,GBPS : MUHAMMAD RAMZAN KHOS0,401040230,"24.7813463397275, 69.2184779807758",Tando Bago,Dargah Saman Sarkar @ Bukhsho Lund
3078,GBPS : QURBAN ALI KHOSO,401040231,"24.7809737483537, 69.2003238038807",Tando Bago,Dargah Saman Sarkar @ Bukhsho Lund
3079,GBPS : LOUNG KHAN KHOSO,401040232,"24.7663217757495, 69.2352157706813",Tando Bago,Choudri Deen Muhammad
3081,GBPS : JEO KHAN LUND,401040241,"24.7862873050887, 69.3174202387443",Tando Bago,Dargah Saman Sarkar @ Bukhsho Lund
3083,GBPS : PIR ALI ASGHAR SHAH,401040327,"24.8204399979635, 69.3019741482249",Tando Bago,Malkani Shareef
3084,GBPS : CHOUDHRI MUKHTIAR,401040328,"24.8186, 69.3197",Tando Bago,Saman Shah Sarkar
3085,GBPS : AMIR BUX CHANDIO,401040329,"24.8424146262203, 69.3034250216861",Tando Bago,Malkani Shareef
3087,GBPS : KHAIR MUHAMMAD ARAIN,401040427,"24.8175356609354, 69.2366976940291",Tando Bago,Dargah Saman Sarkar @ Bukhsho Lund
3089,GBPS : ALLAH DINO BHATTI AT SAEED KHAN KHO,401040457,"24.8228, 69.225",Tando Bago,Saman Shah Sarkar
3090,GBPS : MISRI KHAN KHOSO,401040492,"24.7738878603218, 69.2183160676459",Tando Bago,Dargah Saman Sarkar @ Bukhsho Lund
3092,GBPS : ABDUL GHAFOOR AHMEDANI,401040505,"24.7338192923788, 69.2138658452762",Tando Bago,Pangrio-Tc
3094,GBPS : HIDAYAT ALI KHOSO,401040564,"24.7955574376186, 69.2318827324517",Tando Bago,Dargah Saman Sarkar @ Bukhsho Lund
3096,GBPS : BACHAL AHMEDANI,401040588,"24.8115851872617, 69.2562165856362",Tando Bago,Dargah Saman Sarkar @ Bukhsho Lund
3097,GBPS : GREED ABAD PANGRIO,401040592,"24.7600071556789, 69.197807957728",Tando Bago,Pangrio-Tc
3098,GBPS : HAMID ALI SHAH,401040593,"24.7868952650157, 69.3074227354222",Tando Bago,Dargah Saman Sarkar @ Bukhsho Lund
3099,GBPS : MUHAMMAD UMER DALWANI,401040664,"24.8319746770973, 69.2943625092243",Tando Bago,Malkani Shareef
3100,GBPS : KAMAL CHANDIO,401040665,"24.8069, 69.3072",Tando Bago,Saman Shah Sarkar
3101,GBPS : MUHAMMAD USMAN CHANDIO,401040667,"24.8131, 69.2808",Tando Bago,Saman Shah Sarkar
3102,GBPS : AHMED JUNEJO @ PATEL LAKHO CHANDIO,401040668,"24.8145671518593, 69.273283931732",Tando Bago,Dargah Saman Sarkar @ Bukhsho Lund
3104,GBPS : NASEER KHAN CHANDIO,401040671,"24.8248113786779, 69.2923119439873",Tando Bago,Malkani Shareef
3105,GBPS : AMIR BUX LUND,401040672,"24.7774089434429, 69.2940652900874",Tando Bago,Dargah Saman Sarkar @ Bukhsho Lund
3106,GBPS : VERSI MAL OFAQUE,401040705,"24.762333969844, 69.2395502419939",Tando Bago,Choudri Deen Muhammad
3108,GGPS : ALI NAWAZ KHOSO,401040722,"24.8065872125107, 69.2432445483762",Tando Bago,Dargah Saman Sarkar @ Bukhsho Lund
3109,GBLSS : ALAN KHAN KHOSO,401040735,"24.8028036045572, 69.2403620395477",Tando Bago,Dargah Saman Sarkar @ Bukhsho Lund
3110,GBLSS : PIR ALI ASGHAR SHAH,401040736,"24.8203280014956, 69.3019992113114",Tando Bago,Malkani Shareef
3111,GBLSS : MIR JO KOT,401040737,"24.7671506564009, 69.2520010719693",Tando Bago,Choudri Deen Muhammad
3112,GBLSS : MEHRAB CHANDIO,401040738,"24.8388418307928, 69.2965270669722",Tando Bago,Malkani Shareef
3113,GGHS : PANGRIO,401040741,"24.7612095392696, 69.1956630435173",Tando Bago,Pangrio-Tc
3114,GBHSS : PANGRIO,401040749,"24.7589184600856, 69.1978248179555",Tando Bago,Pangrio-Tc
3115,GBPS : KHAN MUHAMMAD VEGHIO,401050259,"24.7414, 69.1964",Tando Bago,TC - Pangrio
3116,GBPS : MUHAMMAD USMAN THEBO,401040005,"24.9436873612817, 69.2477595784472",Tando Bago,Sangi Pharho
3117,GBPS : QAIM KHAN LAGHARI,401040006,"24.9016232304254, 69.243913262575",Tando Bago,Khairpur Gumboh
3119,GBPS : ABDULLAH DETHO,401040036,"24.9481135997245, 69.2338120926523",Tando Bago,Sangi Pharho
3120,GBPS : GHULAM HUSSAIN THEBO,401040051,"24.9390301258978, 69.2523326961053",Tando Bago,Sangi Pharho
3122,GBPS : AJMAL KHAN LAGHARI,401040083,"24.8739832105171, 69.2660405080337",Tando Bago,Khairpur Ghambo @ Malkani Sharif
3123,GGPS : KHAIR PUR GAMBO,401040122,"24.8821930062102, 69.2491409388223",Tando Bago,Khairpur Gumboh
3124,GGPS : MUHAMMAD USMAN THEBO,401040136,"24.9439865218968, 69.2480720520087",Tando Bago,Sangi Pharho
3125,GGPS : HAYAT KHASKHALI,401040137,"24.9598251779435, 69.2917665925795",Tando Bago,Sangi Pharho
3126,GGPS : ALI PHULL AT GHULAM ABBAS TALPUR,401040138,"24.9638884923419, 69.2735610896897",Tando Bago,Sangi Pharho
3127,GGPS : MUHAMMAD USMAN KACHHI,401040150,"24.9537275459717, 69.286274759879",Tando Bago,Sangi Pharho
3128,GGPS : SOBDAR JAMALI,401040152,"24.9400076442073, 69.2085912986052",Tando Bago,Sangi Pharho
3131,GBPS : DARYA KHAN LAGHARI,401040187,"24.9332365336237, 69.2588585609746",Tando Bago,Sangi Pharho
3132,GBPS : AMEER BUX KALOI,401040188,"24.8718002444254, 69.3176364996106",Tando Bago,Malkani Shareef
3133,GBPS : H. FAZAL DIN LAGH,401040189,"24.8805140684083, 69.2919141092041",Tando Bago,Malkani Shareef
3134,GBPS : DHANI BUX PITAFI,401040191,"24.915263564262, 69.2537301583944",Tando Bago,Khairpur Gumboh
3135,GBPS : SULTAN MEHAR,401040213,"24.9045548422249, 69.2645126527067",Tando Bago,Gaad @ Hayat Khaskheli
3137,GBPS : CHHUTO KHAN HEESBANI,401040215,"24.8813036517011, 69.2175136479495",Tando Bago,Khairpur Gumboh
3139,GBPS : KHAIR PUR GAMBO,401040220,"24.8822368140512, 69.2491999171107",Tando Bago,Khairpur Gumboh
3140,GBPS : SIRAEE MUHAMMAD HASHIM@SAHIB KHAN P,401040221,"24.939994, 69.2929028",Tando Bago,Khairpur Gumboh
3141,GBPS : SOHRAB JARWAR @ ALLAH DITO LUND,401040331,"24.9561654503419, 69.2881375551224",Tando Bago,Sangi Pharho
3143,GBPS : AZEEM KHOSO @ GHULAM RASOOL ARAIN,401040333,"24.8978377050427, 69.230937316618",Tando Bago,Khairpur Gumboh
3146,GBPS : GHULAM ABASS TALPUR,401040336,"24.9638739114685, 69.273570466055",Tando Bago,Sangi Pharho
3147,GBPS : BAHADUR PANJABI,401040338,"24.9119186141751, 69.2174908962615",Tando Bago,Sangi Pharho
3148,GBPS : KANDRI LAGHARI,401040340,"24.887941389047, 69.285374983517",Tando Bago,Malkani Shareef
3149,GBPS : JARI LAGHARI,401040341,"24.8818280369037, 69.3017524740619",Tando Bago,Malkani Shareef
3150,GBPS : JEO REBRAI,401040342,"24.9038589812772, 69.3224698099456",Tando Bago,Malkani Shareef
3151,GBPS : MUHAMMAD ALI PITAFI,401040344,"24.9222375389149, 69.2516031882955",Tando Bago,Khairpur Gumboh
3152,GBPS : PIR JO KOT AT USMAN KACHHI,401040345,"24.9537275258504, 69.2862747458066",Tando Bago,Sangi Pharho
3153,GBPS : DAUD DARS,401040348,"24.9356, 69.2369",Tando Bago,Bahadur Khan Chandio @ Sangi Pharho
3154,GBPS : YOUSIF KHOSO,401040349,"24.9318793327024, 69.2451239329707",Tando Bago,Sangi Pharho
3155,GBELS : NAZAR ALI CHANDIO,401040423,"24.906251710119, 69.2092953492442",Tando Bago,Khairpur Gumboh
3156,GBPS : HAJI MEHRO LUND,401040424,"0, 0",Tando Bago,Gaad @ Hayat Khaskheli
3157,GBPS : MUBARAK KHAN SIRAEE,401040440,"24.9369772454649, 69.3097615415204",Tando Bago,Khairpur Gumboh
3158,GBPS : UMAID ALI LAGHARI,401040441,"24.8981515502614, 69.2837092269563",Tando Bago,Khairpur Gumboh
3159,GBPS : GHULAM ALI NOTKANI,401040461,"24.891435, 69.2614774",Tando Bago,Khairpur Gumboh
3160,GBPS : BACHAL NOTKANI,401040477,"24.9061057219844, 69.3120414116056",Tando Bago,Khairpur Gumboh
3162,GBPS : PUNHOON KHOSO,401040500,"24.9319, 69.2814",Tando Bago,Gaad @ Hayat Khaskheli
3163,GBPS : ALLAH DITO LAGHARI,401040503,"24.9175, 69.2706",Tando Bago,Gaad @ Hayat Khaskheli
3164,GBPS : JUMOO KHAN JARWAR,401040504,"24.9397, 69.2694",Tando Bago,Gaad @ Hayat Khaskheli
3165,GBPS : JAM KHAN PITAFI,401040508,"24.9150689061258, 69.2602613362632",Tando Bago,Khairpur Gumboh
3166,GBPS : UES RIND @ GHULAM MUHAMMED ARAIN,401040510,"24.934732358104, 69.2770600373033",Tando Bago,Khairpur Gumboh
3167,GBPS : ALLAH BUX PITAFI,401040511,"24.881978905725, 69.2782991897233",Tando Bago,Malkani Shareef
3169,GBPS : HAYAT KHASKHELI,401040552,"24.9598300437601, 69.2918041413407",Tando Bago,Sangi Pharho
3170,GBPS : RAMZAN ARAIN,401040607,"24.8782096388018, 69.2368082087158",Tando Bago,Khairpur Gumboh
3171,GBPS : MUHAMMED MALLAH@ALI MURAD PITAFI,401040609,"24.9109942589239, 69.2750255796006",Tando Bago,Khairpur Gumboh
3172,GBPS : CHOUDHARY MUHAMMAD SHAREEF RAJPUT,401040622,"24.883480203652, 69.2532554301312",Tando Bago,Khairpur Gumboh
3173,GBPS : ALI BAHADUR ARIAN,401040653,"24.9084739673979, 69.2273131056216",Tando Bago,Sangi Pharho
3174,GBPS : MALOOK UNAR,401040654,"24.9464, 69.2164",Tando Bago,Bahadur Khan Chandio @ Sangi Pharho
3175,GBPS : AMANT ALI AWAN @ MADAVE,401040656,"24.8989811983001, 69.2640995979309",Tando Bago,Khairpur Gumboh
3178,GBPS : ASLAM JAT @ GHAZI KHAN KALOI,401040659,"24.897472762645, 69.3104642564674",Tando Bago,Malkani Shareef
3179,GBPS : BAHADUR KALOI,401040660,"24.9476709212221, 69.2969808025745",Tando Bago,Malkani Shareef
3181,GBPS : FAZAL ARAIN,401040662,"24.9214, 69.2297",Tando Bago,Gaad @ Hayat Khaskheli
3182,GBPS : BASAR REBARI,401040663,"24.9029127064644, 69.2822554685877",Tando Bago,Khairpur Gumboh
3183,GBPS : ACHAR MALLAH @ ROOPO RABARI,401040688,"24.8928561921391, 69.2834932901869",Tando Bago,Khairpur Gumboh
3185,GBPS : KIRSHAN THAKER,401040706,"24.8698408112495, 69.2886749466426",Tando Bago,Malkani Shareef
3263,GBPS : SYED ALLAH DINO SHAH,401040081,"24.9377166239855, 69.1687577984525",Tando Bago,Dadha
3264,GBPS : BASHIR WANICH@ NABI BUX CHANDIO,401040082,"24.9306, 69.1867",Tando Bago,Bahadur Khan Chandio @ Sangi Pharho
3265,GBPS : KHUDA BUX HEESBANI,401040089,"24.8910982854975, 69.2197358564946",Tando Bago,Malkani Shareef
3268,GGPS : PIR BUX KHASKHELI,401040130,"24.946423406343, 69.138511898806",Tando Bago,Dadha
3272,GGPS : MUHAMMAD AYOUB CHANDIO,401040161,"24.9077392823632, 69.2044754355015",Tando Bago,Bhadur Khan Chandio
3286,GBPS : URS RIND,401040339,"24.9257782801373, 69.2008522507061",Tando Bago,Sangi Pharho
3292,GBPS : MUHAMMAD USMAN CHANDIO,401040410,"24.956159362055, 69.179605955554",Tando Bago,Dadha
3302,GBPS : HAJI ABDUL RAHIM SHORO,401040421,"24.9350144909775, 69.1356727551251",Tando Bago,Dadha
3304,GBPS : DODO CHANDIO,401040446,"24.8747, 69.1875",Tando Bago,Bahadur Khan Chandio @ Sangi Pharho
3313,GBPS : MALIK BAHAWAL,401040551,"24.9293, 69.1955",Tando Bago,Bahadur Khan Chandio @ Sangi Pharho
3315,GBPS : AMEER BUX JARWAR,401040554,"24.9495, 69.1155",Tando Bago,dadah
3323,GBPS : AHMED KHAN BALOUCH,401040646,"24.9585, 69.1982",Tando Bago,Bahadur Khan Chandio @ Sangi Pharho
3325,GBPS : HAJI ESSO KHAN CHANDIO,401040648,"24.9068667810258, 69.2004435843818",Tando Bago,Bhadur Khan Chandio
3327,GBPS : ABDUL HAKIM CHANDIO,401040650,"24.8948, 69.2043",Tando Bago,Bahadur Khan Chandio @ Sangi Pharho
3328,GBPS : SOBHO CHANDIO,401040651,"24.8814, 69.1956",Tando Bago,Bahadur Khan Chandio @ Sangi Pharho
3332,GBHS : SANGI PHARAHO,401040712,"24.9381674610681, 69.1842234306703",Tando Bago,Sangi Pharho
20414,GBHSS : WALI MUHAMMAD MALKANI,401040746,"24.8739196726993, 69.2550967671611",Tando Bago,Malkani Shareef
21421,GBPS : MUHAMMAD KASKHELI AT MOOSA KACHHI,401040346,"24.9608064427065, 69.2356575119918",Tando Bago,Sangi Pharho
34991,GBPS : MISRI ZANGEJO,401040170,"24.8145062934577, 69.2621826858223",Tando Bago,Dargah Saman Sarkar @ Bukhsho Lund
35156,GGPS : ABDULLAH DETHO,401040151,"24.9480965343419, 69.2338174776377",Tando Bago,Sangi Pharho
35158,GBPS : SULTAN ABAD,401040343,"24.9142442105144, 69.2746970122437",Tando Bago,Khairpur Gumboh
35159,GBPS : SOBDAR JAMALI,401040502,"24.9399833603075, 69.2085939602468",Tando Bago,Sangi Pharho
35161,GBLSS : ABDULLAH DETHO,401040725,"24.9480941136775, 69.233836207636",Tando Bago,Sangi Pharho
35171,GBPS : BAJHEE KHASKHELI,401040414,"24.9464112127074, 69.1385078430176",Tando Bago,Dadha
51692,GGLSS : SANGI PAHRO,401040718,"24.9365905406443, 69.184735715837",Tando Bago,Sangi Pharho
574,GBPS : GHULAM HYDER SHAH,401010502,"24.5979446814879, 68.9022786240023",Badin,Muhammad Khan Bhurgari
671,GBPS : ABDULLAH MANDHRO,401010011,"24.5703551606901, 68.8062170150875",Badin,Pir Fatah Shah
674,GBPS : MUHAMMAD BACHAL JAKHRO,401010028,"24.4291893810655, 68.7484931949773",Badin,Bhugra Memon
675,GBPS : HAJI DARYA KHAN WARAR,401010071,"24.486543216233, 68.7611907711628",Badin,Seerani
676,GBPS : MOOSA SAMEJO,401010080,"24.4988109216365, 68.7542867662509",Badin,Seerani
684,GGPS : HAJI DARYA KHAN,401010195,"24.4865480950201, 68.7611585859457",Badin,Seerani
686,GGPS : SABOO KHAN CHANG,401010207,"24.4643284440703, 68.8522785909968",Badin,Pir Fatah Shah
687,GBPS : HAJI ARAB SHEEDI,401010237,"24.4728950205106, 68.754136562546",Badin,Seerani
689,GBPS : KARAR CHANG,401010241,"24.4591379326164, 68.8330847030876",Badin,Shaheed Dodo Soomro@ Lakho Pir
690,GBPS : ISHAQUE KHASKHELI,401010243,"24.5267370769415, 68.8091164831319",Badin,Pir Fatah Shah
691,GBPS : IBRAHIM LAKHO,401010245,"24.5627027279705, 68.827275038262",Badin,Pir Fatah Shah
697,GBPS : ALLAH BACHAYO MAHIR,401010254,"24.5119608786095, 68.7453389167786",Badin,Seerani
698,GBPS : UMAR MALAH,401010255,"24.506872381902, 68.7877902389566",Badin,Seerani
700,GBPS : SOOMAR CHAWRO,401010262,"24.4762907313837, 68.7849564844372",Badin,Seerani
701,GBPS : AHMED SHAH,401010263,"24.4638059825454, 68.7802451864513",Badin,Seerani
702,GBPS : KHAN MANDHRO,401010282,"24.4562666929115, 68.7777104978758",Badin,Seerani
703,GBPS : PIR ALAM SHAH,401010283,"24.4269450882899, 68.7662896521883",Badin,Bhugra Memon
704,GBPS : MUHAMMAD TALIB BUCHO,401010284,"24.4461851158296, 68.7635779380798",Badin,Bhugra Memon
707,GBPS : SHAFI MUHAMMAD SHAH,401010287,"24.4363908646878, 68.7839198118446",Badin,Bhugra Memon
709,GBPS : RAB DINO TURK,401010306,"24.4432977039761, 68.7743872404099",Badin,Bhugra Memon
711,GBPS : HAJI ISHAQUE JHAKRO,401010307,"24.4315815955354, 68.7518204752106",Badin,Bhugra Memon
718,GBPS : NOOR MUHAMMAD SHAH,401010486,"24.5409162107481, 68.8203844390326",Badin,Pir Fatah Shah
719,GBPS : PIR FATEH SHAH,401010489,"24.5485138715918, 68.7984359272318",Badin,Pir Fatah Shah
721,GBPS : ABDULLAH LUTAR,401010491,"24.5277741563322, 68.8021266462405",Badin,Pir Fatah Shah
722,GBPS : HAJI MANDHRO @ MISRI MANDHRO,401010492,"24.5041486793385, 68.7303990126649",Badin,Seerani
726,GBPS : HAJI PANDHI CHANG,401010530,"24.4821835601587, 68.8720357427991",Badin,Shaheed Dodo Soomro@ Lakho Pir
728,GBPS : MURAD CHAWRO,401010545,"24.4657493382892, 68.7523609399796",Badin,Seerani
733,GBPS : LOUNG PARHIYAR,401010616,"24.5766497060529, 68.8110758373635",Badin,Pir Fatah Shah
737,GBPS : MUHAMMAD UMAR LUTTAR,401010627,"24.5353774839082, 68.8042375447352",Badin,Pir Fatah Shah
738,GBPS : ARBAB MITHA KHAN MANDHRO,401010628,"24.4654246313561, 68.774403333664",Badin,Seerani
742,GBPS : MUHAMMAD ESSA MALLAH,401010641,"24.5205076298131, 68.7867895574394",Badin,Seerani
744,GBPS : MOHSIN SHEEDI,401010671,"24.4862673803079, 68.7801057110227",Badin,Seerani
745,GBPS : SALEH MUHAMMAD WARAR,401010672,"24.4651682781042, 68.7389016157387",Badin,Seerani
746,GBPS : VIKIO MANDHRO,401010740,"24.4811583256509, 68.785582780838",Badin,Seerani
747,GBPS : HBPD SAWAN CHANG,401010741,"24.4386472030583, 68.8444411754608",Badin,Shaheed Dodo Soomro@ Lakho Pir
749,GBPS : ALLAHYO CHAG,401010743,"24.4470787742558, 68.8421398406226",Badin,Shaheed Dodo Soomro@ Lakho Pir
751,GBPS : MUHAMMAD RAHIM RAJO,401010754,"24.5067967346107, 68.7364876270294",Badin,Seerani
752,GBPS : HAJI ABDULLAH CHANG,401010755,"24.4773404248803, 68.8625782738126",Badin,Shaheed Dodo Soomro@ Lakho Pir
753,GBPS : ALI AKBER MANDHRO,401010756,"24.4930897217522, 68.7263005975881",Badin,Seerani
754,GBPS : JARO KHAN,401010757,"24.4646507040422, 68.8605237015086",Badin,Shaheed Dodo Soomro@ Lakho Pir
762,GBLSS : SABOO KHAN CHANG,401010808,"24.4627073388355, 68.8533756142853",Badin,Shaheed Dodo Soomro@ Lakho Pir
784,GBPS : LAKHA DINO RAJO,401010290,"24.4013197250748, 68.7596364321286",Badin,Bhugra Memon
949,GGPS : LAL BUX NOTKANI,401010169,"24.52547061433, 68.8539549422293",Badin,Pir Fatah Shah
951,GBPS : MUHAMMAD KHAN NOTIKANI,401010235,"24.5181070708047, 68.8495575201481",Badin,Pir Fatah Shah
953,GBPS : NANGAR KHASKHELI,401010242,"24.5043073274426, 68.8473312524708",Badin,Pir Fatah Shah
954,GBPS : ABUL WASI,401010267,"24.5847244530862, 68.8945381309694",Badin,Luari Sharif
956,GBPS : ASHRAF ABAD,401010269,"24.5501022142319, 68.8700415135193",Badin,Luari Sharif
958,GBPS : PIR GUL HASSAN SHAH,401010402,"24.5667522247343, 68.9029341158364",Badin,Luari Sharif
959,GBPS : JAN MUHAMMAD LAGHARI @ABDUL SHAKUR,401010403,"24.5961046160688, 68.8830582794258",Badin,Muhammad Khan Bhurgari
961,GBPS : KARIM DINO SOOMRO,401010406,"24.5543069192703, 68.8951416278997",Badin,Luari Sharif
964,GBPS : AHMED BAJIR,401010412,"24.5598362612309, 68.9466252941318",Badin,Luari Sharif
970,GBPS : LAL BUX NOTKANI,401010488,"24.525493758007, 68.8539750855736",Badin,Pir Fatah Shah
971,GBPS : RASOOL BUX GADAHI,401010496,"24.5627033145794, 68.9468532841864",Badin,Luari Sharif
972,GBPS : ALLAH JURIO JUNEJO,401010497,"24.5542691390184, 68.9255136286755",Badin,Luari Sharif
973,GBPS : AMIR BUX KOREJO,401010498,"24.5412662969993, 68.9395227998223",Badin,Luari Sharif
975,GBPS : PIR HASSAN BUX,401010500,"24.5761142466203, 68.8573372330701",Badin,Muhammad Khan Bhurgari
976,GBPS : UMER KHASKHELI,401010501,"24.5410778464818, 68.8634312120827",Badin,Luari Sharif
979,GBPS : SALEH KHASKHELI,401010543,"24.5241418655747, 68.8389936066633",Badin,Pir Fatah Shah
985,GBPS : NOOR MUHAMMAD DASRO,401010654,"24.55204, 68.862428",Badin,Luari Sharif
992,GGLSS : LAL BUX NOTKANI,401010799,"24.5254943890058, 68.8539931925766",Badin,Pir Fatah Shah
993,GBELS : LAL BUX NOTKANI,401010810,"24.5252025450117, 68.8540830386846",Badin,Pir Fatah Shah
995,GBHSS : LUWARI SHARIF,401010819,"24.554649704839, 68.9094606010526",Badin,Luari Sharif
996,GBHS : ANDEHALO MITHO KHAN @ ANDHALO,401010821,"24.5934450297833, 68.8794084647837",Badin,Muhammad Khan Bhurgari
997,GGHS : LUWARI SHARIF,401010824,"24.5601375867757, 68.9045253369882",Badin,Luari Sharif
1001,GBPS : YOUSIF SOOMRO,401010004,"24.6614435058607, 68.907770809135",Badin,Haji Soomar Abro
1010,GGPS : MUHAMMAD IBRAHIM DARS,401010166,"24.6766748853075, 68.941735617521",Badin,Haji Soomar Abro
1011,GGPS : YOUSIF SOOMRO,401010168,"24.661172937177, 68.9076769319188",Badin,Haji Soomar Abro
1020,GBPS : ALLAH BUX KHOSO,401010214,"24.674786006888, 68.9174509017404",Badin,Dr. Abdullah Soomro
1025,GBPS : BACHAL PATHAN,401010273,"24.7332595888847, 68.86824041605",Badin,Zainul Abdin Alias / Jhando Shah Dargah
1033,GBPS : QAIM KHAN KHOSO,401010342,"24.6735185988424, 68.933731911928",Badin,Haji Soomar Abro
1037,GBPS : SOOMRA VILLAGE,401010351,"24.6521280036792, 68.8882282377779",Badin,Haji Soomar Abro
1042,GBPS : MOHAMMAD YOUSIF KHOSO,401010357,"24.6717978323065, 68.9191433787346",Badin,Haji Soomar Abro
1045,GBPS : SIDDIQUE SOOMRO,401010360,"24.6390341845042, 68.8795445857446",Badin,Haji Soomar Abro
1054,GBPS : IBRAHIM DARS,401010520,"24.676765068267, 68.9414513101184",Badin,Haji Soomar Abro
1055,GBPS : BOKHI,401010521,"24.6594982927693, 68.9322191424189",Badin,Haji Soomar Abro
1065,GBPS : MOOSA SOOMRO,401010609,"24.7386098850996, 68.850114044846",Badin,Zainul Abdin Alias / Jhando Shah Dargah
1068,GBPS : HAJI YOUSIF SOOMRO,401010646,"24.6247040196164, 68.8576966529089",Badin,Haji Soomar Abro
1073,GBPS : HUSSAIN BUX BHURGRI,401010694,"24.6631644026451, 68.9250791066887",Badin,Haji Soomar Abro
1080,GBPS : RAZA MUHAMMAD KHASKHELI,401010702,"24.5970703902101, 68.8676932452123",Badin,Muhammad Khan Bhurgari
1081,GBPS : HASHIM CHANDIO @ LAKHO REBARI,401010720,"24.6640857945937, 68.9453566068413",Badin,Haji Soomar Abro
1084,GBPS : M RAMZAN KHOSO,401010778,"24.6690655294411, 68.9205729944513",Badin,Haji Soomar Abro
1224,GBPS : CHAK NO. 4,401020227,"24.4516435181254, 68.7227466704447","Shaheed Fazal Rahu, Golarchi",Muhammad Shah @ Mureed Chang
1283,GBPS : GUL MALLAH,401010014,"24.5611756225003, 68.7815031365568",Badin,Pir Fatah Shah
1289,GBPS : KARIMDINO MOSEPOTO,401010022,"24.5226614916236, 68.7613704757666",Badin,Pir Fatah Shah
1294,GBPS : SAHLO MANDHRO,401010069,"24.5308283593024, 68.7854513477705",Badin,Pir Fatah Shah
1309,GBPS : MEHAR MUJAWER @ ABDUL GHAFOOR MALLA,401010238,"24.5465266408591, 68.7826967221472",Badin,Pir Fatah Shah
1343,GBPS : ABDUL LATIF JAT,401010725,"24.5408210630829, 68.7775763868293",Badin,Pir Fatah Shah
2474,GBPS : MUHAMMAD BUX NIZAMANI,401050002,"24.7453259185692, 68.8235226279495",Talhar,Peeru Lashari
2477,GBPS : REHMATULLAH SOOMRO,401050011,"24.743700723065, 68.846935919072",Talhar,Peeru Lashari
2478,GBPS : MUHAMMAD KHAN ARISAR,401050012,"24.7855218599799, 68.8359010253339",Talhar,Peeru Lashari
2485,GBPS : ALI MUHAMMAD OTHO,401050019,"24.7791538097921, 68.8746991752585",Talhar,Peeru Lashari
2486,GBPS : NIM MALLAH,401050020,"24.7789078542796, 68.8768288070665",Talhar,Peeru Lashari
2487,GBPS : MUHAMMAD KHAN PATHAN,401050021,"24.7480358442649, 68.8625729082525",Talhar,Pir Bahadur Shah Siqiqui
2490,GBPS : ABDULLAH UMRANI,401050026,"24.7375974880235, 68.8652795866844",Talhar,Pir Bahadur Shah Siqiqui
2494,GGPS : MUHAMMAD BUX NIZAMANI,401050051,"24.7474110602757, 68.8244211677709",Talhar,Peeru Lashari
2496,GGPS : GHULAM MUHAMMAD TURK,401050054,"24.7726247351681, 68.8681894542773",Talhar,Peeru Lashari
2498,GGPS : MUHAMMAD KHAN ARISER,401050056,"24.7855364603102, 68.8359975785027",Talhar,Peeru Lashari
2505,GBPS : UMER SOOMRO,401050089,"24.731300307412, 68.850021490801",Talhar,Peeru Lashari
2508,GBPS : MOTARO SHAH,401050092,"24.7738424102674, 68.8321083766195",Talhar,Peeru Lashari
2518,GBPS : UMER CHANDIO,401050111,"24.7712669994153, 68.8593193909519",Talhar,Peeru Lashari
2519,GBPS : UMER SOOMRO,401050112,"24.7418693011802, 68.8236433271566",Talhar,Peeru Lashari
2524,GBPS : MUHAMMAD JAFAR TURK,401050126,"24.773905732278, 68.8726204634706",Talhar,Peeru Lashari
2525,GBPS : DARYA KHAN PATHAN,401050127,"24.7407585144923, 68.8714376074082",Talhar,Pir Bahadur Shah Siqiqui
2526,GBPS : AYOOB SOOMRO,401050128,"24.7418406670479, 68.8473446680601",Talhar,Peeru Lashari
2546,GBPS : BAIG PUR,401050153,"24.7702915860497, 68.8700079917908",Talhar,Peeru Lashari
2547,GBPS : DHANI BUX CHANDIO,401050154,"24.780402793813, 68.8508381204607",Talhar,Peeru Lashari
2551,GBPS : ABDUL REHMAN PATHAN,401050160,"24.7577058599636, 68.8603493571778",Talhar,Peeru Lashari
2554,GBPS : ALI MURADAREE,401050268,"24.752132, 68.846081",Talhar,Peeru Lashari
2556,GBPS : BACHAL MALLAH,401050270,"24.7267238035996, 68.8616663214069",Talhar,Pir Bahadur Shah Siqiqui
21186,GBPS : PORHO LANGHAR,901000039,"24.7505532938948, 68.8392806058127",Talhar,Pir Ali Bahadur Shah @ Chaneri
34248,GBPS : SABOO KHAN CHANG,401010029,"24.464325998474, 68.8522490854067",Badin,Shaheed Dodo Soomro@ Lakho Pir
34249,GBPS : YOUSIF WARAR,401010239,"24.4770425994658, 68.7304821618395",Badin,Seerani
34250,GBELS : QADIR BUX MANDHRO @ HAROON MANDHARO,401010260,"24.4738812786715, 68.779459297657",Badin,Seerani
34251,GBPS : GHULAM ALI CHANDIO,401010487,"24.5446126016031, 68.8430303343134",Badin,Pir Fatah Shah
34252,GBPS : MIR MUHAMMAD LUTAR,401010602,"24.5265784688817, 68.7892681360245",Badin,Pir Fatah Shah
34253,GBPS : QAISAR KHAN CHANDIO,401010658,"24.5553206148666, 68.8159963483614",Badin,Pir Fatah Shah
34365,GBPS : ALLAH BUX DANANI,401010748,"24.5597069360486, 68.8827914001519",Badin,Luari Sharif
34371,GBPS : IBRAHIM SOOMRO,401010573,"24.6702379193504, 68.9057108752929",Badin,Haji Soomar Abro
34372,GBPS : MUHAMMAD YOUSIF MEMON,401010698,"24.5982312581801, 68.8626748319468",Badin,Muhammad Khan Bhurgari
34484,GBPS : HAJI AHMED BROHI @ ISHAQUE MALLAH,401010117,"24.5535518702082, 68.7830708842606",Badin,Pir Fatah Shah
34994,GBPS : AHMED KHAN CHANDIO,401050023,"24.7712901290303, 68.838068246047",Talhar,Peeru Lashari
35060,GBPS : SHAH GURIO,401050156,"24.7587471250217, 68.8425260790186",Talhar,Peeru Lashari
717,GBPS : AMIR BUX CHANG,401010485,"24.5778900449821, 68.8374996191261",Badin,Qazia Wah Stop
969,GBPS : SULEMAN CHANG,401010484,"24.5804413849123, 68.8543345029546",Badin,Qazia Wah Stop
1132,GBPS : MISRI NOHANI,401020531,"24.7915413714769, 68.6723935596151","Shaheed Fazal Rahu, Golarchi",Terai
1146,GBPS : KARIO GANHWAR,401020014,"24.8066627581685, 68.6043287268768","Shaheed Fazal Rahu, Golarchi",KARIO GANHWAR-Tc
1176,GBPS : GHARIBABAD,401020500,"24.8020788613892, 68.6021867576008","Shaheed Fazal Rahu, Golarchi",KARIO GANHWAR-Tc
1178,GBHSS : KARIO GANHWAR,401020567,"24.8016905218691, 68.6021742151724","Shaheed Fazal Rahu, Golarchi",KARIO GANHWAR-Tc
1470,GBLSS : MANHEE JAT,401020544,"24.7771995077954, 68.6508701768703","Shaheed Fazal Rahu, Golarchi",Rahuki
1509,GBPS : PORHO KHASKHELI,401020310,"24.7489257313449, 68.6551897116498","Shaheed Fazal Rahu, Golarchi",Tarai
1554,GBPS : HAJI KHAN NIZAMANI,401020046,"24.7823756202273, 68.6660313593849","Shaheed Fazal Rahu, Golarchi",Rahuki
1556,GBPS : MISRI SHAH JO DHER,401020048,"24.7596487845622, 68.6574948469655","Shaheed Fazal Rahu, Golarchi",Rahuki
1557,GBPS : HAJI MISRI SAMEJO,401020049,"24.7320756184412, 68.6683159271503","Shaheed Fazal Rahu, Golarchi",Rahuki
1560,GBPS : MITHOO HAJJAM,401020073,"24.6856766331608, 68.6476246639277","Shaheed Fazal Rahu, Golarchi",Tarai
1563,GBPS : USMAN ABAD,401020079,"24.7430008086684, 68.6561769180331","Shaheed Fazal Rahu, Golarchi",Tarai
1566,GGPS : MITHO HAJAM,401020098,"24.6861932600678, 68.6473417321821","Shaheed Fazal Rahu, Golarchi",Tarai
1568,GGPS : HAJI KHAN NIZAMANI,401020118,"24.7823774553781, 68.6661071356522","Shaheed Fazal Rahu, Golarchi",Rahuki
1570,GGPS : IRSHAD NIZAMANI,401020130,"24.7905101397099, 68.6675038940109","Shaheed Fazal Rahu, Golarchi",Rahuki
1571,GGPS : IQBAL GUJAR,401020133,"24.8018751260391, 68.6161275188933","Shaheed Fazal Rahu, Golarchi",KARIO GANHWAR-Tc
1572,GGPS : MANSOOR NIZAMANI,401020134,"24.7902854977477, 68.6655230824151","Shaheed Fazal Rahu, Golarchi",Rahuki
1574,GGPS : ALI MUHAMMAD NOTKANI@ MISSRI SAMEJO,401020138,"24.732043403654, 68.6681154462451","Shaheed Fazal Rahu, Golarchi",Rahuki
1578,GBPS : SALEH SAMEJO,401020297,"24.7136293004833, 68.6410988887936","Shaheed Fazal Rahu, Golarchi",Tarai
1579,GBPS : ABDULLAH SAMOON,401020298,"24.7219060063863, 68.645564756477","Shaheed Fazal Rahu, Golarchi",Tarai
1580,GBPS : MIR OTHO @ HADI BUX NOOHANI,401020299,"24.7503827752851, 68.6339856687385","Shaheed Fazal Rahu, Golarchi",Tarai
1581,GBPS : HAJI RUSTAM MAHERI,401020355,"24.7642990769293, 68.6537669584758","Shaheed Fazal Rahu, Golarchi",Rahuki
1582,GBPS : HAJI MUHAMMAD BUX NIZAMANI,401020356,"24.7798107381034, 68.6277193611843","Shaheed Fazal Rahu, Golarchi",Rahuki
1585,GBPS : RAMZAN SARKI,401020381,"24.7216562604366, 68.6345261341728","Shaheed Fazal Rahu, Golarchi",Tarai
1593,GBPS : DAIM KHASKHELI,401020422,"24.7867454944047, 68.6361904437544","Shaheed Fazal Rahu, Golarchi",Rahuki
1595,GBPS : ALI MUHAMMAD NOTKANI,401020424,"24.7879150062783, 68.6151565653463","Shaheed Fazal Rahu, Golarchi",Rahuki
1596,GBPS : MIRAN PATEL SAMEJO,401020425,"24.7013400049115, 68.6442987597001","Shaheed Fazal Rahu, Golarchi",Tarai
1598,GBPS : JUMOON SAMEJO,401020427,"24.6782, 68.6442","Shaheed Fazal Rahu, Golarchi",Tarai
1603,GBPS : MISRI PANHWAR,401020452,"24.7907231944242, 68.6479975275203","Shaheed Fazal Rahu, Golarchi",Rahuki
1607,GBPS : ALLAH JURIO MEMON,401020461,"24.7089145286683, 68.6431990617884","Shaheed Fazal Rahu, Golarchi",Tarai
1608,GBPS : ALLAN KHAN NIZAMANI,401020462,"24.7738130025151, 68.6668790524239","Shaheed Fazal Rahu, Golarchi",Rahuki
1609,GBPS : GHULAM MUHAMMAD CHANG,401020463,"24.8072389006343, 68.6735549561187","Shaheed Fazal Rahu, Golarchi",Rahuki
1611,GBPS : MUHAMMAD URIS JUNEJO,401020465,"24.7191710894357, 68.6655217442496","Shaheed Fazal Rahu, Golarchi",Tarai
1612,GBPS : HAJI SAEED KHAN NOTKANI,401020466,"24.7834166599771, 68.6191979856064","Shaheed Fazal Rahu, Golarchi",Rahuki
1613,GBPS : HUSSAIN SAMEJO,401020467,"24.6864, 68.6553","Shaheed Fazal Rahu, Golarchi",Tarai
1614,GBPS : NIM RAHOOJO,401020468,"24.7462125838139, 68.6286802631199","Shaheed Fazal Rahu, Golarchi",Rahuki
1617,GBPS : JUMOO BHAI,401020473,"24.7374028254497, 68.6488155977747","Shaheed Fazal Rahu, Golarchi",Rahuki
1621,GBPS : MUHAMMAD KHAN NOTKANI,401020478,"24.786602, 68.6197","Shaheed Fazal Rahu, Golarchi",Rahuki
1623,GBPS : HAJI LEEMON NOTKANI,401020526,"24.794902, 68.622533","Shaheed Fazal Rahu, Golarchi",Rahuki
1624,GBELS : SALEH MUHAMMAD NIZAMANI,401020543,"24.7905101466794, 68.6673523398284","Shaheed Fazal Rahu, Golarchi",Rahuki
1625,GGPS : SACHE DINO RAHEJO,401020548,"24.7388948864794, 68.6376763892962","Shaheed Fazal Rahu, Golarchi",Tarai
1626,GBLSS : HAJI MISRI SAMEJO,401020552,"24.732198035081, 68.6680403399444","Shaheed Fazal Rahu, Golarchi",Tarai
1627,GBELS : MUHAMMAD LAIQUE NIZAMANI,401020556,"24.7771909944807, 68.6509385809847","Shaheed Fazal Rahu, Golarchi",Rahuki
1628,GBELS : GHULAM ALI NIZAMANI,401020564,"24.8004933805839, 68.6323803658488","Shaheed Fazal Rahu, Golarchi",Rahuki
1630,GBPS : CHAK NO. 11,401020042,"24.755031237667, 68.5694705167963","Shaheed Fazal Rahu, Golarchi",Rahuki
1631,GBPS : CHAK NO. 12,401020043,"24.754627, 68.559902","Shaheed Fazal Rahu, Golarchi",Rahuki
1632,GGPS : RAHOOKI,401020101,"24.7557152333381, 68.5716851455353","Shaheed Fazal Rahu, Golarchi",Rahuki
1635,GBPS : FAQEER MUHAMMAD NOONDANI,401020234,"24.7938636216272, 68.5595774214537","Shaheed Fazal Rahu, Golarchi",KARIO GANHWAR-Tc
1636,GBPS : SAMAAN VILLAGE,401020236,"24.8039374039341, 68.5608887672424","Shaheed Fazal Rahu, Golarchi",KARIO GANHWAR-Tc
1637,GBPS : HAJI ARAB MALLAH,401020237,"24.789543, 68.564108","Shaheed Fazal Rahu, Golarchi",Kario Ghanwar
1638,GBPS : HAJI ABDUL REHMAN,401020238,"24.7580498487258, 68.5500778675908","Shaheed Fazal Rahu, Golarchi",Rahuki
1655,GBPS : KARAM ALI NOHANI,401020257,"24.7527941624227, 68.6181522287874","Shaheed Fazal Rahu, Golarchi",Rahuki
1656,GBPS : ALLAH BACHAYO SAMOON,401020290,"24.7732250264722, 68.5915665310864","Shaheed Fazal Rahu, Golarchi",Rahuki
1661,GBPS : DATOO MALLAH@ALLAH DINO MACHHI,401020319,"24.750345026859, 68.5889057774154","Shaheed Fazal Rahu, Golarchi",Rahuki
1662,GBPS : RAMZAN MALLAH @ HAJI MUHAMMAD MALLA,401020323,"24.7943750700629, 68.5701940260178","Shaheed Fazal Rahu, Golarchi",Kario Ghanwar
1666,GBPS : AZEEM NIZAMANI,401020437,"24.7920283509229, 68.5924402617313","Shaheed Fazal Rahu, Golarchi",Kario Ghanwar
1669,GBPS : SIDDIQUE RAGHE@DARYA KHAN NOOHANI,401020482,"24.7528830922253, 68.6232655544088","Shaheed Fazal Rahu, Golarchi",Rahuki
1673,GBPS : HAJI MEHRAB CHANDIO,401020488,"24.7631835676839, 68.6027506760068","Shaheed Fazal Rahu, Golarchi",Rahuki
1675,GBPS : HARSAN KOLHI,401020490,"24.7783, 68.5575","Shaheed Fazal Rahu, Golarchi",Rahooki
1676,GBPS : H SOOMAR PHANWER,401020537,"24.7866127662842, 68.5802167666737","Shaheed Fazal Rahu, Golarchi",Rahuki
1677,GBLSS : CHACK NO.11,401020541,"24.7559448404415, 68.5722042801503","Shaheed Fazal Rahu, Golarchi",Rahuki
1678,GGLSS : RAHOOKI,401020545,"24.7557126882678, 68.5717445503238","Shaheed Fazal Rahu, Golarchi",Rahuki
1693,GBPS : NOOR MUHAMMAD SAMEJO,401020070,"24.7308495875272, 68.6704891929027","Shaheed Fazal Rahu, Golarchi",Gharo
1695,GGPS : AHMED CHANG,401020127,"24.7873798584201, 68.6878256495547","Shaheed Fazal Rahu, Golarchi",Gharo
1712,GBPS : YOUSIF HAJAM,401020172,"0, 0","Shaheed Fazal Rahu, Golarchi",Terai
1715,GBPS : GOHRAM NOHANI,401020176,"24.7765494541159, 68.6741879421526","Shaheed Fazal Rahu, Golarchi",Gharo
1716,GBPS : SIDDIQUE MANGRIO,401020178,"24.7677952725091, 68.6762908092144","Shaheed Fazal Rahu, Golarchi",Gharo
2074,GBPS : KHAIR MUHAMMAD NOTKANI,401030067,"25.0515293211917, 68.6378869571608",Matli,Matli-Mc
2078,GGPS : KHAIR MUHAMMAD NOTKANI,401030196,"25.0519752217028, 68.6377079050933",Matli,Matli-Mc
2079,GBPS : TAJ MUHAMMAD NIZAMANI,401030423,"25.0574581260524, 68.6557920326368",Matli,Matli-Mc
2082,GBPS : MIR MUHAMMAD NOTKANI,401030463,"25.0573572908321, 68.6298255623976",Matli,Matli-Mc
2086,GBPS : NIZAMANI MOHALLA,401030491,"25.0440675269695, 68.6487069703749",Matli,Matli-Mc
2094,GBPS : HAJI AHMED ALI NIZAMANI,401030071,"25.0175609087497, 68.6993269663631",Matli,Matli-Mc
2097,GBPS : QASIM ALI SHAH,401030478,"25.0229274445183, 68.6953753904935",Matli,Matli-Mc
2098,GBPS : SHER MUHAMMAD NIZAMANI,401030479,"25.037765656666, 68.6766971443595",Matli,Matli-Mc
2099,GBPS : MUHAMMAD THEBO,401030481,"25.0322989127766, 68.6900049592583",Matli,Matli-Mc
2102,GBPS : ALI MUHAMMAD MOHANDO,401030496,"25.0123885708494, 68.7005124951221",Matli,Matli-Mc
2103,GBPS : BACHAL DETHO,401030497,"25.0234, 68.6912",Matli,MC - Matli
2104,GBPS : DOMANI SYED,401030498,"0, 0",Matli,MC - Matli
2105,GBPS : ISMAIL ODHEJO,401030593,"25.0381934091553, 68.6691963686936",Matli,Matli-Mc
2108,GBPS : PAROO KHOSO,401030001,"25.0673576983728, 68.766765676254",Matli,Phalkara
2112,GBPS : NABI BUX MUHAJIR,401030045,"25.1050543319259, 68.7671102910285",Matli,Nabi Bux Lamboh
2118,GBPS : ISMAIL WADHO,401030078,"25.0248471644457, 68.7039678343377",Matli,Malhan
2121,GGPS : PARHO KHOSO,401030124,"25.0679447153652, 68.7667388359883",Matli,Phalkara
2128,GGPS : ISMAIL WADHO,401030175,"25.0263861030491, 68.7047472577926",Matli,Malhan
2131,GGELS : NABI BUX MUHAJIR,401030193,"25.1065176919045, 68.7702542470589",Matli,Nabi Bux Lamboh
2134,GBPS : ABDULLAH WARYA,401030261,"25.008617658072, 68.7343067257857",Matli,Malhan
2135,GBPS : KARAM KHAN NIZAMANI,401030361,"25.0646622809453, 68.7436567137892",Matli,Malhan
2139,GBPS : DERO MUHABAT,401030369,"25.0909575098595, 68.7546481391902",Matli,Phalkara
2140,GBPS : MIR MUHAMMAD NIZAMANI,401030372,"25.0739500583275, 68.7422825759471",Matli,Malhan
2145,GBPS : LOUNG KHAN ODHEJO,401030472,"25.0478190116327, 68.678103430952",Matli,Malhan
2148,GBPS : MUHAMMAD ISMAIL SOOMRO,401030477,"25.0186876763012, 68.711305309736",Matli,Malhan
2150,GBPS : HAJI AHMED VARIAM,401030482,"25.0032356672016, 68.725194111462",Matli,Malhan
2151,GBPS : DIN MUHAMMAD VARIAM,401030483,"25.0062501491274, 68.7289407213099",Matli,Malhan
2152,GBPS : ADAM DANGNOON,401030499,"25.010874685371, 68.7145518057436",Matli,Malhan
2153,GBPS : MIR QADIR BUX TALPUR,401030503,"25.0875373896253, 68.7632612029902",Matli,Phalkara
2156,GBPS : BUDHO TALPUR,401030532,"25.0369, 68.7469",Matli,Phalkara
2157,GBPS : GHULAM SHAH NIZAMANI,401030568,"25.060502354868, 68.7228443491718",Matli,Malhan
2167,GBPS : REHMATULLAH JAHEJO,401030055,"25.0738896501597, 68.6207194771736",Matli,Ghulam Muhammad Halepoto
2168,GBPS : ALUDO LAGHARI,401030060,"25.090546439849, 68.6046112201707",Matli,Ghulam Muhammad Halepoto
2169,GBPS : URS LAGHARI,401030061,"25.0955657653244, 68.594267926201",Matli,Ghulam Muhammad Halepoto
2173,GBPS : RASGAN,401030077,"25.0952960298094, 68.6132261048231",Matli,Ghulam Muhammad Halepoto
2175,GBPS : SODHO LAGHARI,401030088,"25.0951887149878, 68.5873754685952",Matli,Ghulam Muhammad Halepoto
2179,GGPS : RASGAN,401030123,"25.0953690122184, 68.6109307481036",Matli,Ghulam Muhammad Halepoto
2185,GGPS : ALOODO LAGHARI,401030194,"25.0925073787673, 68.6067292022843",Matli,Ghulam Muhammad Halepoto
2186,GGPS : URS LAGHARI,401030195,"25.0957092963891, 68.5941693331987",Matli,Ghulam Muhammad Halepoto
2194,GBPS : LAL BUX PUSIO,401030365,"25.1168874435386, 68.7601901808843",Matli,Phalkara
2196,GBPS : GIANDAR KHOSO AT KHAN MUHAMMAD ERI,401030371,"25.1229957357429, 68.757235909391",Matli,Phalkara
2198,GBPS : AHMED KHAN LAGHARI,401030426,"25.0927819178774, 68.5861716692115",Matli,Ghulam Muhammad Halepoto
2208,GBPS : MERRANI MORI@WALI MOHD MAGSI,401030457,"25.0830968454773, 68.6054308657858",Matli,Ghulam Muhammad Halepoto
2209,GBPS : HAJI NABI BUX MAGSI,401030458,"25.0927655226784, 68.6086794006937",Matli,Ghulam Muhammad Halepoto
2217,GBPS : HAJI FAJOO KHAN AT BAHADUR MAGSI,401030523,"25.0876852401357, 68.6044774059132",Matli,Ghulam Muhammad Halepoto
2218,GBPS : BUDHO KHASKHELI,401030531,"25.1064217580928, 68.739882773013",Matli,Phalkara
2220,GBPS : ALLAH BACHAYO KORAI,401030547,"25.1028701870054, 68.7363186315132",Matli,Phalkara
2222,GBPS : MUREED PARHIAR,401030549,"25.1262582352319, 68.7611171930258",Matli,Phalkara
2223,GBPS : MUHAMMED HASSAN LAGHARI,401030550,"25.0938647794541, 68.6007132035784",Matli,Ghulam Muhammad Halepoto
2224,GBPS : HUMZO LAGHARI,401030552,"25.0838183825411, 68.6048574999456",Matli,Ghulam Muhammad Halepoto
2225,GBPS : QABOOL JUAHEJO,401030596,"25.0665010495261, 68.640140565804",Matli,Ghulam Muhammad Halepoto
21015,GBPS : SAHIB BABER,401020576,"24.7775258375559, 68.6442960798741","Shaheed Fazal Rahu, Golarchi",Tarai
21275,GBPS : ABDULLAH NOOHANI,401020483,"24.7464165824808, 68.5939858856639","Shaheed Fazal Rahu, Golarchi",Dadhako
21284,GBPS : RAMZAN JAT,401030070,"25.0543675193093, 68.7204201374466",Matli,Malhan
34504,GBPS : DODO DIYANG,401020449,"24.7625838265719, 68.6425821530796","Shaheed Fazal Rahu, Golarchi",Rahuki
34507,GGPS : CHAK NO. 12,401020112,"24.7548853234625, 68.5609719158212","Shaheed Fazal Rahu, Golarchi",Rahuki
34899,GGPS : AHMED SOOMRO,401030166,"25.0573424701978, 68.7165787052778",Matli,Malhan
34900,GBPS : MUBARK DASTI,401030364,"25.1165447877531, 68.7862514468379",Matli,Nabi Bux Lamboh
34968,GGPS : RAHMATULLAH JAHEJO,401030201,"25.0734774187947, 68.6200715819463",Matli,Ghulam Muhammad Halepoto
50514,GBPS : GULAB MANGRIO,911118146,"0, 0",Matli,Malhan
50725,GBPS : VEERO MAHARAJ,401020578,"24.801899, 68.616127","Shaheed Fazal Rahu, Golarchi",KARIO GANHWAR-Tc
1127,GBPS : HAJI PUNHOON JAT,401020458,"24.5997400042494, 68.7133921540457","Shaheed Fazal Rahu, Golarchi",Fateh Abad
1129,GBPS : HAJI HANIF JAT,401020528,"24.6452642324228, 68.7061840037591","Shaheed Fazal Rahu, Golarchi",Fateh Abad
1130,GBPS : MUHAMMAD HASSAN PARHIYAR,401020529,"24.5422434971689, 68.6536690579856","Shaheed Fazal Rahu, Golarchi",Fateh Abad
1131,GBPS : ALI MUHAMMAD BHATTI,401020530,"24.5341623474814, 68.6896106589837","Shaheed Fazal Rahu, Golarchi",Fateh Abad
1134,GBPS : MUREED JAT,401020533,"24.6056643930043, 68.7005299295993","Shaheed Fazal Rahu, Golarchi",Fateh Abad
1138,GBLSS : MATARO MANDHRO,401020551,"24.574577581811, 68.6680322895444","Shaheed Fazal Rahu, Golarchi",Fateh Abad
1140,GBHS : FATEH ABAD,401020568,"24.6112975663411, 68.6847907420954","Shaheed Fazal Rahu, Golarchi",Fateh Abad
1241,GBPS : MUHAMMAD USMAN NOHERIO,401020495,"24.5394839667243, 68.6549887061119","Shaheed Fazal Rahu, Golarchi",Muhammad Shah @ Mureed Chang
1679,GBPS : PUNHOON KHAN CHANDIO @ KANDERO THEM,401010723,"24.5578138769434, 68.7182378764949","Shaheed Fazal Rahu, Golarchi",Fateh Abad
1680,GBPS : JALALUDDIN RAHEMOON,401020001,"24.5630100372872, 68.7181694825484","Shaheed Fazal Rahu, Golarchi",Fateh Abad
1681,GBPS : URS BHATTI,401020002,"24.5961754028645, 68.6770538904297","Shaheed Fazal Rahu, Golarchi",Fateh Abad
1682,GBPS : BAJHI CHANG,401020003,"24.6052852444927, 68.6758965219072","Shaheed Fazal Rahu, Golarchi",Fateh Abad
1684,GBPS : MUHAMMAD KHASKHELI,401020005,"24.5130956949776, 68.6896347996594","Shaheed Fazal Rahu, Golarchi",Fateh Abad
1685,GBPS : RAMZAN ABRO,401020006,"24.6313981196762, 68.7086315453549","Shaheed Fazal Rahu, Golarchi",Fateh Abad
1686,GBPS : BASSAR BHATTI,401020015,"24.5530200173134, 68.647808432877","Shaheed Fazal Rahu, Golarchi",Fateh Abad
1687,GBPS : MATARO MANDHARO,401020055,"24.5745941077044, 68.6680269209555","Shaheed Fazal Rahu, Golarchi",Fateh Abad
1688,GBPS : HASSAN SHAH JO DARO,401020056,"24.5838926475293, 68.7292223927929","Shaheed Fazal Rahu, Golarchi",Fateh Abad
1690,GBPS : PATHAN KOT,401020059,"24.6592716306595, 68.7105667511649","Shaheed Fazal Rahu, Golarchi",Fateh Abad
1694,GGPS : RAMZAN ABRO,401020125,"24.631531436235, 68.7082627446442","Shaheed Fazal Rahu, Golarchi",Fateh Abad
1696,GGPS : MUHAMMAD SALEH NOHERIO,401020135,"24.5676767308726, 68.6516936121882","Shaheed Fazal Rahu, Golarchi",Fateh Abad
1697,GGPS : HAJI RABDINO JAT,401020142,"24.6592776831718, 68.7105064100522","Shaheed Fazal Rahu, Golarchi",Fateh Abad
1698,GGPS : QAMER U DIN SOOMRO,401020143,"24.6641174789846, 68.7036131299543","Shaheed Fazal Rahu, Golarchi",Fateh Abad
1699,GGPS : HASSAN SHAH JO DARO,401020144,"24.5839166973708, 68.729320337372","Shaheed Fazal Rahu, Golarchi",Fateh Abad
1703,GBPS : ALLAH DAD PANHWAR,401020163,"24.575225166185, 68.6944748415565","Shaheed Fazal Rahu, Golarchi",Fateh Abad
1706,GBPS : AHMED KHAN JAMALI,401020166,"24.6199364759792, 68.7242031584021","Shaheed Fazal Rahu, Golarchi",Fateh Abad
1710,GBPS : QAMAR DIN SOOMRO,401020170,"24.6642053475936, 68.7035474126556","Shaheed Fazal Rahu, Golarchi",Fateh Abad
1717,GBPS : CHAK NO. 2,401020193,"24.5807219190489, 68.6357948192951","Shaheed Fazal Rahu, Golarchi",Fateh Abad
1718,GBPS : KHALIFO DAWOOD BHATTI,401020337,"24.5681011810074, 68.6642718318104","Shaheed Fazal Rahu, Golarchi",Fateh Abad
1719,GBPS : CHAK NO. 4,401020338,"24.5460789512633, 68.6546802512808","Shaheed Fazal Rahu, Golarchi",Fateh Abad
1720,GBPS : MUHAMMAD ALI MANDHRO,401020339,"24.5544972411278, 68.6834321888794","Shaheed Fazal Rahu, Golarchi",Fateh Abad
1724,GBPS : HAJI MIR MUHAMMAD NOHRIO,401020343,"24.5768241187969, 68.6600044370691","Shaheed Fazal Rahu, Golarchi",Fateh Abad
1728,GBPS : GHULAM SHAH,401020405,"24.5924084862102, 68.698229936809","Shaheed Fazal Rahu, Golarchi",Fateh Abad
1730,GBPS : ABDULLAH MANDHRO,401020407,"24.5489603318121, 68.6717659243938","Shaheed Fazal Rahu, Golarchi",Fateh Abad
1830,GBPS : TALHAR (SINDHI MEDIUM),401050005,"24.8851762225863, 68.8141590348882",Talhar,Talhar-Tc
1831,GBPS : GHARIBABAD TALHAR,401050006,"24.8816600683207, 68.8171684742967",Talhar,Talhar-Tc
1832,GBPS : WASI ADIL,401050029,"24.8957697014614, 68.8253545765081",Talhar,Talhar-Tc
1834,GGPS : GHARIBABAD TALHAR,401050046,"24.8817379835745, 68.8171496924779",Talhar,Talhar-Tc
1835,GGPS : WASI ADIL,401050062,"24.8944085096421, 68.8247738812853",Talhar,Talhar-Tc
1841,GGPS : JATTOI MOHULLAH,401050088,"24.8871518653945, 68.8095764912065",Talhar,Talhar-Tc
1843,GBPS : SAIFAL MORI,401050101,"24.886178574643, 68.8347262110324",Talhar,Talhar-Tc
1844,GBPS : YAR MUHAMMAD UMRANI,401050105,"24.8763519540166, 68.8456159810232",Talhar,Talhar-Tc
1848,GBPS : PHOTO MACHHI,401050135,"24.8873368221923, 68.8205400104326",Talhar,Talhar-Tc
1852,GBPS : ZUBAIR AHMED MALLAH,401050187,"24.8979422935429, 68.8117785754799",Talhar,Talhar-Tc
1857,GBPS : GHULAM RASOOL MALLAH,401050250,"24.8872345411657, 68.8394267834234",Talhar,Talhar-Tc
2470,GBHS : S.A.B TALHAR,401050298,"24.8811954108293, 68.8244064040023",Talhar,Talhar-Tc
2476,GBPS : GULAN KHASKHELI,401050010,"24.8310784829805, 68.8568396869301",Talhar,Pir Bahadur Shah Siqiqui
2499,GGPS : MITHO KHAN BABAR,401050064,"24.8861761498563, 68.8346162478116",Talhar,Haji Muhammad Ashraf Thebo
2567,GBPS : CHANRI,401050009,"24.8568069922077, 68.8535767670514",Talhar,Pir Bahadur Shah Siqiqui
2569,GBPS : CHAKAR KALOI,401050034,"24.8863756206261, 68.9362826898709",Talhar,Mir Sahib Ahsan Khan Talpur
2570,GBPS : SOONHARO KHASKHELI,401050038,"24.8525964617692, 68.9249932738155",Talhar,Mir Sahib Ahsan Khan Talpur
2573,GGPS : CHANRI (CMS),401050045,"24.8532586508006, 68.8539201005305",Talhar,Pir Bahadur Shah Siqiqui
2580,GGPS : JUMAN KHASKHELI,401050075,"24.8527023520601, 68.9250086156019",Talhar,Unerpur
2583,GBPS : AHMED KHAN NIZAMANI,401050106,"24.8569188593166, 68.8638550048071",Talhar,Pir Bahadur Shah Siqiqui
2585,GBPS : MUHAMMAD HASHIM MACHHI,401050119,"24.8406994503382, 68.8769146762304",Talhar,Pir Bahadur Shah Siqiqui
2586,GBPS : ARAB GAHO,401050120,"24.833473, 68.861868",Talhar,Pir Bahadur Shah Siqiqui
2587,GBPS : ALLAH VARAYO KHASKHELI,401050121,"24.8173498426765, 68.861403458518",Talhar,Pir Bahadur Shah Siqiqui
2588,GBPS : RAMZAN KHAN NIZAMANI,401050122,"24.8187569978007, 68.8671997198956",Talhar,Pir Bahadur Shah Siqiqui
2589,GBPS : DARYA KHAN KHASKHELI,401050123,"24.826164, 68.872773",Talhar,Pir Bahadur Shah Siqiqui
2590,GBPS : MISRI JUNEJO @ ARAB JAT,401050124,"24.8636175174404, 68.8654227576646",Talhar,Pir Bahadur Shah Siqiqui
2591,GBPS : MUHAMMAD JUNEJO,401050125,"24.8108712664386, 68.8823005454773",Talhar,Pir Bahadur Shah Siqiqui
2592,GBPS : ABDUL WAHID NIZAMANI,401050158,"24.846789288157, 68.8672426340978",Talhar,Pir Bahadur Shah Siqiqui
2595,GBPS : MAKHDOOM MUHAMMAD RAHIM,401050179,"24.836035810506, 68.8891777395209",Talhar,Mir Sahib Ahsan Khan Talpur
2597,GBPS : NOOR MUHAMMAD SHAH,401050181,"24.8657603857031, 68.9234107699008",Talhar,Mir Sahib Ahsan Khan Talpur
2598,GBPS : GHULAM HUSSIAN KHOSO,401050182,"24.8815650978063, 68.9344930522068",Talhar,Unerpur
2599,GBPS : CHIBHAR KHASKHELI,401050183,"24.8573618438035, 68.8836175226164",Talhar,Mir Sahib Ahsan Khan Talpur
2600,GBPS : HAJI AHMED SAND,401050189,"24.9019237346585, 68.8466754557192",Talhar,Saeed Pur
2602,GBPS : SIDDIQUE MALLAH,401050191,"24.899832747418, 68.8853998498117",Talhar,Saeed Pur
2603,GBPS : SACHOO HALEPOTO,401050192,"24.8833926204586, 68.8666632794333",Talhar,Mir Sahib Ahsan Khan Talpur
2604,GBPS : ISHAQUE KHASKHELI,401050193,"24.8809253303171, 68.891677559018",Talhar,Mir Sahib Ahsan Khan Talpur
2605,GBPS : MUHAMMAD SULEMAN MANGWANOO,401050194,"24.8828719706598, 68.9094230485972",Talhar,Mir Sahib Ahsan Khan Talpur
2606,GBPS : GOTH NIZAMANI,401050195,"24.879866, 68.881727",Talhar,Mir Sahib Ahsan Khan Talpur
2607,GBPS : HAJI KHAN KHOSO,401050197,"24.9015185569977, 68.9227670588044",Talhar,Mir Sahib Ahsan Khan Talpur
2608,GBPS : ABDUL KARIM KHOSO,401050198,"24.9019480962283, 68.9330868438378",Talhar,Mir Sahib Ahsan Khan Talpur
2616,GBPS : USMAN SHEEDI AT HAJI KHAMISO KHASKH,401050213,"24.8956007684603, 68.8748314984644",Talhar,Saeedpur
2626,GBPS : ISMAIL RAHOOKRO,401050240,"24.8598393489899, 68.8976266979178",Talhar,Mir Sahib Ahsan Khan Talpur
2627,GBPS : DHANI PARTO JAT,401050241,"24.8801722257238, 68.8501059953391",Talhar,Mir Sahib Ahsan Khan Talpur
2628,GBPS : ALLAH DINO MALLAH,401050242,"24.8962332839354, 68.8862071897598",Talhar,Saeed Pur
2630,GBPS : AHMED MALLAH,401050244,"24.8353358595911, 68.8938997666048",Talhar,Mir Sahib Ahsan Khan Talpur
2631,GBPS : LOUNG KHASKHELI,401050246,"24.8733576579183, 68.914816972813",Talhar,Mir Sahib Ahsan Khan Talpur
2633,GBPS : MUHAMMAD KHAN MALLAH,401050251,"24.8581564148137, 68.9161858662125",Talhar,Unerpur
2638,GBPS : ADAM RAHEMOON,401050266,"24.8524481713106, 68.8851022903323",Talhar,Unerpur
2642,GGLSS : CHANRI,401050289,"24.8532925881179, 68.8538289089991",Talhar,Pir Bahadur Shah Siqiqui
2643,GBHS : USMAN RAHEMOON,401050291,"24.8512239058998, 68.9122527899324",Talhar,Mir Sahib Ahsan Khan Talpur
2645,GBELS : JAMALI PHURDO,401050293,"24.8451219623744, 68.8789719368012",Talhar,Mir Sahib Ahsan Khan Talpur
2648,GBPS : HAJI GHULAM MUHAMMAD NIZAMANI,401050030,"24.9408504874236, 68.8168305158615",Talhar,Saeed Pur
2653,GGPS : GHULAM MUHAMMAD NIZAMANI,401050059,"24.941256500157, 68.816606546791",Talhar,Saeed Pur
2655,GGPS : GHULAM SHAH MORI,401050068,"24.9539208423296, 68.9785757642991",Talhar,Mir Ahasn Ali @ Rajo Khanani
2657,GBPS : MURAD ALI SHAH,401050163,"24.9516483679735, 68.8148939645775",Talhar,Saeed Pur
2660,GBPS : HAJI KHAN LASHARI,401050166,"24.9368143367936, 68.7931291752559",Talhar,Saeed Pur
2662,GBPS : RAJO KHANANI (SHEEDI MUHALLAH),401050170,"24.9852410698828, 68.8524341560411",Talhar,Rajo Khanni-Tc
2666,GBPS : ISHAQUE THEBO,401050175,"24.9413817880236, 68.8635492329795",Talhar,Mir Ahasn Ali @ Rajo Khanani
2667,GBPS : IBRAHIM SAMOON,401050184,"24.9392075264236, 68.8062424941863",Talhar,Saeed Pur
2680,GBPS : KHUDA BUX JAMALI,401050226,"24.9682824246377, 68.9682707152777",Talhar,Mir Ahasn Ali @ Rajo Khanani
2681,GBPS : MANTHAR RUSTAMANI AT ALEEM JAT,401050229,"24.9764016285979, 68.9490154881115",Talhar,Saeedpur
2683,GBPS : MUHAMMAD HASHIM LASHARI,401050232,"24.9432289882667, 68.7899842837956",Talhar,Saeed Pur
2684,GBPS : MOTAN CHANDIO,401050233,"24.9445824968281, 68.8577073655578",Talhar,Mir Ahasn Ali @ Rajo Khanani
2685,GBPS : TAYYAB JUNEJO,401050234,"24.9601157140887, 68.8653664294878",Talhar,Rajo Khanni-Tc
2687,GBPS : MUHAMMAD HASSAN JAMALI,401050236,"24.989059, 68.964646",Talhar,Saeed Pur
2688,GBPS : MUHAMMAD KHATTI,401050252,"24.9553204067754, 68.9514680195355",Talhar,Saeed Pur
2689,GBPS : DALAIL JAMALI,401050253,"24.9536606615662, 68.9587461985635",Talhar,Mir Ahasn Ali @ Rajo Khanani
2691,GBPS : MUHAMMAD USMAN JAT,401050257,"24.9750394573136, 68.9480119935674",Talhar,Saeed Pur
2693,GBPS : KHUDA BUX LAGHARI,401050260,"24.9723041493471, 68.8613350650185",Talhar,Rajo Khanni-Tc
2694,GBPS : NOOR MUHAMMAD JUNEJO,401050271,"24.9573253798811, 68.8719096763934",Talhar,Rajo Khanni-Tc
2695,GBPS : HUSSAIN SEHTO,401050283,"24.9890873169303, 68.9764058605825",Talhar,Mir Ahasn Ali @ Rajo Khanani
2699,GBHSS : RAJO KHANANI,401050294,"24.9787616963512, 68.8545933433352",Talhar,Rajo Khanni-Tc
2700,GGHS : RAJO KHANANI,401050295,"24.9801991319987, 68.8525842945006",Talhar,Rajo Khanni-Tc
2701,GBHS : GHULAM MUHAMMAD NIZAMANI,401050299,"24.9393776488385, 68.815832726362",Talhar,Saeed Pur
2702,GBHS : GHULAM SHAH MORI,401050300,"24.9540739970721, 68.9789700468395",Talhar,Mir Ahasn Ali @ Rajo Khanani
2792,GBPS : NAWAB KALOI,401040556,"24.8886, 68.9431",Tando Bago,Sarang Faqir @ Sono Khan Jamali
2803,GBPS : LAKHADINO FAQEER @ MUHAMMAD ISMAIL,401040686,"24.8740412441441, 68.9290953675709",Tando Bago,Sarang Faqeer @ Haji Sono Khan Jamali
20544,GBPS : AHMED RAHOKRO,401050207,"24.8477311621992, 68.8929837927227",Talhar,Mir Sahib Ahsan Khan Talpur
21276,GBPS : HAJI ABDULLAH JAT,401020175,"24.5997421087322, 68.7134045330198","Shaheed Fazal Rahu, Golarchi",Fateh Abad
21288,GBPS : GHULAM HUSSAIN WADHO,401050107,"24.8269779385419, 68.8793501257897",Talhar,Pir Bahadur Shah Siqiqui
21414,GBPS : RUSTAM LASHARI,401050036,"24.9518112347637, 68.8499209363236",Talhar,Mir Ahasn Ali @ Rajo Khanani
21415,GBPS : RASOOL BUX JAMALI,401050261,"24.9555112557834, 68.9702475092801",Talhar,Mir Ahasn Ali @ Rajo Khanani
34505,GBPS : MUHAMMAD QASIM UDHEJO,401020469,"24.6017211455858, 68.6748863081173","Shaheed Fazal Rahu, Golarchi",Tarai
35063,GBPS : HAJI GANHWAR KHASKHELI,401050103,"24.8369362404318, 68.8453423885535",Talhar,Mir Sahib Ahsan Khan Talpur
35064,GBPS : RAMZAN RAHEMOON@CHANISER KHASKHELI,401050176,"24.8297128380474, 68.8698993581547",Talhar,Pir Bahadur Shah Siqiqui
35065,GBPS : MIR MANZOOR AHMED,401050196,"24.8752751507868, 68.8705980765824",Talhar,Mir Sahib Ahsan Khan Talpur
35067,GBPS : MIR NABI BUX TALPUR @ PIR MUHAMMAD,401050245,"24.8960762405471, 68.907022472224",Talhar,Mir Sahib Ahsan Khan Talpur
35071,GBPS : CHOUDIRI FAZAL MUHAMMED,401050262,"24.9651334368083, 68.948870306212",Talhar,Mir Ahasn Ali @ Rajo Khanani
35077,GBPS : KHALIFO ALLAH JURIO,401040422,"0, 0",Tando Bago,Sarang Faqir @ Sono Khan Jamali
851,GBPS : YOUSIF SHAH,401010027,"24.7262787909094, 68.8208314750275",Badin,Kadi Kazia
852,GBPS : BADIN (SINDHI),401010056,"24.657999100779, 68.8366144913429",Badin,Badin-Mc
853,GBPS : HAJI HASHIM KHASKHELI,401010061,"24.6651657156254, 68.8389313002666",Badin,Badin-Mc
854,GBPS : HAJI ABDUL JABBAR JAMALI,401010062,"24.6751077162234, 68.8479816907646",Badin,Badin-Mc
855,GBPS : HAJI DINO CHANDIO,401010072,"24.6709995753081, 68.8351940333711",Badin,Badin-Mc
858,GGPS : BADIN,401010127,"24.6576310977756, 68.8362872618928",Badin,Badin-Mc
859,GGPS : HAJI HASHIM KHASKHELI,401010137,"24.6650194602466, 68.8389909317646",Badin,Badin-Mc
860,GGPS : YOUSIF SHAH,401010145,"24.7252522955582, 68.8214917543135",Badin,Kadi Kazia
862,GGPS : RAIS KARIM BUX JAMALI,401010156,"24.6756439316121, 68.8468578469749",Badin,Badin-Mc
866,GBPS : KEHAR KHAN LUND,401010276,"24.6880832318005, 68.8550680875778",Badin,Badin-Mc
867,GBPS : MOOSA SOOMRO,401010277,"24.6896039178026, 68.8391143089531",Badin,Badin-Mc
871,GBPS : NOOR HASSAN KHASKHELI,401010389,"24.6845031595739, 68.8548347350956",Badin,Badin-Mc
872,GBPS : ALI MUHAMMAD SOOMRO,401010390,"24.712757637677, 68.8537698974464",Badin,Kadi Kazia
873,GBPS : POLICE COLONY BADIN,401010459,"24.6765390223546, 68.8252385702126",Badin,Badin-Mc
875,GBPS : HAJI NANGAR KHAN CHANDIO,401010618,"24.6971649181567, 68.8622072520575",Badin,Badin-Mc
877,GGLSS : YOUSIF SHAH,401010802,"24.7252526990327, 68.8215739960533",Badin,Kadi Kazia
878,GBHS : DR ABDUL JABBAR JUNEJO BADIN,401010820,"24.6665671591496, 68.8342487742527",Badin,Badin-Mc
879,GGHS : BADIN 1,401010825,"24.6601369644705, 68.837861716648",Badin,Badin-Mc
880,GBPS : GUL MUHAMMAD LAGHARI,401010063,"24.6617778290519, 68.854281300058",Badin,Badin-Mc
881,GBPS : HAJI MOOSA SOOMRO,401010064,"24.6731830456949, 68.8682287797369",Badin,Badin-Mc
883,GBPS : HAJI KHAMISO BHATTI,401010082,"24.6616832407798, 68.8451146942201",Badin,Badin-Mc
884,GBPS : MUHAMMAD QASIM SOOMRO,401010083,"24.6742333404106, 68.8658738891464",Badin,Badin-Mc
885,GBPS : HAJI ARAB SOOMRO,401010092,"24.6867780455778, 68.8758935332071",Badin,Badin-Mc
886,GBPS : HAJI MUHAMMAD KHAN ODEHJO,401010097,"24.653679615496, 68.8408649070414",Badin,Badin-Mc
887,GBPS : ISMAIL SOLANGI,401010111,"24.676893355305, 68.8579233815022",Badin,Badin-Mc
888,GBPS : PANDHI JAT @ GHULAM HYDER KHOSO,401010118,"24.6429296486895, 68.8519754876815",Badin,Badin-Mc
890,GGPS : GUL MUHAMMAD LAGHARI,401010151,"24.6619489278784, 68.8543322892774",Badin,Badin-Mc
891,GGPS : BHITTAIABAD BADIN,401010159,"24.6531884115819, 68.8466656306067",Badin,Badin-Mc
894,GGPS : HAJI MOOSA SOOMRO,401010171,"24.6730121798143, 68.8682330180973",Badin,Badin-Mc
896,GGPS : KHAMISO BHATTI,401010179,"24.6618123470935, 68.8453889510593",Badin,Badin-Mc
898,GBPS : WALI MUHAMMAD SHAHANI,401010246,"24.6239148294667, 68.8443101995035",Badin,Badin-Mc
900,GBPS : DAUD SOOMRO,401010345,"24.666358432027, 68.860424615961",Badin,Badin-Mc
903,GBPS : GHARIB ABAD (MAIN) BADIN,401010457,"24.6564358197238, 68.8414969958949",Badin,Badin-Mc
904,GBPS : BARRAGE COLONY BADIN,401010458,"24.6522429878431, 68.8451694360651",Badin,Badin-Mc
905,GBPS : CHANESER SOOMRO,401010481,"24.6441469722, 68.8425444064408",Badin,Badin-Mc
906,GBPS : ALLAH DINO SOOMRO,401010494,"24.6141153343902, 68.8520385303451",Badin,Badin-Mc
907,GBPS : ISMAIL SOOMRO,401010515,"24.679855493442, 68.8684067696417",Badin,Badin-Mc
910,GBPS : MIR ALLAH BACHAYO @ GHOSIA ABAD,401010615,"24.6245097729029, 68.8505320219996",Badin,Badin-Mc
911,GBPS : SANGHANI MOHALLA BADIN,401010663,"24.6478114896481, 68.8452024812884",Badin,Badin-Mc
912,GBPS : SALEH SOOMRO,401010664,"24.6468749570485, 68.8413664693856",Badin,Badin-Mc
913,GBPS : SAIN BUX RIND@MOHAMMAD SOOMAR SHAHA,401010711,"24.6215111082846, 68.8445511563833",Badin,MC - Badin
914,GBPS : MISSRI MALLAH,401010712,"24.6367525702035, 68.851264753238",Badin,Badin-Mc
915,GBPS : BURHAN SHAH,401010713,"24.6299964143651, 68.8439069121295",Badin,Badin-Mc
917,GGHS : SIDDIQUE KUMBHAR,401010798,"24.6568351957655, 68.8480809368181",Badin,Badin-Mc
918,GGLSS : BHATTAI ABAD,401010803,"24.6531384457285, 68.8465198817131",Badin,Badin-Mc
919,GBLSS : ALLAH DINO SOOMRO,401010812,"24.6145922675848, 68.8533160274622",Badin,Badin-Mc
933,GBPS : HAJI BACHAL SOOMRO,401010385,"24.6624380017286, 68.8230586066341",Badin,Badin-Mc
944,GBPS : BRADIO CHANDIO,401010785,"24.6643587918476, 68.8130418961245",Badin,Badin-Mc
1003,GBPS : HAJI AHMED CHANNA,401010037,"24.6369856486516, 68.872293233946",Badin,Haji Soomar Abro
1012,GGPS : HAJI AHMED CHANNA,401010173,"24.6369978404232, 68.872202038765",Badin,Haji Soomar Abro
1022,GBPS : MOLVI HUSSAIN SOOMRO,401010219,"24.6375311541995, 68.8607583938043",Badin,Haji Soomar Abro
1026,GBPS : WALI MUHAMMAD JAMALI,401010275,"24.7077142042735, 68.8565003030224",Badin,Zainul Abdin Alias / Jhando Shah Dargah
1076,GBPS : SULLEMAN SOOMRO,401010697,"24.665801778935, 68.8892501591643",Badin,Haji Soomar Abro
1082,GBPS : ALI MUHAMMAD SOOMARO,401010764,"24.6665915285326, 68.8903270655376",Badin,Haji Soomar Abro
1086,GGLSS : AHMED NOOH SOOMRO,401010800,"24.6369996443245, 68.8639998469739",Badin,Haji Soomar Abro
1243,GBPS : KARIMDINO RAJO,401020497,"24.7600721359885, 68.7573793472866","Shaheed Fazal Rahu, Golarchi",Durga Sharif Ahmed Rajo
1837,GGPS : MAIN POTA,401050071,"24.8503999829543, 68.8147558245568",Talhar,Talhar-Tc
1839,GGPS : KARIM KHAN DALWANI,401050073,"24.8729171393011, 68.8182172164326",Talhar,Talhar-Tc
2469,GBPS : ABDUL REHMAN KHAN NIZAMANI,401050286,"24.841269, 68.819346",Talhar,Talhar-Tc
2475,GBPS : PARTO ARISAR,401050007,"24.7855072491801, 68.8310891398785",Talhar,Peeru Lashari
2481,GBPS : MUHAMMAD JUNEJO,401050015,"24.8211902069244, 68.7781785428524",Talhar,Haji Muhammad Ashraf Thebo
2482,GBPS : HAJI MIANDAD JAMALI,401050016,"24.8089529361878, 68.8346832994619",Talhar,Haji Muhammad Ashraf Thebo
2483,GBPS : RIP,401050017,"24.790734777176, 68.7977713374099",Talhar,Haji Muhammad Ashraf Thebo
2484,GBPS : MITHO KHAN BABUR,401050018,"24.7791099845598, 68.7777131796877",Talhar,Haji Muhammad Ashraf Thebo
2488,GBPS : MUHAMMAD QASIM KHASKHELI,401050022,"24.7740299251617, 68.8069465747479",Talhar,Peeru Lashari
2491,GBPS : MUHAMMAD HASAN HAJANO,401050027,"24.8431456281954, 68.8140490652124",Talhar,Haji Muhammad Ashraf Thebo
2492,GGPS : GHULAM HUSSAIN JAMALI,401050047,"24.8182652088548, 68.8382560002808",Talhar,Haji Muhammad Ashraf Thebo @ Rip
2493,GGPS : RIP,401050049,"24.7891477213084, 68.7961614134907",Talhar,Haji Muhammad Ashraf Thebo
2500,GGPS : QASIM KHASKHELI,401050081,"24.7740275075998, 68.8068875668447",Talhar,Peeru Lashari
2501,GGPS : REHMATULLAH SOOMRO,401050083,"24.8296027662052, 68.8148558671589",Talhar,Peeru Lashari
2502,GGPS : MUREED PERHIAR,401050084,"24.7962664228594, 68.8203267747166",Talhar,Peeru Lashari
2503,GGPS : GULAN KHASKHELI,401050086,"24.776999, 68.806461",Talhar,Pir Bahadur Shah Siqiqui
2509,GBPS : HAJI ABDUL RAHIM TALPUR,401050093,"24.7726904759218, 68.8061177727581",Talhar,Peeru Lashari
2511,GBPS : MAYOON MALOOK,401050096,"24.8066034491399, 68.7858134508133",Talhar,Haji Muhammad Ashraf Thebo
2512,GBPS : BAGH ALI TALPUR,401050097,"24.7769121449274, 68.8065133990843",Talhar,Peeru Lashari
2513,GBPS : PATEL SADIQUE,401050098,"24.7867576807594, 68.8091056443717",Talhar,Peeru Lashari
2514,GBPS : MUREED GAHLRO I,401050102,"24.8062761721614, 68.8198907191352",Talhar,Haji Muhammad Ashraf Thebo
2515,GBPS : MUREED BHATTI,401050104,"24.7968982888053, 68.8227099182208",Talhar,Peeru Lashari
2530,GBPS : MOOSA SAND,401050136,"24.8252520153241, 68.7904778133826",Talhar,Haji Muhammad Ashraf Thebo
2531,GBPS : USMAN JUNEJO,401050137,"24.8140778087475, 68.781988621056",Talhar,Haji Muhammad Ashraf Thebo
2532,GBPS : MITHO KHASKHELI,401050138,"24.7932799547717, 68.7801218032837",Talhar,Haji Muhammad Ashraf Thebo
2533,GBPS : MITHO GOPANG,401050139,"24.7961726647107, 68.7974461892254",Talhar,Haji Muhammad Ashraf Thebo
2534,GBPS : ESSA BHATTI,401050140,"24.793809, 68.83153",Talhar,Peeru Lashari
2535,GBPS : MUHAMMAD KHAN JAMALI,401050141,"24.792941489875, 68.8057261705399",Talhar,Peeru Lashari
2536,GBPS : MUHAMMAD IBRAHIM SAND,401050142,"24.8297213866329, 68.779837488135",Talhar,Haji Muhammad Ashraf Thebo
2537,GBPS : ABDUL HAYEE CHANG,401050144,"24.8445768376415, 68.7439093025515",Talhar,Haji Muhammad Ashraf Thebo
2538,GBPS : SHAH MUHAMMAD CHANG,401050145,"24.8438563659672, 68.7570387123029",Talhar,Haji Muhammad Ashraf Thebo
2539,GBPS : MISRI LAGHARI,401050146,"24.810888478869, 68.8006514294948",Talhar,Haji Muhammad Ashraf Thebo @ Rip
2540,GBPS : SHARIF LAGHARI,401050147,"24.8191683898997, 68.8176620005568",Talhar,Haji Muhammad Ashraf Thebo
2541,GBPS : MUHAMMAD KHAN KHASKHELI,401050148,"24.7799087532127, 68.8063967236873",Talhar,Haji Muhammad Ashraf Thebo
2542,GBPS : USMAN JUNEJO,401050149,"24.8415513451527, 68.7662172320484",Talhar,Haji Muhammad Ashraf Thebo
2543,GBPS : TAYYAB SAND,401050150,"24.8253591111068, 68.7954345345497",Talhar,Haji Muhammad Ashraf Thebo
2544,GBPS : H. BACHOO LASHARI,401050151,"24.7880170067231, 68.7582805708066",Talhar,Haji Muhammad Ashraf Thebo
2557,GBPS : BAQADAR SHAH,401050272,"24.8298650008599, 68.8201993701856",Talhar,Haji Muhammad Ashraf Thebo
2561,GBPS : MUREED GAHLRO II,401050276,"24.8154320209268, 68.8176430019318",Talhar,Haji Muhammad Ashraf Thebo
2562,GBPS : TANO KOLHI,401050277,"24.8280855507942, 68.7729334831238",Talhar,Haji Muhammad Ashraf Thebo
2564,GGLSS : MIDALLE SCHOOL RIP,401050288,"24.789783276093, 68.7965691083672",Talhar,Haji Muhammad Ashraf Thebo
2565,GBHSS : PEERU LASHARI,401050296,"24.7662876943856, 68.8150548934937",Talhar,Peeru Lashari
2566,GBHS : RIP,401050297,"24.7907013031103, 68.7979263105976",Talhar,Haji Muhammad Ashraf Thebo
20543,GBPS : KARAM KHAN DALWANI,401050133,"24.872990169906, 68.8182587888848",Talhar,Talhar-Tc
21266,GBPS : MUHAMMAD HASSAN PATHAN,401010391,"24.7242988845173, 68.8454657721162",Badin,Kadi Kazia
21287,GBPS : HUSSAIN BUX LUND,401050024,"24.828825686884, 68.840010138362",Talhar,Haji Muhammad Ashraf Thebo
34262,GBPS : MUHAMMAD SIDDIQUE SOOMRO,401010605,"24.6759412271259, 68.7871397607245",Badin,MC - Badin
34264,GGPS : SIDDIQUE KUMBHAR,401010162,"24.6570326554174, 68.8482512544092",Badin,Badin-Mc
34359,GBPS : SOBDAR SOLANGI,401010460,"24.6831392973605, 68.8668018008331",Badin,Badin-Mc
34362,GBPS : HAJI SOOMAR MALLAH,401010644,"24.6677160746084, 68.797578882308",Badin,Badin-Mc
34367,GGPS : AHMED NOOH SOOMRO,401010131,"24.6370350278605, 68.8609837029863",Badin,Haji Soomar Abro
34368,GBPS : MOOSA JOKHIO,401010218,"24.6356270413662, 68.8726204639671",Badin,Haji Soomar Abro
34879,GBPS : MIAN POTA,401050099,"24.8525478222203, 68.8160151247182",Talhar,Talhar-Tc
34993,GBPS : GHULAM HUSSAIN JAMALI,401050008,"24.8186182167501, 68.837993144989",Talhar,Haji Muhammad Ashraf Thebo
34996,GBPS : MOLVI TAJ MUHAMMAD CHANG,401050095,"24.817248, 68.752625",Talhar,Haji Muhammad Ashraf Thebo
35059,GBPS : NATHO KHASKHELI,401050143,"24.8303542876372, 68.7511485818028",Talhar,Haji Muhammad Ashraf Thebo
35061,GBPS : ARAB MALLAH,401050278,"24.800504, 68.797041",Talhar,Peeru Lashari
50527,GBHSS : GOVERNMENT ENGLISH MEDIUM SCHOOL IN CAMBRIDGE SYSTEM (NURSERY TO O-LEVEL) BADIN,401010844,"24.6524289298985, 68.831448540666",Badin,Badin-Mc
51289,GBPS : ACHAR LEGHRI,301000006,"24.8274940064221, 68.8136806526623",Talhar,1-Talhar
51691,GGPS : PEERU LASHARI,401050052,"24.7654278137671, 68.8149427916077",Talhar,Peeru Lashari
732,GBPS : MUHAMMAD SHAH,401010604,"24.6549204118416, 68.8310462230446",Badin,Bhugra Memon
850,GBPS : HAJI SALEH JUNEJO,401010026,"24.7114924521113, 68.8152480060917",Badin,Kadi Kazia
861,GGPS : HAJI SALEH JUNEJO,401010153,"24.7130161191382, 68.8159015805719",Badin,Kadi Kazia
864,GGPS : MUHAMMAD KHAN CHANDIO,401010199,"24.6993462940354, 68.8214872758484",Badin,Badin-Mc
865,GBPS : HAJI BILAWAL CHANDIO,401010274,"24.7010208270622, 68.831883073449",Badin,Kadi Kazia
920,GBHS : GHARIBABAD BADIN,401010822,"24.6557239698025, 68.8394303339718",Badin,Badin-Mc
1935,GBPS : ALI MUHAMMAD JARWAR,401030080,"25.0160539471715, 69.0918964175024",Matli,Aman Abad
1947,GGPS : CHANESAR KALIO,401030157,"25.0046575614254, 69.0665937928769",Matli,Bhudo Kambrani
1952,GGPS : GHULAM HYDER JARWAR,401030199,"25.0581019746245, 69.0983511452599",Matli,Aman Abad
1961,GBPS : ABDUL REHMAN ARAIN,401030349,"25.066273032589, 69.0997740849908",Matli,Aman Abad
1965,GBPS : HAJI MUHAMMAD KHAN UNAR,401030356,"24.9977489865939, 69.0377252858979",Matli,Bhudo Kambrani
1966,GBPS : CHANESAR KALOI,401030357,"25.0046831017705, 69.0665213646044",Matli,Bhudo Kambrani
1967,GBPS : HAJI DITAL BUGHARI,401030358,"25.0219467864976, 69.0689796714329",Matli,Bhudo Kambrani
1968,GBPS : HAJI KHAN KHOSO,401030359,"25.0112060815997, 69.0793691477469",Matli,Aman Abad
1969,GBPS : MUHAMMAD HALEPOTO,401030360,"24.9885061641565, 69.0694516610872",Matli,Bhudo Kambrani
1971,GBPS : HAJI LAKHA DINO TALPUR,401030388,"25.0944311565528, 69.0291944012798",Matli,Bhudo Kambrani
1974,GBPS : HAJI FATEH MUHAMMAD ARAIN,401030393,"25.0988544355793, 69.0411020893819",Matli,Aman Abad
1976,GBPS : CHAKAR KHAN KALOI,401030395,"25.0365348941942, 69.0264451805773",Matli,Aman Abad
1977,GBPS : MUHAMMAD UMAR JUNEJO,401030396,"25.0437473596369, 69.0630599923056",Matli,Bhudo Kambrani
1979,GBPS : CHAMAN ABAD,401030398,"25.0155755148717, 69.1085753480223",Matli,Aman Abad
1982,GBPS : ALLAH JURIO JARWAR,401030401,"25.0344339048768, 69.0816682902212",Matli,Aman Abad
1983,GBPS : HAJI PATASHO DALWANI,401030403,"25.0131060305423, 69.0615803021879",Matli,Bhudo Kambrani
1984,GBPS : MUHAMMAD HASHIM JARWAR,401030404,"25.0070146124964, 69.0983739323249",Matli,Aman Abad
1985,GBPS : MUHAMMAD HASHIM RIND,401030405,"25.0220711238418, 69.0557858541425",Matli,Bhudo Kambrani
1986,GBPS : GHULAM HYDER JUNEJO,401030406,"25.0262146220763, 69.0583813486868",Matli,Aman Abad
1988,GBPS : TAJ KHAN RIND,401030408,"25.0271292124298, 69.0443730354309",Matli,Bhudo Kambrani
1989,GBPS : JAN MUHAMMAD JARWAR,401030409,"25.014427812615, 69.0869196190752",Matli,Bhudo Kambrani
1990,GBPS : SOOMRO KHAN DALWANI,401030410,"24.9811043950822, 69.0616491436958",Matli,Bhudo Kambrani
2003,GBPS : SHER MUHAMMAD KALOI,401030623,"25.0055277522444, 69.0387135712716",Matli,Bhudo Kambrani
2006,GBPS : DHANI BUX JARWAR,401030626,"25.024084328596, 69.0774191770863",Matli,Bhudo Kambrani
2712,GBPS : JALIL MALLAH,401040069,"24.7764817713759, 68.9812931319025",Tando Bago,Tando Bago-Tc
2717,GGPS : HAJI MUHAMMAD KHAN MALLAH,401040164,"24.7764396069934, 68.9797382076942",Tando Bago,Tando Bago-Tc
2718,GBPS : MUHAMMAD ASHRAF JAT@ JUMOON RABARI,401040240,"24.8038576372618, 68.9425725798493",Tando Bago,Khan Bahadur Mir Ghulam Muhammad Talpur
2727,GBPS : USMAN MALLAH WARYAM JARO,401040382,"24.8035357943757, 68.9554756660243",Tando Bago,Khan Bahadur Mir Ghulam Muhammad Talpur
2728,GBPS : ALAH RAKHIO MANGWANOO,401040449,"24.8090349607495, 68.9398909192226",Tando Bago,Khan Bahadur Mir Ghulam Muhammad Talpur
2747,GBPS : AMIR BUX RUSTAMANI,401040641,"24.7763202368443, 68.9620659252319",Tando Bago,Tando Bago-Tc
3186,GBPS : HAJI M. HASSAN RUSTAMANI@MEGO REBAR,401040041,"24.961040968807, 69.0423396720371",Tando Bago,Dei
3187,GBPS : BAHADUR LASHARI @ NABI BUX RUSTAMAN,401040042,"24.9112018194037, 68.9957440944606",Tando Bago,Kadahro
3188,GBPS : HAJI ZAKIR KHOSO,401040043,"24.964085, 69.064135",Tando Bago,Dei
3189,GBPS : MUHAMMAD RAHIM UDHIJO,401040054,"24.9240521103868, 69.0198313184269",Tando Bago,Dei
3190,GBPS : KHAIR MUHAMMAD RUSTAMANI,401040063,"24.90791269986, 68.9951157121463",Tando Bago,Kadahro
3191,GBPS : KHADBAD GURGWZ,401040090,"24.8885907610479, 69.0202677009537",Tando Bago,Kadahro
3192,GGPS : NABI BUX RUSTMANI,401040093,"24.9117972034684, 68.9952579705286",Tando Bago,Kadahro
3193,GGPS : SAJAN UDEHAJO,401040124,"24.9227856859659, 69.0200809214895",Tando Bago,Dei
3195,GGPS : SAIN BUX LAGHARI,401040134,"24.9665171022773, 69.0244595882914",Tando Bago,Kadahro
3196,GGPS : WOLHAR SOOMRO @ ABDUL GHANI DAL,401040139,"24.9275850044253, 68.9738408237319",Tando Bago,Kadahro
3197,GBPS : MUHAMMAD JUMAN SOLANGI,401040260,"24.9602059169219, 69.0938029946929",Tando Bago,Dei
3198,GBPS : MEENA,401040263,"24.9531474414064, 69.0763992033574",Tando Bago,Dei
3200,GBPS : NABI BUX KHOSO,401040386,"24.9289475362182, 69.0436672643097",Tando Bago,Dei
3201,GBPS : USMAN JAKHRO,401040388,"24.9370905473397, 68.992099236517",Tando Bago,Kadahro
3202,GBPS : ESSO JAKHRO,401040389,"24.9378164750905, 68.985974678513",Tando Bago,Kadahro
3203,GBPS : ILYAS RAHIMOON,401040390,"24.9349513262842, 69.0102141802915",Tando Bago,Kadahro
3204,GBPS : RAHIB RAHIMOON,401040391,"24.9514, 69.0114",Tando Bago,Khadehro
3205,GBPS : ALLAH BACHAIO CHANDIO,401040392,"24.9898103073154, 68.9960811830261",Tando Bago,Kadahro
3206,GBPS : AHMED JAKHRO,401040393,"24.981513610249, 69.0162051902604",Tando Bago,Kadahro
3208,GBPS : USMAN KHOSO,401040395,"24.9468579993982, 69.0673071898522",Tando Bago,Dei
3209,GBPS : RATTO BOUK,401040396,"24.9345933897416, 69.0579547724251",Tando Bago,Dei
3210,GBPS : ALLAH DINO HAJAM,401040397,"24.9525, 69.0513",Tando Bago,Dei
3211,GBPS : ILYAS SHORO,401040398,"0, 0",Tando Bago,Khadehro
3212,GBPS : PIR BUX CHANDIO,401040399,"24.9640982625247, 68.9933536894918",Tando Bago,Kadahro
3213,GBPS : DR. MISSRI RAHIMOON,401040400,"24.9529947324693, 69.0176140628051",Tando Bago,Kadahro
3214,GBPS : FAIZ MUHAMMAD JAMALI,401040403,"24.912769802461, 69.0573221910718",Tando Bago,Dei
3216,GBPS : MIR MUHAMMAD CHANDIO,401040443,"24.9535534222024, 68.996393530847",Tando Bago,Kadahro
3217,GBPS : ALI NAWAZ LAGHARI,401040447,"0, 0",Tando Bago,Khadehro
3218,GBPS : KHADHARO,401040452,"24.8993783191052, 68.9986551072867",Tando Bago,Kadahro
3219,GBPS : YAR MUHAMMAD DAL,401040453,"24.9150819561629, 69.0444937866483",Tando Bago,Dei
3220,GBPS : MISSIRI GURGEZ,401040454,"24.9217450866115, 68.9971096986662",Tando Bago,Kadahro
3222,GBPS : SONOO GURGAZE,401040458,"24.8999675867362, 69.0238556171989",Tando Bago,Kadahro
3223,GBPS : MADIO KOHLI,401040459,"24.9225327760046, 68.989808821437",Tando Bago,Kadahro
3224,GBPS : URS RAHIMOON,401040460,"24.9486, 69.0103",Tando Bago,Khadehro
3225,GBPS : MUHAMMAD MOOSA JAMALI,401040488,"24.9340173507179, 69.0648072861202",Tando Bago,Dei
3226,GBPS : KHAN MUHAMMAD RAHMOON,401040495,"24.9333, 69.0042",Tando Bago,Khadehro
3227,GBPS : QADIR BUX CHANDIO,401040497,"24.9600638266935, 68.9886376914606",Tando Bago,Kadahro
3228,GBPS : LAL BUX SHORO,401040516,"24.9275053564512, 69.0132531608517",Tando Bago,Dei
3229,GBPS : GHULAM HYDER KHOSO,401040517,"24.9346859501294, 69.0541196695119",Tando Bago,Dei
3230,GBPS : ABDUL GHANI DAL,401040518,"24.9275627199051, 68.9738729598007",Tando Bago,Kadahro
3231,GBPS : HAJI URS CHHALGARI,401040519,"24.9400472660215, 69.0177222238216",Tando Bago,Kadahro
3232,GBPS : HAJI FAIZ MUHAMMAD RAHIMOON,401040520,"24.9539, 69.0197",Tando Bago,Khadehro
3233,GBPS : DHANI BUX CHHALGARI,401040521,"24.9357622794133, 69.0008088043937",Tando Bago,Kadahro
3236,GBPS : HAJI DATO KHOSO,401040524,"24.9237028928377, 69.0416164182917",Tando Bago,Dei
3237,GBPS : SAIN BUX LAGHARI,401040525,"24.9664714332612, 69.0244784268504",Tando Bago,Kadahro
3239,GBPS : SANJAR PURAT MIR KHAN CHANDIO,401040527,"24.9669936833495, 68.9959664842248",Tando Bago,Kadahro
3241,GBPS : ANAB LABARI,401040530,"24.9548282933979, 69.0311150022944",Tando Bago,Dei
3244,GBPS : MOHAMOOD GURGAIZ,401040534,"24.9792684237623, 69.0058981152351",Tando Bago,Kadahro
3245,GBPS : MUHAMMAD RAHIMOON,401040535,"24.97032260523, 69.0191774995655",Tando Bago,Kadahro
3247,GBPS : GUL MUHAMMAD SHORO,401040537,"24.9283, 69.0097",Tando Bago,Dei
3248,GBPS : KHAIR MUHAMMAD KHOSO,401040547,"24.9458, 69.0611",Tando Bago,Dei
3249,GBPS : LOUNG JAMALI,401040562,"24.9148422492588, 69.0423820188145",Tando Bago,Dei
3250,GBPS : SYED JUMAN SHAH,401040563,"24.944438844929, 69.0367236196429",Tando Bago,Dei
3251,GBPS : GHULAM HUSSAIN GURGAZ,401040581,"24.8883, 69.0206",Tando Bago,Khadehro
3252,GBPS : DHANI BUX KHOSO,401040590,"24.9310087513073, 69.0395725693127",Tando Bago,Dei
3253,GBPS : MUHAMMED KHAN RIND,401040591,"24.9770512507501, 69.0079850168513",Tando Bago,Kadahro
3254,GBPS : NAZAR ALI GURGAZ,401040604,"24.9006846841039, 69.0204999991921",Tando Bago,Kadahro
3255,GBPS : MUHAMMED SHARIF CHALGARI,401040606,"24.9304, 68.8262",Tando Bago,Khadehro
3256,GBPS : KHUDA BUX CHANDIO,401040611,"0, 0",Tando Bago,Khadehro
3257,GBPS : BHOROO RAHIMOON,401040613,"24.953112006489, 69.04614128227",Tando Bago,Dei
3258,GBPS : BUXAN DALWANI,401040673,"24.9577933053098, 69.0692226918955",Tando Bago,Dei
3259,GBPS : M.ASHRAF CHANDIO,401040674,"24.9780748183644, 68.9791485303203",Tando Bago,Kadahro
3260,GBHS : HAJI KHAN CHANDIO,401040748,"24.9591636140957, 69.0079953629596",Tando Bago,Kadahro
3261,GBPS : KARAM KHAN JARWAR,401040023,"24.9970943337081, 69.1133344340409",Tando Bago,Dadha
3262,GBPS : AHMED KHAN LAGHARI,401040044,"24.9597, 69.1603",Tando Bago,Bahadur Khan Chandio @ Sangi Pharho
3266,GGPS : ABDULLAH JARWAR,401040098,"24.967500232317, 69.1106289023069",Tando Bago,Dadha
3267,GGPS : MUHAMMAD BACHAL KHASKHELI,401040129,"24.9910904631116, 69.1396343550346",Tando Bago,Dadha
3275,GBPS : UMED ALI SHAH,401040204,"24.9828, 69.0644",Tando Bago,dadah
3276,GBPS : BACHAL KHAN LAGHARI,401040246,"24.9720228280899, 69.161260197802",Tando Bago,Dadha
3279,GBPS : ABDULLAH KHAN JARWAR,401040253,"24.968685990856, 69.1110223455403",Tando Bago,Dadha
3284,GBPS : SAEED KHAN LAGHARI @ DOST ALI KHASK,401040261,"24.9836828871969, 69.1268819779206",Tando Bago,Dadha
3287,GBPS : BACHAL KHASKHELI,401040404,"24.9915839496495, 69.1400684485447",Tando Bago,Dadha
3290,GBPS : SOOMAR KHAN JARWAR,401040408,"24.9841973398683, 69.1060861806028",Tando Bago,Dei
3291,GBPS : DADAH,401040409,"24.949386107533, 69.114287502781",Tando Bago,Dadha
3295,GBPS : MUHAMMAD RAHIM JARWAR AT ALI BUX JA,401040413,"24.9777540363562, 69.1230287065695",Tando Bago,Dadha
3296,GBPS : MUHAMMAD HANIF JARWAR,401040415,"25.0009756413578, 69.0980869531632",Tando Bago,Dei
3298,GBPS : LAKHA DINO KHOSO,401040417,"24.9345276445157, 69.1110497909108",Tando Bago,Dadha
3301,GBPS : TOHEED ABAD@NEK MOHAMMAD LAGHARI,401040420,"24.9590251609648, 69.1666249856859",Tando Bago,Dadha
3307,GBPS : HAJI NOOR MUHAMMAD JARWAR,401040484,"0, 0",Tando Bago,dadah
3308,GBPS : NIM SAMOON,401040486,"24.9761882517914, 69.1289850907116",Tando Bago,Dadha
3309,GBPS : ESSA KHAN LUND,401040487,"24.9867391383055, 69.1448213759816",Tando Bago,Dadha
3312,GBPS : ARAB KAKEPOTO,401040514,"24.9432374879501, 69.1001736802382",Tando Bago,Dadha
3316,GBPS : ABDULLAH KHAN LAGHARI,401040571,"0, 0",Tando Bago,dadah
3318,GBPS : MOSSA KHASKHELI,401040612,"24.9972652727872, 69.1275407376226",Tando Bago,Dadha
3320,GBPS : RAWIT KHAN LAGHARI,401040642,"24.9833, 69.1533",Tando Bago,Bahadur Khan Chandio @ Sangi Pharho
3326,GBPS : ABDUL SATTAR LAGHARI,401040649,"24.9750433415978, 69.1593376259417",Tando Bago,Dadha
3331,GBPS : LAKHA DINO MALLAH,401040702,"24.9483, 69.0767",Tando Bago,dadah
3333,GBLSS : DADAD MEMON,401040714,"24.949084722238, 69.1142874597738",Tando Bago,Dadha
3335,GBLSS : ABDULLAH JARWAR,401040728,"24.9686803952071, 69.1109079208557",Tando Bago,Dadha
3336,GBLSS : KARAM KHAN JARWAR,401040732,"24.9971032386303, 69.1129776142686",Tando Bago,Dadha
20412,GBPS : AMIR BUX RUSTAMANI,401040402,"24.9140794804985, 68.9964457133996",Tando Bago,Kadahro
20413,GBHSS : DEI,401040727,"24.9282629674136, 69.0556547981618",Tando Bago,Dei
21281,GBPS : GUL ARAIN @BACHAL KALOO,401030413,"25.0748483603511, 69.0960502806643",Matli,Aman Abad
21361,GBPS : PIR BUX KHOSO,901000005,"24.9417157868458, 69.0842560527388",Tando Bago,dadah
34886,GBPS : HAJI LUQMAN ARAIN,401030086,"25.1044902317928, 69.0283888587904",Matli,Bhudo Kambrani
34887,GBPS : SAMANO JUNEJO,401030350,"25.0464224776381, 69.0693229236175",Matli,Bhudo Kambrani
34889,GBPS : GHULAM NABI JARWAR,401030402,"25.0025160573332, 69.0785649399853",Matli,Bhudo Kambrani
35163,GBPS : FAZUL CHHALGARI,401040387,"24.9372837398534, 68.9967320815022",Tando Bago,Kadahro
35164,GBPS : BEERO KHAN RUSTAMANI,401040401,"24.8979679918408, 69.0106827695789",Tando Bago,Kadahro
35165,GBPS : GHULAM HYDER JAMALI,401040496,"24.9047837768275, 69.0635878482303",Tando Bago,Dei
35166,GBPS : JUMAN KHASKHELI,401040532,"24.958153365214, 68.9876836594784",Tando Bago,Kadahro
35167,GBPS : HAJI MUBARAK ALI JAMALI,401040605,"24.9114858620061, 69.0375974145503",Tando Bago,Dei
35168,GGPS : KARAM KHAN JARWAR,401040104,"24.9967345678633, 69.1132030044065",Tando Bago,Dadha
35169,GBPS : KARIYANA,401040254,"24.9929931770998, 69.1055721455224",Tando Bago,Dei
35172,GBPS : ABDUL SATTAR PIRZADO,401040485,"24.971812077895, 69.1336933366122",Tando Bago,Dadha
34373,GBLSS : HAJI ALI MUHAMMAD KHOSO,401010811,"24.7081481865326, 68.9344829358645",Badin,Muhammad Khan Bhurgari
2438,GBPS : BAKHSHO LUND,401040015,"24.8033473751346, 69.1821098069594",Tando Bago,Dargah Saman Sarkar @ Bukhsho Lund
2446,GGPS : SAIFAL CHANDIO,401040109,"24.8204963884541, 69.1997695119753",Tando Bago,Dargah Saman Sarkar @ Bukhsho Lund
2448,GGPS : FAQIR ALI KHAN,401040125,"24.8361720129718, 69.2222499608757",Tando Bago,Dargah Saman Sarkar @ Bukhsho Lund
2451,GGPS : SAIN DINO JUNJO,401040169,"24.8348526963256, 69.266856882994",Tando Bago,Malkani Shareef
2457,GBPS : SETH RAFIQUE,401040194,"24.8668626871768, 69.2161658477936",Tando Bago,Bhadur Khan Chandio
2463,GBPS : KHANOO PAHANWAR,401040222,"24.7715498839999, 69.1940170502475",Tando Bago,Dargah Saman Sarkar @ Bukhsho Lund
2466,GBPS : PIR QAIM MUHAMMAD SHAH,401040226,"24.780427045566, 69.191800658952",Tando Bago,Dargah Saman Sarkar @ Bukhsho Lund
2710,GBPS : MADARSA ASHRAF UL ULOOM,401040058,"24.7854629959763, 68.966209963955",Tando Bago,Tando Bago-Tc
2745,GBPS : MADERSA AL HASHMIA TANDO BAGO,401040639,"24.7887871791824, 68.9669942656819",Tando Bago,Tando Bago-Tc
2751,GBHSS : TANDO BAGO,401040750,"24.7900535516402, 68.9701076767195",Tando Bago,Tando Bago-Tc
2752,GBPS : GUL MUHAMMAD JAMALI,401040033,"24.8756880679085, 69.0234697591151",Tando Bago,Sarang Faqeer @ Haji Sono Khan Jamali
2753,GBPS : NOOR MUHAMMAD DAL,401040037,"0, 0",Tando Bago,Sarang Faqir @ Sono Khan Jamali
2754,GBPS : FATEH KHAN JAMALI,401040038,"24.861002622482, 68.9925295262721",Tando Bago,Sarang Faqeer @ Haji Sono Khan Jamali
2755,GBPS : MIR MUSHTAQUE AHMED,401040045,"24.8809569163221, 69.0124440422548",Tando Bago,Sarang Faqeer @ Haji Sono Khan Jamali
2757,GBPS : KHAMISO DAL,401040055,"24.8969, 68.9578",Tando Bago,Sarang Faqir @ Sono Khan Jamali
2758,GBPS : ALLAH RAKHIO LUND @ ADORI DARL.ULOO,401040061,"24.8755376606147, 69.0712387562754",Tando Bago,Sarang Faqeer @ Haji Sono Khan Jamali
2760,GBPS : KHAIRO TALPUR@UMID ALI JAMALI,401040065,"24.8838442926942, 68.995707040799",Tando Bago,Sarang Faqeer @ Haji Sono Khan Jamali
2764,GGPS : TAMACHI PATEL,401040157,"24.7990060274985, 68.9798744003664",Tando Bago,Tando Bago-Tc
2767,GBPS : ADHORI @ MIANGEE LAKHANO MALLAH,401040249,"24.868253, 69.071049",Tando Bago,Sarang Faqeer @ Haji Sono Khan Jamali
2768,GBPS : ABDULLAH KHAN LAGHARI,401040250,"24.8517239577218, 69.094200430867",Tando Bago,Auli Khan Shah
2769,GBPS : BHAI KHAN KALOI,401040300,"24.8854794497751, 69.002909235047",Tando Bago,Sarang Faqeer @ Haji Sono Khan Jamali
2770,GBPS : JUMAN JUNEJO,401040301,"24.8897321470034, 68.9819257715364",Tando Bago,Sarang Faqeer @ Haji Sono Khan Jamali
2771,GBPS : MEHRO KHASKHELI,401040302,"24.8696579877714, 68.9685461035146",Tando Bago,Sarang Faqeer @ Haji Sono Khan Jamali
2772,GBPS : CHHUTO MALLAH,401040350,"0, 0",Tando Bago,Sarang Faqir @ Sono Khan Jamali
2774,GBPS : MEHRAB KHAN GURGAIZ,401040353,"24.8849534105148, 69.0104202875882",Tando Bago,Sarang Faqeer @ Haji Sono Khan Jamali
2775,GBPS : A.C. VILLAGE,401040354,"24.8425330853054, 68.9936882004061",Tando Bago,Sarang Faqeer @ Haji Sono Khan Jamali
2776,GBPS : ALI MUHAMMAD NIZAMANI@ALLAHDINO JAL,401040355,"24.8756, 69.0189",Tando Bago,Sarang Faqir @ Sono Khan Jamali
2780,GBPS : DR. GUL MUHAMMAD KHOSO,401040362,"24.8943135381867, 68.9602631359958",Tando Bago,Sarang Faqeer @ Haji Sono Khan Jamali
2781,GBPS : LEEMOON JAMALI,401040372,"24.8898843176762, 68.9895322731185",Tando Bago,Sarang Faqeer @ Haji Sono Khan Jamali
2783,GBPS : JAMAL KHAN LAGHARI,401040383,"24.8532422681865, 69.0841256158584",Tando Bago,Auli Khan Shah
2784,GBPS : JUMAN DAL,401040428,"24.8697, 68.9542",Tando Bago,Sarang Faqir @ Sono Khan Jamali
2785,GBPS : HAJI SONOON JAMALI,401040430,"24.8584624229619, 68.9651393970479",Tando Bago,Sarang Faqeer @ Haji Sono Khan Jamali
2788,GBPS : JAVED IQBAL KORAI,401040471,"24.8045826094072, 68.9732426543259",Tando Bago,Khan Bahadur Mir Ghulam Muhammad Talpur
2793,GBPS : BHAGNOO KOLHI,401040557,"24.8708545452502, 69.0021939389104",Tando Bago,Sarang Faqeer @ Haji Sono Khan Jamali
2798,GBPS : DODO KHAN GURGAZE,401040678,"24.87319937169, 69.1030258447093",Tando Bago,Auli Khan Shah
2801,GBPS : OKO PATEL KOLHI,401040681,"24.7990141594753, 68.979917384522",Tando Bago,Khan Bahadur Mir Ghulam Muhammad Talpur
2805,GBLSS : WALI MUHAMMAD LAGHARI,401040731,"24.8658470956689, 69.0871064589639",Tando Bago,Auli Khan Shah
2889,GGHSS : PAHAR MARI,401040744,"24.7640225484694, 68.9557904012995",Tando Bago,Pahar Mari
2891,GBPS : BHUDO UNAR,401040010,"24.774082294423, 69.0918722860002",Tando Bago,Auli Khan Shah
2893,GBPS : DALIL KHAN AHMEDANI,401040019,"24.76162602746, 69.133560540274",Tando Bago,Auli Khan Shah
2908,GBPS : GUL MUHAMMAD KAPRI,401040202,"24.7684796186793, 69.1122919348872",Tando Bago,Auli Khan Shah
2915,GBPS : PIYARO LUND,401040233,"24.8060373533154, 69.1530105614641",Tando Bago,Auli Khan Shah
2918,GBPS : AHMED ODHEJO,401040242,"24.8234213729459, 69.1500037890646",Tando Bago,Auli Khan Shah
2943,GBPS : FAZAL AHMEDANI,401040482,"24.7590539640024, 69.150195591645",Tando Bago,Khalifo Qasim
2953,GBPS : SOOMAR JUNEJO,401040618,"24.779928866989, 69.1191952825564",Tando Bago,Auli Khan Shah
2954,GBPS : ALI MURAD RIND,401040623,"24.8074117418349, 69.1568487910426",Tando Bago,Auli Khan Shah
3080,GBPS : DHANI BUX JUNEJO,401040237,"24.8160660250869, 69.1678945823072",Tando Bago,Dargah Saman Sarkar @ Bukhsho Lund
3086,GBPS : MUHAMMAD SHARIF,401040330,"24.8373501289637, 69.2833382101234",Tando Bago,Malkani Shareef
3091,GBPS : MAIDAD CHANDIO,401040501,"24.83048, 69.271402",Tando Bago,Malkani Shareef
3093,GBPS : GHULAM HUSSAIN LAIL/AT HAJI SULEMAN,401040548,"24.7811888618854, 69.1821634826783",Tando Bago,Dargah Saman Sarkar @ Bukhsho Lund
3095,GBPS : MUHAMMAD USMAN HAJAM,401040573,"24.8091517534389, 69.202313184415",Tando Bago,Dargah Saman Sarkar @ Bukhsho Lund
3107,GBLSS : SAIFAL CHANDIO,401040713,"24.7999166997248, 69.1797674657885",Tando Bago,Dargah Saman Sarkar @ Bukhsho Lund
3118,GBPS : SIDDIQUE LISKANI,401040017,"24.8267708494836, 69.189601190952",Tando Bago,Malkani Shareef
3121,GBPS : ALI MUHAMMAD AT SHUKERDIN PUNJABI,401040067,"24.8342, 69.1931",Tando Bago,Khairpur Ghambo @ Malkani Sharif
3129,GGPS : SHAKARDI ARAIN,401040153,"24.8432325161089, 69.1932641808893",Tando Bago,Malkani Shareef
3130,GBPS : RASOOL BUX LISKANI,401040171,"0, 0",Tando Bago,Khairpur Ghambo @ Malkani Sharif
3136,GBPS : ALLAH DINO SHAH,401040214,"24.8411652781636, 69.2769974866919",Tando Bago,Malkani Shareef
3138,GBPS : ALI PHUL,401040216,"24.8399627239283, 69.1683572053436",Tando Bago,Malkani Shareef
3142,GBPS : MUHAMMAD BUX DALWANI,401040332,"24.8583870418057, 69.2913343468777",Tando Bago,Malkani Shareef
3144,GBPS : FAZAL WADHO,401040334,"24.8528670485036, 69.2297265188216",Tando Bago,Malkani Shareef
3145,GBPS : SIDDIQUE ARAIN,401040335,"24.8501301943819, 69.1997140349164",Tando Bago,Malkani Shareef
3161,GBPS : SALEEM KHASKHELI,401040498,"24.8575859530415, 69.2213207323915",Tando Bago,Malkani Shareef
3168,GBPS : GHULAM MUHAMMAD KAMBOH,401040549,"24.8634673658467, 69.2235487986928",Tando Bago,Malkani Shareef
3176,GBPS : DOST ALI LISKANI,401040657,"24.8273617488197, 69.178057916603",Tando Bago,Malkani Shareef
3177,GBPS : GHULAM HUSSAIN FORM,401040658,"24.8588293997204, 69.2773019324607",Tando Bago,Malkani Shareef
3184,GBPS : G HUSSAIN BHATTI,401040704,"24.8311, 69.2083",Tando Bago,Khairpur Ghambo @ Malkani Sharif
3199,GBPS : DHEENGANOO JAMALI,401040385,"24.9177814648299, 69.0948267855123",Tando Bago,Dei
3207,GBPS : FAQIR MOHAMMED QASIM KHASKHELI,401040394,"24.883740067266, 69.0389053117324",Tando Bago,Dei
3215,GBPS : GUL HASSAN KHOSO AT MUHAMMAD SERAI,401040429,"24.9026158608375, 69.0379514632957",Tando Bago,Dei
3221,GBPS : USMAN SANDH,401040455,"24.8838945074915, 69.0408283993959",Tando Bago,Dei
3234,GBPS : GHULAM HUSSAIN TALPUR,401040522,"24.9021340797769, 69.0548436261062",Tando Bago,Dei
3235,GBPS : HAJI MUHAMMAD USMAN JAMALI,401040523,"24.9066117865847, 69.0485783923124",Tando Bago,Dei
3238,GBPS : SULEMAN THEBO,401040526,"24.886927312472, 69.0575594539605",Tando Bago,Sarang Faqeer @ Haji Sono Khan Jamali
3240,GBPS : NAZAR JAMALI,401040529,"24.903723810625, 69.0767747870419",Tando Bago,Dei
3242,GBPS : OBHAYO DAL,401040531,"24.9213543664468, 69.0833815682559",Tando Bago,Dei
3243,GBPS : ALLAH DINO JAMALI,401040533,"24.8921018934046, 69.0626145034162",Tando Bago,Dei
3246,GBPS : EIDU FAQEER KHICHI,401040536,"24.9008, 69.0531",Tando Bago,Dei
3269,GGPS : BAKHO CHANDIO,401040131,"24.8839968075062, 69.1430300517174",Tando Bago,Bhadur Khan Chandio
3270,GGPS : IMAM BUX CHANDIO,401040159,"24.9288206441426, 69.1613735817749",Tando Bago,Dadha
3271,GGPS : MITHO NOTKANI,401040160,"24.8836488887626, 69.0787714528357",Tando Bago,Dadha
3273,GGPS : MUHAMMAD YAKOOQ KHASKHELI,401040162,"24.9297449913645, 69.1224212468228",Tando Bago,Dadha
3277,GBPS : YOUSUF CHAVRO,401040251,"24.858235415925, 69.1134265595614",Tando Bago,Auli Khan Shah
3278,GBPS : KHEEROLL,401040252,"24.8983534758792, 69.0994789952712",Tando Bago,Dadha
3280,GBPS : HAJI DATOO PANHWAR,401040255,"24.8862637286393, 69.1018648520809",Tando Bago,Dadha
3281,GBPS : HAJI SIDDIQUE ARAIN,401040256,"24.9254629936224, 69.1283717985465",Tando Bago,Dadha
3282,GBPS : BAKHOO CHANDIO,401040257,"24.8840361756602, 69.1430421073223",Tando Bago,Bhadur Khan Chandio
3283,GBPS : MUHAMMAD ALI KAKEPOTO,401040259,"0, 0",Tando Bago,Dei
3285,GBPS : AHMED KHAN ABRO,401040262,"24.929561403536, 69.0949929842077",Tando Bago,Dadha
3288,GBPS : PANDHI KHOSO @ MUHAMMAD ASHRAF,401040405,"24.8997170547953, 69.1852448096965",Tando Bago,Bhadur Khan Chandio
3289,GBPS : YAQOOB KHASKHELI,401040407,"24.9300125596273, 69.12203370355",Tando Bago,Dadha
3293,GBPS : SHER KHAN CHANDIO,401040411,"24.9153450242895, 69.1610370695457",Tando Bago,Dadha
3294,GBPS : MUHAMMAD KHAN ARAIN,401040412,"24.9244558708802, 69.1096405668237",Tando Bago,Dadha
3297,GBPS : MITHO NOTKANI,401040416,"24.8841501316521, 69.0784183230583",Tando Bago,Dadha
3299,GBPS : EIDU KHASKHELI,401040418,"24.9056110565358, 69.139570876593",Tando Bago,Bhadur Khan Chandio
3300,GBPS : MUHAMMAD HAROON MALLAH,401040419,"24.9064450764932, 69.0889718836843",Tando Bago,Dadha
3303,GBPS : SULTAN SENHARO,401040444,"24.8782527211432, 69.1154038128124",Tando Bago,Auli Khan Shah
3305,GBPS : JAFFER CHANDIO,401040476,"24.917856576249, 69.1704180728428",Tando Bago,Bhadur Khan Chandio
3306,GBPS : M. HASHIM JARWAR,401040483,"24.9319, 69.1194",Tando Bago,dadah
3310,GBPS : ALLAH DAD CHANDIO,401040489,"24.8838467273435, 69.1773408163938",Tando Bago,Bhadur Khan Chandio
3311,GBPS : MUHAMMAD ALI ARAIN@NAWAB ALI CHANDI,401040513,"24.883084, 69.165956",Tando Bago,Bhadur Khan Chandio
3314,GBPS : PIR BUX KHOSO @ GOHRAM CHANDIO,401040553,"24.8867462560636, 69.1801017570871",Tando Bago,Bhadur Khan Chandio
3317,GBPS : SAHIB KHAN CHANDIO,401040574,"24.9408577034797, 69.1560628950663",Tando Bago,Dadha
3319,GBPS : SACHAL MALLAH,401040614,"24.909283250659, 69.0958455295825",Tando Bago,Dadha
3321,GBPS : NOOR HASSAN CHANDIO,401040644,"24.875257, 69.206161",Tando Bago,Bhadur Khan Chandio
3322,GBPS : TALIB HASSAN CHANDIO,401040645,"24.8709899278826, 69.1964292636289",Tando Bago,Bhadur Khan Chandio
3324,GBPS : ACHAR KHAN CHANDIO,401040647,"24.8843472241248, 69.1925749256701",Tando Bago,Bhadur Khan Chandio
3329,GBPS : USMAN PANHWAR,401040652,"24.9158632172947, 69.1062770875913",Tando Bago,Dadha
3330,GBPS : HAROON MALLAH@RAMZAN MALLAH,401040701,"24.9009733219752, 69.0868359737117",Tando Bago,Dadha
3337,GBLSS : KHEERAL MAN DEI,401040734,"24.8983469550379, 69.09949780514",Tando Bago,Dadha
21360,GBPS : YOUSIF PANHWAR,401040758,"24.8592608961068, 69.2097741250747",Tando Bago,Bhadur Khan Chandio
21416,GBPS : SOOMAR JARO,401040474,"24.7968675674233, 68.9496288359907",Tando Bago,Tando Bago-Tc
21420,GBELS : SAIN DINO JUNEJO,401040337,"24.8349030062005, 69.2669248542158",Tando Bago,Malkani Shareef
27516,GBPS : QURBAN ALI KHOSO AT TAJ MUHAMMAD KH,401040456,"24.7939008621471, 69.2049318339303",Tando Bago,Dargah Saman Sarkar @ Bukhsho Lund
28572,GBHS : KHADHERO,401050301,"24.8986209071453, 68.9992824149148",Talhar,Saeed Pur
34990,GBPS : JAMIA HANIFA SULTAN,401040084,"24.7623128617254, 69.191080902973",Tando Bago,Pangrio-Tc
34992,GBPS : SYED BHORO SHAH,401040224,"24.7742503238072, 69.1828689050828",Tando Bago,Pangrio-Tc
35075,GBPS : HAJI WALI MUHAMMAD LAGHARI,401040022,"24.8658487469733, 69.0871198750265",Tando Bago,Auli Khan Shah
35076,GBPS : SHAH MUHAMMAD JAMALI AT GHULAM MUHA,401040299,"24.8578814313338, 68.9997419361177",Tando Bago,Sarang Faqeer @ Haji Sono Khan Jamali
35078,GBPS : KANDO FAQEER,401040676,"24.8863915414421, 69.0023177548899",Tando Bago,Sarang Faqeer @ Haji Sono Khan Jamali
35079,GBPS : USMAN THEBO,401040683,"24.8747, 69.0678",Tando Bago,Sarang Faqir @ Sono Khan Jamali
35153,GBPS : SULEMAN SHORO,401040236,"24.8030560083916, 69.2182633051383",Tando Bago,Dargah Saman Sarkar @ Bukhsho Lund
35154,GBPS : SAIFAL CHANDIO,401040494,"24.8205284439105, 69.1999510083661",Tando Bago,Dargah Saman Sarkar @ Bukhsho Lund
35155,GBPS : HAJI KHAN CHANDIO,401040669,"24.8478999550781, 69.2870486585832",Tando Bago,Malkani Shareef
35157,GBPS : QASIM JAT,401040218,"24.8498906075247, 69.2095224102863",Tando Bago,Malkani Shareef
35160,GBPS : MUBARAK KHOSO,401040655,"24.8581561995761, 69.2933250168876",Tando Bago,Malkani Shareef
35162,GBPS : KHALIFO ALI BUKHSH LAGHARI @ ALLAH,401040239,"24.8823962423853, 69.0440392743815",Tando Bago,Dei
35170,GBPS : BAHADUR KHAN CHANDIO,401040258,"24.8923855004326, 69.1723538071197",Tando Bago,Bhadur Khan Chandio
35173,GBPS : TAJ MUHAMMAD KHAS@MUHAMMAD ISMAIL P,401040643,"24.9115780818184, 69.1001012964633",Tando Bago,Dadha
35174,GBLSS : YOUSIF CHAWRO,401040729,"24.8582635377766, 69.1134001396012",Tando Bago,Auli Khan Shah
35628,GGPS : BAKHSHU LUND,401040755,"24.9416558749725, 69.152940670625",Tando Bago,Bhadur Khan Chandio
35630,GGPS : PIR SHAH MUHAMMAD SHAH,401040756,"24.7812225504308, 69.1821268126875",Tando Bago,Pangrio-Tc
893,GGPS : ADAM SOOMRO,401010165,"24.6619724568511, 68.8785642396407",Badin,Badin-Mc
897,GBPS : YAKOOB MEMON,401010216,"24.672131396406, 68.8744860400888",Badin,Badin-Mc
936,GBPS : HAJI LAKHANO MALLAH,401010561,"24.6645489134689, 68.8083842410143",Badin,Badin-Mc
937,GBPS : JAROW KHAN MALLAH,401010600,"24.6577651562105, 68.8109537967043",Badin,Badin-Mc
34263,GBPS : ADAM SOOMRO,401010035,"24.661970007773, 68.878464997212",Badin,Badin-Mc
34360,GBPS : DISTT: JAIL BADIN,401010770,"24.6708184139793, 68.8792047073281",Badin,Badin-Mc
506,GBPS : HAJI ABDULLAH MEHRAN POTO,401010669,"24.668801034571, 68.8944409101918",Badin,Muhammad Khan Bhurgari
694,GBPS : ALLAH BACHAYO PARHIYAR @ AMIN RARHI,401010250,"24.5841635022229, 68.792421073367",Badin,Seerani
857,GBPS : LUTUF ALI NIZAMANI @ ASDULLAH SHAH,401010107,"24.7236539034374, 68.803448871557",Badin,Kadi Kazia
874,GBPS : MUHAMMAD ISMAIL SOOMRO,401010548,"24.6949457444194, 68.8349139702316",Badin,Badin-Mc
876,GBPS : MUHAMMAD JUNEJO,401010665,"24.7168954613776, 68.8129265556229",Badin,Kadi Kazia
916,GBPS : AROO KHASKHELI,401010762,"24.6250150655739, 68.8328471411062",Badin,Badin-Mc
921,GBPS : MUHAMMAD MATHAN JUNEJO,401010049,"24.7014094607588, 68.8146807257333",Badin,Kadi Kazia
922,GBPS : KOT PIR ALI SHAH BADIN,401010058,"24.6511919649894, 68.8353055717051",Badin,Badin-Mc
923,GBPS : PIR MALOOK SHAH BADIN,401010059,"24.6501229323025, 68.8377423542256",Badin,Badin-Mc
924,GBPS : AGROVILE COLONY BADIN,401010060,"24.6523437512104, 68.827693463067",Badin,Badin-Mc
925,GBPS : NOOR MUHAMMAD CHANG,401010078,"24.5996798944748, 68.8122814896702",Badin,Qazia Wah Stop
927,GBPS : ABDUL JABBAR GOPANG,401010088,"24.6458274889842, 68.8374245171744",Badin,Badin-Mc
928,GGPS : AGROVILE COLONY,401010134,"24.6525107404955, 68.8284096121788",Badin,Badin-Mc
929,GGPS : ABDUL JABBAR GOPANG,401010161,"24.6455824830656, 68.8375988613562",Badin,Badin-Mc
931,GBPS : JUMAN JUNEJO,401010264,"24.6860677661534, 68.7963679430883",Badin,Kadi Kazia
932,GBPS : WASI PIR ALI SHAH,401010266,"24.6439454421834, 68.8079792265096",Badin,Badin-Mc
934,GBPS : AHMED SOOMRO,401010448,"24.628755144062, 68.8188757013774",Badin,Badin-Mc
935,GBPS : ISMAIL JUNEJO,401010482,"24.6104514627927, 68.8300725831584",Badin,Qazia Wah Stop
938,GBPS : MIR KHAN CHANG,401010635,"24.6132131761077, 68.8233441755924",Badin,Qazia Wah Stop
939,GBPS : JEELANI COLONY,401010642,"24.6463101941889, 68.8330659290148",Badin,Badin-Mc
940,GBPS : EIDOO CHANG,401010680,"24.6062741596437, 68.8107445836067",Badin,Qazia Wah Stop
941,GBPS : HUSSAIN CHANG,401010710,"24.6211489542045, 68.8267949232456",Badin,Qazia Wah Stop
942,GBPS : H SIDDIQUE CHANG,401010763,"24.620719802999, 68.8196119681989",Badin,Qazia Wah Stop
943,GBPS : NOOR MOHD SOOMRO,401010765,"24.6514941864217, 68.8033819208043",Badin,Badin-Mc
952,GBPS : LAKHADINO SOOMRO,401010236,"24.6009114649623, 68.8501033144531",Badin,Qazia Wah Stop
968,GBPS : UMER CHANG,401010483,"24.5891171051809, 68.8394281212547",Badin,Qazia Wah Stop
1004,GBPS : MUBEEN AHMED JUNEJO,401010065,"24.6765627820722, 68.8953226804237",Badin,Haji Soomar Abro
1005,GBPS : KHABAR KHAN KHOSO,401010081,"24.7121357167187, 68.911817595313",Badin,Zainul Abdin Alias / Jhando Shah Dargah
1006,GBPS : MISRI DETHO,401010106,"24.6910758764954, 68.8873109220962",Badin,Zainul Abdin Alias / Jhando Shah Dargah
1009,GGPS : TANDO GAMOO,401010152,"24.6777107322087, 68.8951590691992",Badin,Haji Soomar Abro
1027,GBPS : BAKADAR SHAH,401010334,"24.722676, 68.925832",Badin,Zainul Abdin Alias / Jhando Shah Dargah
1034,GBPS : MOHSIN HALEPOTO,401010344,"24.6932520641492, 68.8918492182321",Badin,Zainul Abdin Alias / Jhando Shah Dargah
1035,GBPS : AHMED KHAN KHOSO,401010346,"24.6787428968584, 68.9076367014649",Badin,Haji Soomar Abro
1036,GBPS : BHALE DINO THEBO,401010349,"24.7075085707821, 68.8920933009313",Badin,Zainul Abdin Alias / Jhando Shah Dargah
1039,GBPS : ARAB SOOMRO,401010353,"24.6702111049066, 68.8907548785706",Badin,Haji Soomar Abro
1041,GBPS : ALLAH WARAYO KHOSO,401010355,"24.71146686613, 68.9282816650469",Badin,Zainul Abdin Alias / Jhando Shah Dargah
1043,GBPS : JALAL SHAH,401010358,"24.6705084589466, 68.8839635253946",Badin,Haji Soomar Abro
1048,GBPS : MATARO HALEPOTO,401010462,"24.6985474230628, 68.9004108312725",Badin,Zainul Abdin Alias / Jhando Shah Dargah
1049,GBPS : PIARO KHAN KHOSO,401010463,"24.714432152013, 68.9114226402838",Badin,Zainul Abdin Alias / Jhando Shah Dargah
1050,GBPS : MUHAMMAD KHAN SOOMRO,401010478,"24.6766553955682, 68.9010143283009",Badin,Haji Soomar Abro
1052,GBPS : JANGLI KHAN CHANDIO,401010516,"24.7148317427532, 68.9236199845874",Badin,Zainul Abdin Alias / Jhando Shah Dargah
1059,GBPS : IBRAHIM SOLANGI,401010553,"24.6983549274374, 68.8814288380741",Badin,Zainul Abdin Alias / Jhando Shah Dargah
1183,GBPS : NOOR MUHAMMAD JAT,401020128,"24.3903665694516, 68.5810214279096","Shaheed Fazal Rahu, Golarchi",Durga Sharif Ahmed Rajo
1189,GBPS : ILYAS RAJO,401020182,"24.410037141005, 68.5775506503381","Shaheed Fazal Rahu, Golarchi",Durga Sharif Ahmed Rajo
1191,GBPS : CHACK NO. 48,401020184,"24.4657036132428, 68.5564148406194","Shaheed Fazal Rahu, Golarchi",Durga Sharif Ahmed Rajo
1210,GBPS : GIRARI POLICE POST @ MUHAMMAD JUMAN,401020211,"24.4661497046237, 68.5447418658943","Shaheed Fazal Rahu, Golarchi",Durga Sharif Ahmed Rajo
1211,GBPS : GHULAM ALI CHANDIO,401020212,"24.4606052607505, 68.5713869355115","Shaheed Fazal Rahu, Golarchi",Durga Sharif Ahmed Rajo
1212,GBPS : HAROON RAJO CHACK NO. 84,401020213,"24.4044450289199, 68.558423817555","Shaheed Fazal Rahu, Golarchi",Durga Sharif Ahmed Rajo
1220,GBPS : SHAHBAZ REHAN AT GHULAM HUSSAIN,401020222,"24.4467161816833, 68.590151667148","Shaheed Fazal Rahu, Golarchi",Durga Sharif Ahmed Rajo
1226,GBPS : MUKHTAR HUSSAIN MIRZA,401020370,"24.4758439882224, 68.5645204777521","Shaheed Fazal Rahu, Golarchi",Durga Sharif Ahmed Rajo
1229,GBPS : ABDUL REHMAN SAMEJO,401020383,"24.4007554917582, 68.5575105254351","Shaheed Fazal Rahu, Golarchi",Durga Sharif Ahmed Rajo
1230,GBPS : CHAK NO. 50,401020393,"24.4500674311307, 68.557989299198","Shaheed Fazal Rahu, Golarchi",Durga Sharif Ahmed Rajo
1231,GBPS : MIR MUHAMMAD TALPUR,401020394,"24.4110873910921, 68.585583866735","Shaheed Fazal Rahu, Golarchi",Durga Sharif Ahmed Rajo
1284,GBPS : JUMMO KHASKELI,401010015,"24.5850065917207, 68.7894169936073",Badin,Qazia Wah Stop
1285,GBPS : ALLAH BACHAYO PERHIAR,401010017,"24.5679230777369, 68.7541910977709",Badin,Qazia Wah Stop
1286,GBPS : HAROON RAJO,401010019,"24.5397633360108, 68.7509581403295",Badin,Pir Fatah Shah
1287,GBPS : HAJI USMAN CHANDIO,401010020,"24.6241529902615, 68.7809425590437",Badin,Qazia Wah Stop
1288,GBPS : HAJI HASHIM CHANDIO,401010021,"24.6395425211509, 68.7836301334696",Badin,Qazia Wah Stop
1290,GBPS : VIKYO KHASKHELI,401010051,"24.6685950982992, 68.7772880492112",Badin,MC - Badin
1291,GBPS : WALI MUHAMMAD NIZAMANI,401010052,"24.7241839670165, 68.8013112543028",Badin,Kadi Kazia
1292,GBPS : FATEH MUHAMMAD CHANDIO,401010053,"24.6420658175374, 68.757937253316",Badin,Qazia Wah Stop
1293,GBPS : CHHATO JUNEJO,401010054,"24.7652964355669, 68.8057288523516",Badin,Kadi Kazia
1295,GBPS : SHER KHAN CHANG,401010077,"24.6177896515722, 68.7733787281315",Badin,Qazia Wah Stop
1296,GBPS : MUHAMMAD HASHIM JAMALI @ MITHOMAL K,401010079,"24.6873015113698, 68.7271327483964",Badin,Kadi Kazia
1297,GBPS : HAJI NATHO KHASKHELI,401010093,"24.6008309790668, 68.7573257089655",Badin,Qazia Wah Stop
1298,GBPS : KARO KHASKHELI,401010094,"24.6530397298985, 68.7651617668445",Badin,Kadi Kazia
1299,GBPS : HAJI MANDHRO,401010099,"24.6909735194855, 68.7746769193807",Badin,Kadi Kazia
1300,GBPS : MISSRI JONEJO @ MANTHAR KHASKHELI,401010100,"24.7157990395005, 68.7317079305649",Badin,Kadi Kazia
1301,GBPS : GHULAM NABI MOSEPOTO,401010112,"24.5149309067471, 68.7237578590725",Badin,Pir Fatah Shah
1302,GBPS : GHPS GHULAM MUHAMMAD MOSEPOTO,401010113,"24.5351603262187, 68.7210783360403",Badin,Pir Fatah Shah
1303,GBPS : HAJI ALI BUX CHANDIO,401010114,"24.6444427872701, 68.7755191302308",Badin,Qazia Wah Stop
1304,GBPS : HUSSAIN BUX HOTTE,401010115,"24.6787416730078, 68.7825706604122",Badin,Kadi Kazia
1305,GBPS : ALLAH DITTO LASHARI,401010116,"24.7481393770013, 68.7548446659246",Badin,Kadi Kazia
1306,GGPS : GHULAM ALI KHASKHELI,401010157,"24.5852196013672, 68.7898340825239",Badin,Qazia Wah Stop
1310,GBPS : PINILADHO RAJO,401010253,"24.5191065601729, 68.7332823874552",Badin,Pir Fatah Shah
1311,GBPS : SOOMAR PERHIAR,401010256,"24.5833195770317, 68.7667536737521",Badin,Qazia Wah Stop
1312,GBPS : MUBARAK PERHIAR,401010257,"24.566611931063, 68.7614107117723",Badin,Kadi Kazia
1313,GBPS : NENOMAL KHOLHI,401010258,"24.6152691291685, 68.7871898723743",Badin,Qazia Wah Stop
1314,GBPS : NAZAR ALI CHANDIO,401010261,"24.6712932998175, 68.7637308238944",Badin,Kadi Kazia
1315,GBPS : SAWAN CHANDIO @ ABDUL RAHIM NIZAMAN,401010265,"24.733171674735, 68.8054351498357",Badin,Kadi Kazia
1316,GBPS : KHAN MUHAMMAD NIZAMANI,401010278,"24.7394308510971, 68.8063108928995",Badin,Kadi Kazia
1317,GBPS : ALAM KHAN LUND,401010279,"24.7302320219113, 68.7923996153473",Badin,Kadi Kazia
1318,GBPS : HAJI AHMED OTHO,401010444,"24.7431399230272, 68.7860977652668",Badin,Kadi Kazia
1319,GBPS : ADIL KHASKHELI,401010445,"24.593934045162, 68.7717586755753",Badin,Qazia Wah Stop
1320,GBPS : MISRI JAMALI,401010446,"24.6279737088028, 68.7947639832891",Badin,Qazia Wah Stop
1321,GBPS : UMER MALLAH,401010447,"24.7171683536882, 68.7710800766945",Badin,Kadi Kazia
1322,GBPS : ALLAH WARAYO KHASKHELI,401010449,"24.7124415002899, 68.7534499170382",Badin,Kadi Kazia
1324,GBPS : FAQEER KOLHI,401010452,"24.7142481951791, 68.8074427840611",Badin,Kadi Kazia
1325,GBPS : JAMALUDDIN CHANDIO,401010453,"24.674123061705, 68.7615126371384",Badin,Kadi Kazia
1326,GBPS : AHMED SHAH BUKHARI @ SHAVO,401010454,"24.6920445579051, 68.7266305100914",Badin,Kadi Kazia
1327,GBPS : MUBARAK PARHERI,401010455,"24.7484809986302, 68.7886867661012",Badin,Kadi Kazia
1330,GBPS : MUHAMMED SIDDIQUE CHANDIO,401010587,"24.6490759150578, 68.7524400667841",Badin,Qazia Wah Stop
1331,GBPS : ALI MUHAMMAD MANDHRO,401010621,"24.6898183746873, 68.7640634179115",Badin,Kadi Kazia
1332,GBPS : SALEH KHASKHELI,401010637,"24.6101661512311, 68.8003952799738",Badin,Qazia Wah Stop
1333,GBPS : KACCHO KHAN CHANG,401010659,"24.5265247888841, 68.6995643377304",Badin,Pir Fatah Shah
1334,GBPS : AHMED GHANI BHEER,401010661,"24.6187684964943, 68.8001176696603",Badin,Qazia Wah Stop
1335,GBPS : ALI KHAN CHANG,401010662,"24.6127412662643, 68.7615072727204",Badin,Qazia Wah Stop
1336,GBPS : BABOO MALLAH,401010714,"24.5235867247726, 68.7426137933148",Badin,Pir Fatah Shah
1337,GBPS : MUHAMMAD HASSAN SHAH,401010716,"24.5996994025169, 68.7860870364307",Badin,Qazia Wah Stop
1338,GBPS : MAVO JISKANI,401010717,"24.599661203864, 68.7750890849145",Badin,Qazia Wah Stop
1339,GBPS : ABDUL SATTAR PERHIAR,401010718,"24.555423081434, 68.7390625478823",Badin,Qazia Wah Stop
1340,GBPS : HAJI GHULAM JAMALI,401010721,"24.7368644518758, 68.7250815336901",Badin,Kadi Kazia
1341,GBPS : BACHOO KHASKHELI,401010722,"24.7677782084377, 68.7972745302319",Badin,Kadi Kazia
1342,GBPS : HAJI JAN MUHAMMAD CHANDIO,401010724,"24.7550338942511, 68.8073475661873",Badin,Kadi Kazia
1345,GBHS : GHULAM HUSSAIN PARHIYAR,401010827,"24.5485285059778, 68.7276792538162",Badin,Qazia Wah Stop
1346,GBHS : FATAN PARHIYAR,401010831,"24.5945632765844, 68.7415784593424",Badin,Qazia Wah Stop
21012,GBPS : MOOSA JUNEJO,901000028,"24.5910487996597, 68.7909847498933",Badin,Qazia Wah Stop
21262,GBPS : MUHAMMAD KHAN CHANG,401010244,"24.5895781148945, 68.8013166192173",Badin,Qazia Wah Stop
21267,GBHS : AGROVILE COLONY BADIN,401010790,"24.6518025633252, 68.828173578282",Badin,Badin-Mc
34389,GBPS : ARAB MALLAH,401010055,"24.7377109898151, 68.7628456950188",Badin,Kadi Kazia
34485,GBPS : JUMRO RAJO,401010443,"24.5502875546332, 68.7547212839127",Badin,Pir Fatah Shah
34486,GBPS : LAKHA DINO SAREJO,401010531,"24.7150071719694, 68.7892171745497",Badin,Kadi Kazia
51752,GECE : (M/W) BADIN,401010845,"24.65159347756, 68.8267424203977",Badin,MC - Badin
2346,GBHS : KHALIFO QASIM,401040740,"24.7492649757044, 69.1095452300885",Tando Bago,Khalifo Qasim
2401,GBPS : HAJI ABDUL KHALIQUE,401040009,"24.750389459275, 69.1696678192286",Tando Bago,Choudri Deen Muhammad
2402,GBPS : MUHAMMAD YAQOOB SAHTO,401040018,"24.761142392324, 69.1594424843788",Tando Bago,Choudri Deen Muhammad
2403,GBPS : MUHAMMAD ISHAQUE BHORIO,401040088,"24.7589584391644, 69.1684781412428",Tando Bago,Choudri Deen Muhammad
2404,GGPS : BISMILLAH PUR,401040091,"24.754273233647, 69.1618907849662",Tando Bago,Choudri Deen Muhammad
2405,GGELS : CHOUDHRY DIN MUHAMMAD,401040096,"24.740398720901, 69.226634565535",Tando Bago,Choudri Deen Muhammad
2406,GGPS : GHULAM NABI SHAH,401040114,"24.7122489523469, 69.2112520149067",Tando Bago,Choudri Deen Muhammad
2410,GBPS : ABDUL HAQUE BHURGARI,401040183,"24.6715687143908, 69.1944828598708",Tando Bago,Muhammad Ishaq Dero
2411,GBPS : ALLAH BACHAYO DARS,401040195,"24.7277323683753, 69.2520766040804",Tando Bago,Choudri Deen Muhammad
2412,GBPS : CHOUDHRI DIN MUHAMMAD,401040196,"24.7367908676871, 69.2261624399367",Tando Bago,Choudri Deen Muhammad
2413,GBPS : CHOUDHRI BASHIR,401040210,"24.7128548631849, 69.2404205162962",Tando Bago,Choudri Deen Muhammad
2414,GBPS : MAKHDOOM ABDUL RASOOL,401040211,"24.7402712650164, 69.174988566486",Tando Bago,Choudri Deen Muhammad
2417,GBPS : AHMED ALI JUNEJO,401040318,"24.7122173008089, 69.2111581675877",Tando Bago,Choudri Deen Muhammad
2418,GBPS : MUHAMMAD IBRAHIM KHASKHELI,401040319,"24.7217098573305, 69.2181238514158",Tando Bago,Choudri Deen Muhammad
2419,GBPS : JARKISS (MUKHTYAR),401040320,"24.7300411011095, 69.2393081356999",Tando Bago,Choudri Deen Muhammad
2420,GBPS : PALIO KHASKHELI,401040325,"24.6691459305042, 69.2164716084241",Tando Bago,Muhammad Ishaq Dero
2421,GBPS : MALIK MUHAMMAD @GUL MUHAMMAD AHMEDA,401040347,"24.7735618281688, 69.1437612096162",Tando Bago,Choudri Deen Muhammad
2422,GBPS : GHULAM MUHAMMED ARAIN,401040425,"24.7031528938183, 69.2259478622756",Tando Bago,Choudri Deen Muhammad
2423,GBPS : ALI KHAN AHMEDANI,401040490,"24.7651633472909, 69.1496018608117",Tando Bago,Choudri Deen Muhammad
2424,GBPS : ALI MUHAMMAD KHASKHELI,401040491,"24.7303757639633, 69.2168801854569",Tando Bago,Choudri Deen Muhammad
2425,GBPS : GHULAMULLAH BHURGARI,401040493,"24.6862065727054, 69.2027789318507",Tando Bago,Muhammad Ishaq Dero
2426,GBPS : MOULA BUX PATHAN,401040512,"24.6450389361666, 69.2321005304224",Tando Bago,Muhammad Ishaq Dero
2427,GBPS : JALAL KHAN KHOSO,401040615,"24.6630071632462, 69.2316502337165",Tando Bago,Muhammad Ishaq Dero
2430,GBPS : JUMOON BHURGARI,401040696,"24.6900779090887, 69.1899083539075",Tando Bago,Muhammad Ishaq Dero
2432,GBPS : MUHAMMAD IBRAHIM AHDANI,401040698,"24.775182, 69.139691",Tando Bago,Choudri Deen Muhammad
2433,GBPS : MUHAMMAD RAHIM MANIO,401040699,"24.6506446238447, 69.2040449371921",Tando Bago,Muhammad Ishaq Dero
2435,GBHS : BALOCH CHAK,401040745,"24.6631322709614, 69.2053075274311",Tando Bago,Muhammad Ishaq Dero
2444,GGPS : HAJI ABDUL KHALIQ,401040094,"24.7490974668607, 69.1697882118162",Tando Bago,Choudri Deen Muhammad
2560,GBPS : JUMOON MALLAH,401050275,"24.7699323729253, 68.9427173139155",Talhar,Pir Bahadur Shah Siqiqui
2596,GBPS : GULAN KHASKHELI,401050180,"24.839820760449, 68.9212261119988",Talhar,Pir Bahadur Shah Siqiqui
2703,GBPS : MIR ALI MUHAMMAD TALPUR,401040012,"24.7754282677571, 68.9895615408423",Tando Bago,Tando Bago-Tc
2704,GBPS : AKBAR KATIAR,401040025,"24.7847304611642, 68.9241135181963",Tando Bago,Tando Bago-Tc
2705,GBPS : KIRAR CHANDIO,401040026,"24.8296771102123, 68.9371663044771",Tando Bago,Khan Bahadur Mir Ghulam Muhammad Talpur
2706,GBPS : NATHO KHASKHELI @ BACHAL PUNHWAR,401040035,"24.773494, 68.991521",Tando Bago,Tando Bago-Tc
2707,GBPS : HAJI QASIM MANGRIO,401040040,"24.7799087321862, 68.9694573492974",Tando Bago,Tando Bago-Tc
2708,GBPS : ALLAH DINO CHANDIO,401040056,"24.8336, 68.9356",Tando Bago,Khan Bahadur Mir Ghulam Muhammad Talpur
2709,GBPS : YAR MUHAMMAD LUND,401040057,"24.8020942607942, 69.017030421833",Tando Bago,Khan Bahadur Mir Ghulam Muhammad Talpur
2711,GBPS : MUHAMMAD SALEH CHONIHO,401040060,"24.8103318909388, 68.9553329111775",Tando Bago,Khan Bahadur Mir Ghulam Muhammad Talpur
2713,GBPS : ACHAR KATYAR,401040073,"24.7838070515159, 68.9339577854112",Tando Bago,Tando Bago-Tc
2714,GBPS : MUHAMMAD MUREED JALBANI,401040079,"24.8104024126298, 68.9096726506614",Tando Bago,Khan Bahadur Mir Ghulam Muhammad Talpur
2715,GBPS : MIR SOHBAT TALPUR,401040080,"24.779681285182, 68.9703143974647",Tando Bago,Tando Bago-Tc
2719,GBPS : RAMZAN MALLAH,401040273,"24.7875683779221, 68.99403986941",Tando Bago,Khan Bahadur Mir Ghulam Muhammad Talpur
2720,GBPS : KHADO,401040278,"24.816997679942, 68.8991868118253",Tando Bago,Khan Bahadur Mir Ghulam Muhammad Talpur
2721,GBPS : ABDULLAH ZANGEJO,401040351,"24.8137867507192, 68.9097048085619",Tando Bago,Khan Bahadur Mir Ghulam Muhammad Talpur
2722,GBPS : LAL BUX MALLAH,401040357,"24.8145886618711, 68.9303376655083",Tando Bago,Khan Bahadur Mir Ghulam Muhammad Talpur
2723,GBPS : PATEL KHAMISO ATHELO,401040359,"24.7959682972744, 68.9985765036765",Tando Bago,Khan Bahadur Mir Ghulam Muhammad Talpur
2724,GBPS : KOTRI MALLAH,401040361,"0, 0",Tando Bago,TC - Tando Bago
2725,GBPS : SIDDIQUE BHAN,401040376,"24.7823642087501, 68.9382042627331",Tando Bago,Tando Bago-Tc
2726,GBPS : SAIFAL CHANDIO,401040377,"24.8324009615631, 68.9187748193641",Tando Bago,Khan Bahadur Mir Ghulam Muhammad Talpur
2729,GBPS : HAJI DATOO JAT,401040463,"24.7815956328955, 69.0051266391232",Tando Bago,Khan Bahadur Mir Ghulam Muhammad Talpur
2730,GBPS : ALLAH BUX OTHO,401040464,"24.7789244879622, 69.0064504404573",Tando Bago,TC - Tando Bago
2731,GBPS : MAZAR KHAN GOPANG,401040465,"24.8248663086865, 68.8907895207068",Tando Bago,Khan Bahadur Mir Ghulam Muhammad Talpur
2732,GBPS : ALLAH DINO SARKI,401040466,"24.7707401444337, 68.9993637302791",Tando Bago,Tando Bago-Tc
2734,GBPS : GHULAM MUHAMMAD THEBO,401040473,"24.7857288377509, 69.0228872438728",Tando Bago,Haji Paryal Buledi @ Waryal Shah Stop
2735,GBPS : KHUDA BUX CHANDIO,401040538,"24.816421636946, 68.9384627898586",Tando Bago,Khan Bahadur Mir Ghulam Muhammad Talpur
2736,GBPS : CHHUTO KHAN KALOI,401040540,"24.8022, 68.9403",Tando Bago,Khan Bahadur Mir Ghulam Muhammad Talpur
2737,GBPS : MAKHAN REBARI,401040543,"24.8220726004445, 68.9433204968544",Tando Bago,Khan Bahadur Mir Ghulam Muhammad Talpur
2738,GBPS : ALLAH JURIO PATHAN,401040550,"24.7726246436858, 69.0189019163379",Tando Bago,Haji Paryal Buledi @ Waryal Shah Stop
2739,GBPS : ALOO KOLHI,401040569,"24.7848384085762, 68.9548086317564",Tando Bago,Tando Bago-Tc
2740,GBPS : KHITO KOHLI,401040570,"24.7821303046724, 68.9481759847071",Tando Bago,Tando Bago-Tc
2741,GBPS : MEHRAM MALLAH,401040599,"24.7997518494112, 68.9312113266488",Tando Bago,Khan Bahadur Mir Ghulam Muhammad Talpur
2742,GBPS : MUHAMMAD RAMZAN CHANDIO,401040600,"24.8251550674156, 68.9120617032625",Tando Bago,Khan Bahadur Mir Ghulam Muhammad Talpur
2743,GBPS : SALEH THEBO,401040620,"24.7895808838901, 69.0288503736365",Tando Bago,Haji Paryal Buledi @ Waryal Shah Stop
2744,GBPS : KHAN MUHAMMAD SHAH,401040638,"24.7869838089687, 68.9697486162186",Tando Bago,Tando Bago-Tc
2746,GBPS : MUHAMMAD MOOSA NEWABAD NO 02,401040640,"24.7808731047769, 68.9611540179021",Tando Bago,Tando Bago-Tc
2748,GBPS : PHOTO KHASKHELI @ MADARSA JAMSHA AR,401040684,"24.7853, 68.9619",Tando Bago,TC - Tando Bago
2749,GBPS : KHADIM DAHAR @ NOOR HASSAN THEBO,401040690,"24.7683, 69.0056",Tando Bago,TC - Tando Bago
2750,GGHSS : TANDO BAGO,401040743,"24.7879272753156, 68.9630957543919",Tando Bago,Tando Bago-Tc
2756,GBELS : SACHOO ATHELO,401040049,"24.8232635304743, 68.9760191779292",Tando Bago,Khan Bahadur Mir Ghulam Muhammad Talpur
2759,GBPS : MUHAMMAD HANIF JAMALI @ HAJAN JAMAL,401040064,"24.8123630386732, 69.044567929253",Tando Bago,Sarang Faqeer @ Haji Sono Khan Jamali
2761,GGPS : SACHOO ATHELO,401040112,"24.8230764241778, 68.9758122621706",Tando Bago,Khan Bahadur Mir Ghulam Muhammad Talpur
2762,GGELS : GULAN KHASKHELI,401040123,"24.7948423548594, 68.9710809644956",Tando Bago,Khan Bahadur Mir Ghulam Muhammad Talpur
2766,GBPS : ALI KHAN JAMALI,401040248,"24.8344380280841, 69.0727634308374",Tando Bago,Auli Khan Shah
2773,GBPS : HAJI ALLAH DINO KHASKHELI @ SACHOO,401040352,"24.8677158528128, 69.0440290614711",Tando Bago,Sarang Faqeer @ Haji Sono Khan Jamali
2777,GBPS : BACHAL KHASKHELI,401040356,"24.8495550418, 68.9326085804837",Tando Bago,Khan Bahadur Mir Ghulam Muhammad Talpur
2778,GBPS : KHAMISO QUMBRANI AT DARYA KHAN,401040358,"24.8669506963079, 69.0565989964052",Tando Bago,Sarang Faqeer @ Haji Sono Khan Jamali
2779,GBPS : LAL BUX KALOI,401040360,"24.8362239626578, 68.9570510459099",Tando Bago,Khan Bahadur Mir Ghulam Muhammad Talpur
2782,GBPS : ABDUL KHALIQUE,401040374,"24.8067048825752, 69.0612754952004",Tando Bago,Auli Khan Shah
2786,GBPS : TAJ MUHAMMAD CHANDIO,401040462,"24.8368259760111, 68.9484966097237",Tando Bago,Khan Bahadur Mir Ghulam Muhammad Talpur
2787,GBPS : HAJI UBRIO DAGO@MUHAMMAD CHHUTAL SO,401040467,"24.8545937834973, 68.9449614167095",Tando Bago,Khan Bahadur Mir Ghulam Muhammad Talpur
2789,GBPS : MUHAMMAD QASIM UNAR,401040475,"24.8350628913734, 69.043475425825",Tando Bago,Auli Khan Shah
2791,GBPS : RUSTAM MALLAH,401040555,"24.8571459970466, 69.0656107721451",Tando Bago,Sarang Faqeer @ Haji Sono Khan Jamali
2794,GBPS : GHULAM MUHAMMED MALLAH,401040586,"24.8406, 69.0369",Tando Bago,Sarang Faqir @ Sono Khan Jamali
2795,GBPS : KHABAR KALOI @ MUHAMMAD KHASKHELI,401040621,"24.8618036493436, 69.046705224054",Tando Bago,Sarang Faqeer @ Haji Sono Khan Jamali
2796,GBPS : BADAL HUSSAIN LAGHARI,401040675,"24.8198751895056, 68.970653393646",Tando Bago,Khan Bahadur Mir Ghulam Muhammad Talpur
2797,GBPS : MUHAMMAD KHAN KORAI,401040677,"24.8218219049269, 68.9743226828571",Tando Bago,Khan Bahadur Mir Ghulam Muhammad Talpur
2800,GBPS : ABDUL GHANI UNER,401040680,"24.8417395702946, 69.0475988770483",Tando Bago,Sarang Faqeer @ Haji Sono Khan Jamali
2802,GBPS : RANO KHAN JAMALI @ MUBARAK KALOI,401040682,"24.8185390888692, 68.9630399799542",Tando Bago,Khan Bahadur Mir Ghulam Muhammad Talpur
2804,GBLSS : ALI KHAN JAMALI,401040726,"24.8344754110343, 69.072768661913",Tando Bago,Auli Khan Shah
2823,GBPS : GUL MUHAMMAD TURK,401040245,"24.7645730852596, 69.0648651132978",Tando Bago,Auli Khan Shah
2884,GBPS : TUSEEDINO SAND,401040693,"24.7827993596252, 69.0654337406159",Tando Bago,Haji Paryal Buledi @ Waryal Shah Stop
2894,GBPS : DOST MUHAMMAD LAGHARI,401040021,"24.7899962748536, 69.0832851916538",Tando Bago,Auli Khan Shah
2897,GBPS : KASIR KHAN CHANDIO,401040059,"24.8387205687762, 69.1129544456788",Tando Bago,Auli Khan Shah
2902,GGPS : KHALIFO MUHAMMAD HASHIM LAGHARI,401040132,"24.7783848870519, 69.0790412487599",Tando Bago,Auli Khan Shah
2903,GGPS : GUL MUHAMMAD KAPRI,401040141,"24.7398595760092, 69.2254650308745",Tando Bago,Auli Khan Shah
2905,GBPS : SAINDAD LUND,401040190,"24.7994548907323, 69.1558590575053",Tando Bago,Auli Khan Shah
2906,GBPS : GHULAM MUHAMMAD CHHAJRO,401040192,"24.7917240162094, 69.1429294397471",Tando Bago,Auli Khan Shah
2909,GBPS : KHALIFO MUHAMMAD HASHIM,401040203,"24.7770180191865, 69.0785712404987",Tando Bago,Auli Khan Shah
2913,GBPS : MOOSA KEERIO,401040212,"24.8213521173897, 69.1190323277308",Tando Bago,Auli Khan Shah
2914,GBPS : RATO FAQIR,401040219,"24.8132768389909, 69.0916630570102",Tando Bago,Auli Khan Shah
2917,GBPS : SALEH PANHWAR,401040235,"24.795193, 69.155082",Tando Bago,Auli Khan Shah
2919,GBPS : SHAHDAD KHAN RIND,401040243,"24.801466030709, 69.1065036984324",Tando Bago,Auli Khan Shah
2925,GBPS : MUHAMMAD ISHAQ DAL,401040303,"24.7523508626059, 69.0792658848946",Tando Bago,Khalifo Qasim
2926,GBPS : ROPARO,401040304,"24.7502829173356, 69.1295411503416",Tando Bago,Khalifo Qasim
2928,GBPS : HAJI MUHAMMAD HASHIM KHOSO,401040306,"24.7526432739075, 69.119429294665",Tando Bago,Khalifo Qasim
2929,GBPS : AHMED HINGORO,401040307,"24.7465877141362, 69.1428141758771",Tando Bago,Khalifo Qasim
2940,GBPS : CHOUDHRY ALAH BUX AT URS JUNEJO,401040324,"24.7264, 69.15",Tando Bago,Khalifo Qasim
2944,GBPS : GUL MUHAMMAD KHOSO,401040506,"24.7931398659527, 69.114597290357",Tando Bago,Auli Khan Shah
2945,GBPS : MAHMOOD MEHAR@HAJI MUHAMMAD HASSAN,401040509,"24.7401049093352, 69.1190618876276",Tando Bago,Khalifo Qasim
2947,GBPS : SAWAN LUND,401040572,"24.7998907916577, 69.0711925013774",Tando Bago,Auli Khan Shah
2950,GBPS : ALI AHMED JAT,401040587,"24.7317, 69.1094",Tando Bago,Khalifo Qasim
2951,GBPS : JAMAL KHAN,401040616,"24.7075, 69.0811",Tando Bago,Khalifo Qasim
2952,GBPS : MOHAMMAD YOUNIS JUNEJO,401040617,"24.7431091955601, 69.1314724194988",Tando Bago,Khalifo Qasim
2955,GBPS : AHSAAH AWAN,401040625,"24.7252766701562, 69.1360992193222",Tando Bago,Khalifo Qasim
2956,GBPS : ABDUL RASHEED CHANDIO,401040626,"24.7511159469733, 69.0622419345345",Tando Bago,Khalifo Qasim
2957,GBPS : KHIO FAQEER LUND,401040627,"24.819164262119, 69.0832876912921",Tando Bago,Auli Khan Shah
2959,GBPS : SAJAN SAMEJO,401040630,"24.7939289916079, 69.1399146491308",Tando Bago,Auli Khan Shah
2960,GBPS : NOURANG KHAN RIND,401040631,"24.8015358980527, 69.1065146432604",Tando Bago,Auli Khan Shah
2962,GBPS : PIR AMAAH SHAH @ PORHO SOLANGI,401040700,"24.7818739994391, 69.1354796548646",Tando Bago,Auli Khan Shah
2963,GBPS : SHARIF CHANDIO,401040707,"24.7578410226881, 69.0835963183642",Tando Bago,Khalifo Qasim
3075,GBPS : HAJI GHULAM HUSAIN LAIL,401040228,"24.7504030780254, 69.1829198555855",Tando Bago,Pangrio-Tc
3082,GBPS : CHOUDHRI BADRUDDIN ARAIN,401040316,"24.7466997312084, 69.2145565125306",Tando Bago,Pangrio-Tc
3088,GBPS : HUSSAIN SOOMRO,401040442,"24.7584247869894, 69.1805183667804",Tando Bago,Pangrio-Tc
3103,GBPS : KHAN MUHAMMAD VEGHO / HAJI KHAN MUH,401040670,"24.7415891416842, 69.1964864766652",Tando Bago,Pangrio-Tc
21286,GBPS : NAWAB DALWANI,401040481,"24.7358911805079, 69.1766971587003",Tando Bago,Choudri Deen Muhammad
21417,GBPS : JAN MUHAMMAD LUND,401040559,"24.8103792856051, 69.041100984853",Tando Bago,Auli Khan Shah
34987,GBPS : BACHAL AHMEDANI,401040180,"24.6954136075511, 69.200482967202",Tando Bago,Muhammad Ishaq Dero
34988,GBPS : PIR BUX JAMALI AT AMANAT ALI,401040448,"24.7230084449132, 69.1933107317897",Tando Bago,Choudri Deen Muhammad
35072,GBPS : AROO DUL (RAHIM DAL),401040039,"24.8077880744799, 68.9161147116941",Tando Bago,Khan Bahadur Mir Ghulam Muhammad Talpur
35074,GBPS : KARIM BUX ZANGEJO,401040558,"24.8145550019966, 68.9079003513219",Tando Bago,Khan Bahadur Mir Ghulam Muhammad Talpur
35080,GGPS : HAJI ARAB KATIAR,401040133,"24.786276737446, 68.9235877996681",Tando Bago,Khan Bahadur Mir Ghulam Muhammad Talpur
35086,GBPS : OLYA KHAN SHAH,401040011,"24.8174227576774, 69.0642106699919",Tando Bago,Auli Khan Shah
35088,GBPS : MUHAMMAD MALLAH,401040238,"24.7946336776257, 69.1613065942166",Tando Bago,Auli Khan Shah
35089,GBPS : KHUDA BUX AHMEDANI,401040310,"24.7204952087231, 69.1414301141097",Tando Bago,Khalifo Qasim
559,GBPS : MUHAMMAD URS KHASKHELI,401010414,"24.5171272450961, 68.9850070306272",Badin,Abdullah Shah
562,GBPS : ALI BUX SHAH,401010420,"24.5348004115692, 69.0009487417052",Badin,Abdullah Shah
563,GBPS : DR. FAZAL KARIM,401010421,"24.5090090861399, 69.0389107167721",Badin,Shaheed Rani @ Allah Dino Jamali
564,GBPS : ALLAH DINO KHAN CHANDIO,401010422,"24.5079047332883, 69.027361122008",Badin,Shaheed Rani @ Allah Dino Jamali
566,GBPS : MUHAMMAD HUSSAIN JAMALI,401010432,"24.5282560531589, 68.9643908990694",Badin,Abdullah Shah
570,GBPS : MUHAMMAD AQIL DAL,401010471,"24.5254925791651, 69.0201057493033",Badin,Shaheed Rani @ Allah Dino Jamali
572,GBPS : SARDAR MUHAMMAD YOUSIF JAMALI,401010476,"24.5471085464308, 68.9633488647899",Badin,Abdullah Shah
576,GBPS : KHAIR MUHAMMAD CHANDIO,401010509,"24.5341062396738, 69.0378203953424",Badin,Abdullah Shah
582,GBPS : HAJI KHAN MUHAMMAD JAMALI,401010564,"24.5522942174662, 68.9643520099153",Badin,Abdullah Shah
594,GBPS : EIDOO KHAN JAMALI,401010683,"24.556572113888, 68.9765815428994",Badin,Abdullah Shah
605,GBPS : NABI BUX CHANDIO,401010040,"24.505436, 69.053563",Badin,Chakar Khan Panwar
608,GBPS : MUHAMMAD MITHAN JAT,401010312,"24.4191996567353, 69.0331057447978",Badin,Mitho Khan Cahndio
609,GBPS : MUHAMMAD SALEH JAT,401010313,"24.409465602539, 69.0323687777971",Badin,Mitho Khan Cahndio
619,GBPS : MUHAMMAD RAHIM MALLAH @ TOPLA MORI,401010329,"24.4297119803103, 69.0411651015681",Badin,Mitho Khan Cahndio
621,GBPS : BACHO KHOSO,401010331,"24.3863871262547, 69.0544018144426",Badin,Mitho Khan Cahndio
622,GBPS : MUHAMMAD UMAR KHOSO,401010332,"24.3943849511207, 69.0733060230845",Badin,Mitho Khan Cahndio
625,GBPS : ABDUL REHMAN NOTIAR,401010119,"24.506435, 68.974885",Badin,Shaheed Rani @ Allah Dino Jamali
628,GGPS : MITHAN SUBERO,401010176,"24.4897457041297, 68.9959430641947",Badin,Kadhan-Tc
631,GGPS : SYED IBRAHIM SHAH,401010202,"24.4598020191837, 68.9953234983983",Badin,Shaheed Rani @ Allah Dino Jamali
634,GBPS : SULLEMAN NOTIAR,401010419,"24.5147405359836, 68.9975986614332",Badin,Shaheed Rani @ Allah Dino Jamali
635,GBPS : AHMED KHAN CHANDIO,401010423,"24.4969632633097, 69.0353742214399",Badin,Mitho Khan Cahndio
636,GBPS : GHAZI NOTIAR,401010429,"24.5067039900525, 69.0105181950757",Badin,Shaheed Rani @ Allah Dino Jamali
641,GBPS : TAMACHI BAJIR,401010440,"24.4743274048935, 68.994587885505",Badin,Kadhan-Tc
642,GBPS : MITHO KHAN CHANDIO,401010466,"24.4627500704468, 69.0307547868622",Badin,Mitho Khan Cahndio
643,GBPS : DARIA KHAN CHANDIO,401010469,"24.4857376779191, 69.0236609971736",Badin,Mitho Khan Chandio
645,GBPS : ALLAH DITO CHANDIO,401010474,"24.4829476195417, 69.0026834008595",Badin,Mitho Khan Chandio
648,GBPS : UMAR JUNEJO,401010523,"24.4591354815574, 68.988196848937",Badin,Kadhan-Tc
652,GBPS : HAJI ABDULLAH BROHI,401010595,"24.4095938317124, 68.9928142728953",Badin,Mitho Khan Cahndio
655,GBPS : DHANI BUX KHASKHELI,401010653,"24.453261094722, 68.9875732361005",Badin,Kadhan-Tc
656,GBPS : HAJI FAREED CHANG,401010692,"24.4754894085144, 68.9681573956572",Badin,Shaheed Rani @ Allah Dino Jamali
657,GBPS : JUMAN BANBHRO,401010726,"24.4802783061587, 68.9828136559504",Badin,Kadhan-Tc
658,GBPS : MASU KHAN CHANDIO,401010727,"24.4820493018076, 68.9831757545471",Badin,Kadhan-Tc
660,GBPS : AZIZ PATHAN @ HAJI CHANDIO,401010729,"24.4834443577675, 69.0259180973165",Badin,Mitho Khan Cahndio
662,GBPS : MUHAMMAD SADDIQUE BAJEER,401010733,"24.483876408036, 68.9592477671658",Badin,Shaheed Rani @ Allah Dino Jamali
664,GBPS : VIKIO LANGAR,401010735,"24.5021790571249, 69.0119343904916",Badin,Mitho Khan Cahndio
665,GBPS : URIS KHASKHELI,401010736,"24.4648315592952, 69.0067406375368",Badin,Mitho Khan Cahndio
667,GBPS : AMIR BUX BROHI,401010739,"24.4163580335693, 69.0084716670071",Badin,Mitho Khan Cahndio
668,GBLSS : IBRAHIM SHORO,401010807,"24.3970988253409, 69.0127407157549",Badin,Mitho Khan Cahndio
669,GBHSS : KADHAN,401010829,"24.4843926918543, 68.9848279982706",Badin,Kadhan-Tc
685,GGPS : OPEN JAIL,401010200,"24.4248570293268, 68.8499611841309",Badin,Shaheed Dado Soomro
710,GBPS : BACHAL MALLAH,401010738,"24.4346888184849, 68.9905075530851",Badin,Mitho Khan Chandio
723,GBPS : MUHAMMAD BACHAL MALLAH,401010527,"24.4048126359821, 68.8271167884267",Badin,Shaheed Dodo Soomro@ Lakho Pir
725,GBPS : OPEN JAIL @ MISSRI MALLAH,401010529,"24.4263100117928, 68.8460451198872",Badin,Shaheed Dado Soomro
736,GBPS : MEENHAN WASAYO MALAH,401010626,"24.4131976274818, 68.8235132362575",Badin,Bhugra Memon
739,GBPS : ISMAIL MALLAH,401010634,"24.4266911062373, 68.8316336283085",Badin,Shaheed Dodo Soomro@ Lakho Pir
764,GBPS : HAJI MUHAMMAD BACHAL MANDHRO,401010030,"24.3820154913152, 68.8129084561872",Badin,Bhugra Memon
766,GBPS : BEHDMI,401010041,"24.3940038899764, 68.9341449729703",Badin,Behdimi
767,GBPS : HAJI HAROON MANDHARO,401010076,"24.402418, 68.783684",Badin,Bhugra Memon
768,GBPS : ALI BUX LUND,401010089,"24.3671428996187, 69.0223011398664",Badin,Behdimi
769,GBPS : SOOMAR MALLAH,401010095,"24.3783344175561, 69.0585102926824",Badin,Behdimi
770,GBPS : WALI MUHAMMAD JAMALI,401010108,"24.3627253615847, 69.0386612699607",Badin,Behdimi
771,GBLSS : AHMED RAHMOON,401010109,"24.3672088484189, 69.0432022490384",Badin,Behdimi
772,GBPS : ALLAH BACHAYO RAHIMOON,401010110,"24.3725460733616, 69.0481911639518",Badin,Behdimi
773,GBPS : ABDUL RAHIM MANDHRO,401010123,"24.3868305333298, 68.7908318648609",Badin,Bhugra Memon
778,GGPS : BAHDMI,401010150,"24.3940013958451, 68.934143634481",Badin,Behdimi
779,GGPS : DARYA KHAN KHASKHELI,401010182,"24.391456045615, 68.8807958369063",Badin,Shaheed Dodo Soomro@ Lakho Pir
786,GBPS : HAJI SAKHI MANDHRO,401010292,"24.38595165244, 68.7928978371065",Badin,Bhugra Memon
787,GBPS : MUHAMMAD ALI CHANDIO,401010294,"24.3863156805095, 68.9222520605847",Badin,Behdimi
788,GBPS : NOOR MUHAMMAD CHANG,401010295,"24.3819849109282, 68.9104724698627",Badin,Shaheed Dodo Soomro@ Lakho Pir
789,GBPS : MUHAMMAD RAMZAN DAL,401010296,"24.3769926018466, 68.9312294123596",Badin,Shaheed Dodo Soomro@ Lakho Pir
792,GBPS : DEENAR KHAN CHANG,401010300,"24.4501602105353, 68.9119201916881",Badin,Shaheed Dodo Soomro@ Lakho Pir
793,GBPS : MUHAMMAD HASHIM MANDHRO,401010301,"24.4307992825169, 68.9232692869806",Badin,Shaheed Dodo Soomro@ Lakho Pir
794,GBPS : JANJHO DAIL,401010303,"24.3599667367762, 68.9233182355626",Badin,Behdimi
795,GBPS : TAYYAB MALAH,401010304,"24.3539655872702, 68.7918879841701",Badin,Bhugra Memon
796,GBPS : ALLAH DINO MANDHRO,401010305,"24.3775514560949, 68.7902471395036",Badin,Bhugra Memon
797,GBPS : MOLVI HAJI AHMED MALLAH,401010308,"24.3634192981259, 68.8671969962544",Badin,Shaheed Dado Soomro
798,GBPS : HAJI BACHO MALLAH,401010309,"24.3810346114362, 68.8615348635863",Badin,Shaheed Dado Soomro
800,GBPS : MUHAMMAD RAHIM BOOHAR,401010311,"24.3499190268991, 69.0252891168516",Badin,Behdimi
801,GBPS : RAMZAN JAT,401010392,"24.3829694462221, 68.8749217943051",Badin,Shaheed Dado Soomro
803,GBPS : BAKHSHO DERO,401010395,"24.3906640054678, 68.8912423681788",Badin,Shaheed Dodo Soomro@ Lakho Pir
804,GBPS : HAZOORI KHASKHELI,401010396,"24.4173410386584, 68.9078123840052",Badin,Shaheed Dodo Soomro@ Lakho Pir
808,GBPS : MALOOK RAHIMOON,401010468,"24.3716347563165, 69.0045958745633",Badin,Behdimi
809,GBPS : ABDUL ALEEM JAT,401010526,"24.3717404247534, 68.9871843156911",Badin,Behdimi
810,GBPS : ALLAH DINO MALLAH,401010534,"24.3962096539469, 68.8201242684664",Badin,Bhugra Memon
813,GBPS : SHADMAN LUND,401010538,"24.3346318765373, 68.8773979470594",Badin,Behdimi
816,GBPS : BAHADUR KHAN LUND,401010559,"24.3321038252293, 68.8893628057011",Badin,Behdami
818,GBPS : IBRAHIM MANDHRO,401010574,"24.3735099070901, 68.7772129466917",Badin,Bhugra Memon
820,GBPS : MUHAMMED YOUSIF CHANG,401010594,"24.453883688745, 68.9065477279793",Badin,Shaheed Dodo Soomro@ Lakho Pir
821,GBPS : GUL MUHAMMED MALLAH,401010601,"24.3495622545031, 69.000556467656",Badin,Behdimi
822,GBPS : AHMED DAL,401010606,"24.3698304628024, 68.9151462168482",Badin,Shaheed Dodo Soomro@ Lakho Pir
824,GBPS : AHMAD RAHMOON,401010630,"24.3675295128964, 69.0432451657556",Badin,Behdimi
830,GBPS : ILYAS MALLAH,401010667,"24.3868915575498, 68.8436995446028",Badin,Shaheed Dodo Soomro@ Lakho Pir
831,GBPS : KHUS HAL SOLANGI,401010668,"24.4455002014049, 68.9172819256783",Badin,Behdimi
834,GBPS : HAJI BACHO TALPUR,401010704,"24.4087591063322, 68.9187504359638",Badin,Behdimi
835,GBPS : HAJI MUHAMMAD TALPUR,401010705,"24.3911171425079, 68.9227368680662",Badin,Behdimi
836,GBPS : MITHAN MALLAH,401010706,"24.3245224803657, 68.9953791329205",Badin,Behdimi
837,GBPS : MUHAMMAD SIDDIQUE MALLAH,401010707,"24.3887121367619, 68.7943019738854",Badin,Bhugra Memon
839,GBPS : ALLAH RAKHIO JAT,401010709,"24.3789702211474, 68.8565339165697",Badin,Shaheed Dodo Soomro@ Lakho Pir
842,GBPS : FAQIR MUHAMMAD MALLAH,401010751,"24.3985412940791, 68.8434675371189",Badin,Shaheed Dodo Soomro@ Lakho Pir
846,GGLSS : BACHAL MANDHRO,401010795,"24.3820887665728, 68.8142401722766",Badin,Bhugra Memon
847,GBHS : MIR ALLAH BACHAYO TALPUR,401010806,"24.4213012201461, 68.9261010301614",Badin,Behdimi
849,GBELS : GOLO MANDHRO,401010818,"24.3746038262744, 68.7878867988068",Badin,Bhugra Memon
902,GBPS : SODHO SAMOO,401010425,"24.4236082898102, 68.992190676249",Badin,Mitho Khan Cahndio
963,GBPS : MUHAMMAD ISHAQUE THEBO,401010409,"24.5152920754723, 68.9691786473259",Badin,Shaheed Rani @ Allah Dino Jamali
1250,GBPS : MITHI 3,401010373,"24.4781899341357, 69.0798479046346",Badin,Mithi Village
1255,GBPS : SOOFI ABAD,401010380,"24.3987293112054, 69.0455397951148",Badin,Mitho Khan Cahndio
1258,GBPS : MUHAMMAHD HUSSAIN BROHI,401010465,"24.4012488975501, 69.020742753713",Badin,Mitho Khan Cahndio
1259,GBPS : MUBARAK CHANDIO,401010470,"24.4810972884112, 69.0475112179982",Badin,Mitho Khan Cahndio
1260,GBPS : URS LASHARI,401010510,"24.4297190109153, 69.0594622972867",Badin,Mitho Khan Cahndio
1261,GBPS : KHAMISO LUND,401010511,"24.4011719563885, 69.0592861175537",Badin,Mitho Khan Cahndio
1262,GBPS : CHAKAR PANHWAR,401010512,"24.4909411062373, 69.0633517054565",Badin,Chakar Khan Panwar
1268,GBPS : RAJAB PANWAHAR,401010580,"24.4236866964143, 69.0229677676125",Badin,Mitho Khan Cahndio
1269,GBPS : WALAM MANGHWAR,401010581,"24.4660898017898, 69.087715171984",Badin,Mithi Village
1270,GBPS : MOULA BAKHASH KHOSO,401010584,"24.3957503954031, 69.0613031190625",Badin,Mitho Khan Chandio
1271,GBPS : KHAIR MUHAMMED PANHWAR,401010593,"24.5052514751548, 69.0615710133471",Badin,Chakar Khan Panwar
1272,GBPS : RAHAMAT KHAN BHATTI,401010596,"24.4950830692634, 69.0873841849054",Badin,Mithi Village
1275,GBPS : ALAM KHAN CHANDIO,401010674,"24.4521125355575, 69.0599226992117",Badin,Mitho Khan Chandio
1277,GBPS : MUHAMMAD YAKOOQ RAHEMOON,401010690,"24.3826043306902, 69.0474464913862",Badin,Mitho Khan Cahndio
1278,GBPS : SHER KHAN CHANDIO AT ALI MUHAMMAD L,401010691,"24.4161053513762, 69.0529413086897",Badin,Mitho Khan Cahndio
1279,GBPS : ARBAB ABDUL JABBAR,401010769,"24.4383770898172, 69.0393872168733",Badin,Mitho Khan Cahndio
1280,GBPS : HUSSAIN PANHWER@ALI MD NOTIAR,401010774,"24.3899567367767, 69.04391428811",Badin,Mitho Khan Cahndio
1282,GBLSS : CHAKAR PANHWAR,401010804,"24.4910056923072, 69.0633085347831",Badin,Chakar Khan Panwar
20546,GBPS : JUMAN MALLAH,401010418,"24.5269475386143, 68.9995486253372",Badin,Shaheed Rani @ Allah Dino Jamali
21005,GBPS : MUHAMMAD HASSAN JAMALI,401010843,"24.5407929791219, 68.9758808141271",Badin,Shaheed Rani @ Allah Dino Jamali
21265,GBPS : ABDUL REHMAN LUND,401010540,"24.3537652138082, 68.8791905357916",Badin,Shaheed Dodo Soomro@ Lakho Pir
34239,GBPS : SONOO KHAN CHANDIO,401010427,"24.5107577163971, 69.0120309586717",Badin,Shaheed Rani @ Allah Dino Jamali
34245,GBPS : MOHIB DAL@LAKHA DINO MAHRAN POTO,401010426,"24.432944017257, 69.0000589211715",Badin,Mitho Khan Cahndio
34246,GBPS : TALIB NOTIAR,401010525,"24.4889841302024, 68.9972734336956",Badin,Shaheed Rani @ Allah Dino Jamali
34247,GBPS : ISMAIL NOTIAR,401010731,"24.5151798150306, 69.0001206097512",Badin,Shaheed Rani @ Allah Dino Jamali
34254,GBPS : MUHAMMAD BACHAL DARYO,401010033,"24.3495927892416, 69.0400265167684",Badin,Behdimi
34255,GGPS : GOLO MANDHRO,401010164,"24.3745384726109, 68.7880048161015",Badin,Bhugra Memon
34257,GBPS : YOUSUF MALLAH,401010394,"24.3712927362126, 68.8677294513099",Badin,Shaheed Dodo Soomro@ Lakho Pir
34259,GBPS : HAJI MANDHRO,401010633,"24.3629244759001, 68.9078707243396",Badin,Shaheed Dodo Soomro@ Lakho Pir
34261,GBHS : BHUGRA MEMON,401010828,"24.4030259122766, 68.7821428656251",Badin,Bhugra Memon
1344,GBELS : MORJHAR,401010814,"24.6542671909714, 68.7317830393689",Badin,Kadi Kazia
1136,GBLSS : CHAK NO. 5,401020538,"24.5602973659243, 68.6208683260279","Shaheed Fazal Rahu, Golarchi",Fateh Abad
1139,GGELS : CHAK NO. 5,401020561,"24.5634077263702, 68.6201682689785","Shaheed Fazal Rahu, Golarchi",Fateh Abad
1179,GBPS : CHAK NO. 10,401020009,"24.5060804234702, 68.6443229020635","Shaheed Fazal Rahu, Golarchi",Muhammad Shah @ Mureed Chang
1180,GGPS : CHACK NO.44,401020096,"24.4867043241816, 68.5583916305503","Shaheed Fazal Rahu, Golarchi",Muhammad Shah @ Mureed Chang
1181,GGPS : AHMED RAJO,401020097,"24.4339190751206, 68.6231642923765","Shaheed Fazal Rahu, Golarchi",Durga Sharif Ahmed Rajo
1182,GGPS : CHAK NO. 24,401020103,"24.5973167127204, 68.5244992383318","Shaheed Fazal Rahu, Golarchi",Golarchi-S.F.Rao-Tc
1185,GGPS : MIR MUHAMMAD TALPUR,401020141,"24.4672580953569, 68.6227458728349","Shaheed Fazal Rahu, Golarchi",Muhammad Shah @ Mureed Chang
1186,GGPS : CHAK NO. 10,401020147,"24.5081829773989, 68.6454105379183","Shaheed Fazal Rahu, Golarchi",Muhammad Shah @ Mureed Chang
1187,GBPS : CHAK NO. 30,401020180,"24.5813853698496, 68.5646063096322","Shaheed Fazal Rahu, Golarchi",Muhammad Shah @ Mureed Chang
1188,GBPS : AHMED RAJO,401020181,"24.4339030352966, 68.6229778844609","Shaheed Fazal Rahu, Golarchi",Durga Sharif Ahmed Rajo
1192,GBPS : CHAK NO. 47,401020185,"24.4431988081742, 68.5200776172673","Shaheed Fazal Rahu, Golarchi",Durga Sharif Ahmed Rajo
1193,GBPS : CHAK NO. 40,401020186,"24.5451908611129, 68.5088914624853","Shaheed Fazal Rahu, Golarchi",Muhammad Shah @ Mureed Chang
1194,GBPS : CHAK NO. 36,401020187,"24.5382444735697, 68.5482770187662","Shaheed Fazal Rahu, Golarchi",Muhammad Shah @ Mureed Chang
1195,GBPS : CHAK NO. 33,401020191,"24.5261807141205, 68.5941025615732","Shaheed Fazal Rahu, Golarchi",Muhammad Shah @ Mureed Chang
1196,GBPS : MUHAMMAD SHAH GHIRARI,401020192,"24.4798596770569, 68.6120224012927","Shaheed Fazal Rahu, Golarchi",Muhammad Shah @ Mureed Chang
1197,GBPS : BOLO THIMOR,401020194,"24.4165021463238, 68.5246413949131","Shaheed Fazal Rahu, Golarchi",Durga Sharif Ahmed Rajo
1198,GBPS : CHAK NO.28 SIDDIQUE BARAN,401020195,"24.4686154435089, 68.4935639806089","Shaheed Fazal Rahu, Golarchi",Durga Sharif Ahmed Rajo
1199,GBPS : CHAK NO. 8,401020196,"24.539688919355, 68.6360388997196","Shaheed Fazal Rahu, Golarchi",Muhammad Shah @ Mureed Chang
1200,GBPS : AMEER BUX JAMALI,401020198,"24.4922207816462, 68.7033033380903","Shaheed Fazal Rahu, Golarchi",Muhammad Shah @ Mureed Chang
1201,GBPS : MALIK QUTUB KHAN,401020201,"24.5834171467343, 68.5927802330254","Shaheed Fazal Rahu, Golarchi",Muhammad Shah @ Mureed Chang
1202,GBPS : CHAK NO. 32,401020202,"24.561439059683, 68.5870590810973","Shaheed Fazal Rahu, Golarchi",Muhammad Shah @ Mureed Chang
1203,GBPS : QADIR BUX NOHRIO @ M. URIS SEAKRO,401020203,"24.4830965092752, 68.5122442241511","Shaheed Fazal Rahu, Golarchi",Durga Sharif Ahmed Rajo
1205,GBPS : CHAK NO. 7,401020205,"24.5459081601823, 68.6117890479167","Shaheed Fazal Rahu, Golarchi",Muhammad Shah @ Mureed Chang
1206,GBPS : HAJI AHMED LODHO,401020206,"24.5246409430041, 68.6333084112404","Shaheed Fazal Rahu, Golarchi",Muhammad Shah @ Mureed Chang
1207,GBPS : MALIK MUMTAZ,401020207,"24.4945, 68.5243","Shaheed Fazal Rahu, Golarchi",Dargah Sharif Ahmed Rajo
1208,GBPS : CHAK NO. 31,401020208,"24.5536018849799, 68.5522104801734","Shaheed Fazal Rahu, Golarchi",Muhammad Shah @ Mureed Chang
1209,GBPS : MUHAMMAD RAHIM LUND AT CHAK NO.42,401020209,"24.5326470760209, 68.5329160111144","Shaheed Fazal Rahu, Golarchi",Muhammad Shah @ Mureed Chang
1214,GBPS : CHAK NO. 45,401020215,"24.4975832130132, 68.5050183534622","Shaheed Fazal Rahu, Golarchi",Durga Sharif Ahmed Rajo
1215,GBPS : CHAK NO. 26,401020217,"24.5033432702514, 68.4749722487726","Shaheed Fazal Rahu, Golarchi",Durga Sharif Ahmed Rajo
1216,GBPS : CHAK NO. 24 @ CHAK NO. 27,401020218,"24.4878845154749, 68.4790156787136","Shaheed Fazal Rahu, Golarchi",Durga Sharif Ahmed Rajo
1217,GBPS : CHAK NO. 25,401020219,"24.5181082824052, 68.4939408317203","Shaheed Fazal Rahu, Golarchi",Durga Sharif Ahmed Rajo
1221,GBPS : TAHIR RAJOO,401020223,"24.4678049515283, 68.6123979103561","Shaheed Fazal Rahu, Golarchi",Muhammad Shah @ Mureed Chang
1222,GBPS : JUMOON MALLAH,401020224,"24.5152994017375, 68.6679089069367","Shaheed Fazal Rahu, Golarchi",Muhammad Shah @ Mureed Chang
1223,GBPS : CHAK NO. 46,401020226,"24.4586142221282, 68.5206422227119","Shaheed Fazal Rahu, Golarchi",Durga Sharif Ahmed Rajo
1227,GBPS : CHAK NO. 39 BASHEER KHARAL,401020374,"24.552995624746, 68.5082799205181","Shaheed Fazal Rahu, Golarchi",Muhammad Shah @ Mureed Chang
1228,GBPS : CHAK NO. 7 @ ALLI NOHERIO,401020378,"24.4937707154451, 68.6790883534156","Shaheed Fazal Rahu, Golarchi",Muhammad Shah @ Mureed Chang
1232,GBPS : USMAN CHANG,401020413,"24.4940025927699, 68.589990735054","Shaheed Fazal Rahu, Golarchi",Muhammad Shah @ Mureed Chang
1233,GBPS : MIR MUHAMMAD MANDHRO,401020436,"24.5194858398481, 68.4490849083164","Shaheed Fazal Rahu, Golarchi",Durga Sharif Ahmed Rajo
1235,GBPS : JAN MUHAMMAD BARAN,401020439,"24.4640452541368, 68.4840434785685","Shaheed Fazal Rahu, Golarchi",Durga Sharif Ahmed Rajo
1236,GBPS : NASRULLAH MUGHAL,401020442,"24.523899094797, 68.47442239513","Shaheed Fazal Rahu, Golarchi",Durga Sharif Ahmed Rajo
1237,GBPS : CHAK NO. 44,401020451,"24.4867323926456, 68.558264225771","Shaheed Fazal Rahu, Golarchi",Muhammad Shah @ Mureed Chang
1238,GBPS : MIRAN CHANG,401020492,"24.5084685106342, 68.5869061947862","Shaheed Fazal Rahu, Golarchi",Muhammad Shah @ Mureed Chang
1239,GBPS : ALLAH JURIO NOHERIO,401020493,"24.4825070028162, 68.670966625313","Shaheed Fazal Rahu, Golarchi",Muhammad Shah @ Mureed Chang
1240,GBPS : ALLAH BUX RAJO,401020494,"24.4886009454951, 68.6932155484956","Shaheed Fazal Rahu, Golarchi",Muhammad Shah @ Mureed Chang
1246,GBLSS : AHMED RAJO,401020549,"24.4330600254768, 68.6230677360298","Shaheed Fazal Rahu, Golarchi",Durga Sharif Ahmed Rajo
1247,GBLSS : CHAK NO. 26,401020553,"24.5017226249551, 68.4757742295659","Shaheed Fazal Rahu, Golarchi",Durga Sharif Ahmed Rajo
1348,GBPS : KHANANI JAT,401020050,"24.6849351149767, 68.412746341675","Shaheed Fazal Rahu, Golarchi",Khorwah
1350,GBPS : CHOUDHRI AKRAM @ RASOOL BUX SAMOON,401020062,"24.6224802897483, 68.4515941139064","Shaheed Fazal Rahu, Golarchi",Khorwah Chowk
1352,GGPS : KHANANI JAT,401020093,"24.6848869832529, 68.4131151441732","Shaheed Fazal Rahu, Golarchi",Khorwah Chowk
1356,GGPS : FATEH MUHAMMAD ARAIN,401020121,"24.6367692665901, 68.3988739546638","Shaheed Fazal Rahu, Golarchi",Golarchi-S.F.Rao-Tc
1359,GGPS : GHULAM HYDER MUGHAL,401020151,"24.5319052806356, 68.4172591572005","Shaheed Fazal Rahu, Golarchi",Khorwah Chowk
1360,GBPS : CHAK NO. 20,401020188,"24.5563062157208, 68.4218363465865","Shaheed Fazal Rahu, Golarchi",Khorwah Chowk
1361,GBPS : CHAK NO. 22,401020189,"24.5454494722896, 68.448349982649","Shaheed Fazal Rahu, Golarchi",Khorwah Chowk
1362,GBPS : AFZAL ARAIN,401020190,"24.5687049292057, 68.4166462753205","Shaheed Fazal Rahu, Golarchi",Khorwah Chowk
1365,GBPS : CHAK NO. 55,401020258,"24.5595581762279, 68.4791028518472","Shaheed Fazal Rahu, Golarchi",Khorwah Chowk
1366,GBPS : SAIN DINO JAT,401020259,"24.6916668241776, 68.381584433318","Shaheed Fazal Rahu, Golarchi",Khorwah
1368,GBPS : GHULAM RASOOL SAMOON,401020261,"24.6426167748046, 68.4239512691892","Shaheed Fazal Rahu, Golarchi",Khorwah Chowk
1370,GBPS : MIR MUHAMMAD SHAIKH,401020266,"24.6448377098681, 68.4513956295455","Shaheed Fazal Rahu, Golarchi",Khorwah Chowk
1371,GBPS : DODO KHASKHELI,401020267,"24.6156259708468, 68.4513232123351","Shaheed Fazal Rahu, Golarchi",Khorwah Chowk
1372,GBPS : LAL DIN GUJAR,401020268,"24.5903610117857, 68.4080457670496","Shaheed Fazal Rahu, Golarchi",Khorwah Chowk
1373,GBPS : ABDULLAH SAMEJO,401020271,"24.6847505053331, 68.4348249434432","Shaheed Fazal Rahu, Golarchi",Khorwah Chowk
1375,GBPS : AHMED KHASKHELI@MUBEN JAT,401020284,"24.709870890579, 68.3971989156802","Shaheed Fazal Rahu, Golarchi",Khorwah
1379,GBPS : CHAK NO. 26 MUHAMMAD IQBAL KHOKHAR,401020328,"24.6365364346311, 68.492014998001","Shaheed Fazal Rahu, Golarchi",Khorwah Chowk
1381,GBPS : SAIN DAD KHAN KHOR,401020330,"24.7243179631075, 68.4116117667651","Shaheed Fazal Rahu, Golarchi",Khorwah
1382,GBPS : SALEH MOHAMMAD JAT,401020331,"24.7082894955229, 68.4128093640036","Shaheed Fazal Rahu, Golarchi",Khorwah
1383,GBPS : CHAK NO. 54,401020333,"24.5422069053077, 68.4873533250887","Shaheed Fazal Rahu, Golarchi",Khorwah Chowk
1384,GBPS : MUHAMMAD KHAN LAGHARI,401020336,"24.6510748879812, 68.4279866511376","Shaheed Fazal Rahu, Golarchi",Khorwah
1385,GBPS : DARYA KHAN JAMALI,401020361,"24.6486334431238, 68.4044388703498","Shaheed Fazal Rahu, Golarchi",Khorwah Chowk
1386,GBPS : UMER PUSRIO,401020362,"0, 0","Shaheed Fazal Rahu, Golarchi",Khorwah Chowk
1387,GBPS : CHAK NO. 4,401020364,"24.5882403267121, 68.4641870886078","Shaheed Fazal Rahu, Golarchi",Khorwah Chowk
1392,GBPS : HAJI AHMED LOTHIO @ QABOOL CHANA,401020380,"24.651750146402, 68.3939225974182","Shaheed Fazal Rahu, Golarchi",Khorwah Chowk
1395,GBPS : DHANI BUX SAMOON,401020387,"24.6300778755691, 68.4620413185159","Shaheed Fazal Rahu, Golarchi",Khorwah Chowk
1399,GBPS : ADAM JAT,401020432,"24.667856553407, 68.3956995585568","Shaheed Fazal Rahu, Golarchi",Khorwah Chowk
1408,GBPS : MANDANI MOHELLA,401020519,"24.6838231824007, 68.4156189862886","Shaheed Fazal Rahu, Golarchi",Khorwah Chowk
1412,GGELS : CHAK NO. 54,401020562,"24.5447687596587, 68.4881512827176","Shaheed Fazal Rahu, Golarchi",Khorwah Chowk
1414,GBPS : CHAK NO. 17,401020019,"24.6785905651316, 68.5448035624615","Shaheed Fazal Rahu, Golarchi",Golarchi-S.F.Rao-Tc
1415,GBPS : BHAGWAN DAS,401020020,"24.6756487960115, 68.5297429574525","Shaheed Fazal Rahu, Golarchi",Golarchi-S.F.Rao-Tc
1417,GBPS : JHOLL HEAD REGULATOR/ GBPS WAZEER A,401020035,"24.5761021061585, 68.5046093164881","Shaheed Fazal Rahu, Golarchi",Golarchi-S.F.Rao-Tc
1418,GBPS : CHAK NO. 25,401020036,"24.6494129311388, 68.5017675163348","Shaheed Fazal Rahu, Golarchi",Golarchi-S.F.Rao-Tc
1419,GBPS : NAIMAT ALI GUJAR,401020038,"24.6430872943302, 68.5498809805516","Shaheed Fazal Rahu, Golarchi",Golarchi-S.F.Rao-Tc
1420,GBPS : MEVO ALMANI,401020040,"24.6439253285254, 68.5789226017388","Shaheed Fazal Rahu, Golarchi",Golarchi-S.F.Rao-Tc
1421,GBPS : CHAK NUM 32,401020041,"24.6409321552151, 68.5683023924631","Shaheed Fazal Rahu, Golarchi",Golarchi-S.F.Rao-Tc
1422,GBPS : CHAK NO. 58,401020052,"24.6198310230814, 68.5078614925353","Shaheed Fazal Rahu, Golarchi",Golarchi-S.F.Rao-Tc
1423,GBPS : AZIM ABAD,401020064,"24.6069423270312, 68.5087653985126","Shaheed Fazal Rahu, Golarchi",Golarchi-S.F.Rao-Tc
1424,GBPS : NOOR MUHAMMAD JAT,401020071,"24.6638773731454, 68.5157002515095","Shaheed Fazal Rahu, Golarchi",Golarchi-S.F.Rao-Tc
1425,GGPS : GOLARCHI / SHAHEED FAZIL RAHOO,401020086,"24.6508762134308, 68.5321824304742","Shaheed Fazal Rahu, Golarchi",Golarchi-S.F.Rao-Tc
1426,GGPS : MALIK SAIF REHMAN,401020107,"24.6405810884205, 68.5683748132982","Shaheed Fazal Rahu, Golarchi",Golarchi-S.F.Rao-Tc
1427,GGPS : MUHAMMAD IBRAHIM KHOKHAR,401020108,"24.6482970285341, 68.5478022652878","Shaheed Fazal Rahu, Golarchi",KARIO GANHWAR-Tc
1428,GGPS : CHAK NO. 25,401020110,"24.6495329930603, 68.5014188303546","Shaheed Fazal Rahu, Golarchi",Golarchi-S.F.Rao-Tc
1429,GGPS : CHAK NO. 58,401020111,"24.6189129703946, 68.5089182852706","Shaheed Fazal Rahu, Golarchi",Golarchi-S.F.Rao-Tc
1432,GGPS : WARD NO. 04 GOLARCHI,401020155,"24.6459652308458, 68.5333706477768","Shaheed Fazal Rahu, Golarchi",Golarchi-S.F.Rao-Tc
1436,GGPS : ABDUL HAKEEM CHANG,401020159,"24.628673475574, 68.5364109263822","Shaheed Fazal Rahu, Golarchi",Golarchi-S.F.Rao-Tc
1437,GGPS : CHAK NO: 3,401020160,"24.5870541208709, 68.5179191082716","Shaheed Fazal Rahu, Golarchi",Golarchi-S.F.Rao-Tc
1440,GBPS : CHAK NO. 34 AT ASGHAR ALI GUJAR,401020274,"24.681767450283, 68.5232627450407","Shaheed Fazal Rahu, Golarchi",Golarchi-S.F.Rao-Tc
1442,GBPS : MUHAMMAD UMER SHAHANI,401020277,"24.6351491825556, 68.5658133028945","Shaheed Fazal Rahu, Golarchi",Golarchi-S.F.Rao-Tc
1443,GBPS : MUHAMMAD QASIM MALLAH,401020279,"24.6004249316611, 68.5274785014738","Shaheed Fazal Rahu, Golarchi",Golarchi-S.F.Rao-Tc
1445,GBPS : SHAFI MUHAMMAD ARAIN,401020288,"24.6033007968173, 68.5082631571586","Shaheed Fazal Rahu, Golarchi",Golarchi-S.F.Rao-Tc
1446,GBPS : CHAK NO. 1,401020326,"24.6201858064656, 68.524960581361","Shaheed Fazal Rahu, Golarchi",Golarchi-S.F.Rao-Tc
1447,GBPS : NEW BANGALI,401020327,"24.6053249181668, 68.5364156189818","Shaheed Fazal Rahu, Golarchi",Golarchi-S.F.Rao-Tc
1448,GBPS : CHAK NO. 2 @ BHALE DINO MALAH,401020332,"24.5985629269374, 68.5268206860633","Shaheed Fazal Rahu, Golarchi",Golarchi-S.F.Rao-Tc
1449,GBPS : CHAK NO. 35,401020334,"24.5948924972904, 68.5794134453431","Shaheed Fazal Rahu, Golarchi",Golarchi-S.F.Rao-Tc
1450,GBPS : HAJI LAKHA DINO KHOSO,401020335,"24.6432908618096, 68.4681768710416","Shaheed Fazal Rahu, Golarchi",Golarchi-S.F.Rao-Tc
1453,GBPS : MANHE JAT,401020359,"24.672804453549, 68.4590224874532","Shaheed Fazal Rahu, Golarchi",Khorwah
1454,GBPS : GHULAM MUHAMMAD BHATTI,401020363,"24.683764, 68.523668","Shaheed Fazal Rahu, Golarchi",Golarchi-S.F.Rao-Tc
1455,GBPS : RASOOL BUX KHOSO @ MUHAMMAD IBRAHIM,401020365,"24.6583550603544, 68.4630967678129","Shaheed Fazal Rahu, Golarchi",Khorwah
1456,GBPS : GOLARCHI,401020375,"24.6512406543573, 68.5345950719715","Shaheed Fazal Rahu, Golarchi",Golarchi-S.F.Rao-Tc
1457,GBPS : WARD NO. 3 GOLARCHI,401020376,"24.6478582152448, 68.5303625464936","Shaheed Fazal Rahu, Golarchi",Golarchi-S.F.Rao-Tc
1458,GBPS : AZIZ ABAD,401020388,"24.6766858570213, 68.5105611326316","Shaheed Fazal Rahu, Golarchi",Golarchi-S.F.Rao-Tc
1459,GBPS : ALI HASSAN ZEENDPUR,401020389,"24.6422693701391, 68.4881338447839","Shaheed Fazal Rahu, Golarchi",Golarchi-S.F.Rao-Tc
1460,GBPS : HASHIM BANGALI,401020392,"24.600201786523, 68.5488536925127","Shaheed Fazal Rahu, Golarchi",Golarchi-S.F.Rao-Tc
1462,GBPS : BHOORO MAL KOLHI @ KHETOMAL KOLHI,401020431,"24.6299011036148, 68.5479310155908","Shaheed Fazal Rahu, Golarchi",Golarchi-S.F.Rao-Tc
1464,GBPS : BHAI COLONY/ GBPS MASOOD HUSSAIN SH,401020441,"24.6526825864262, 68.5438835603005","Shaheed Fazal Rahu, Golarchi",Golarchi-S.F.Rao-Tc
1465,GBPS : MEINH WASAYO MANGANRHAR,401020445,"24.6565975229486, 68.5788112878303","Shaheed Fazal Rahu, Golarchi",Golarchi-S.F.Rao-Tc
1467,GBPS : SAHIB BABAR @ NIM MAGNHAR,401020474,"24.6515222321487, 68.5731089118122","Shaheed Fazal Rahu, Golarchi",Golarchi-S.F.Rao-Tc
1471,GBHSS : GOLARCHI,401020570,"24.6488745262621, 68.5316355506628","Shaheed Fazal Rahu, Golarchi",Golarchi-S.F.Rao-Tc
1472,GGHSS : GOLARCHI,401020571,"24.6512155242444, 68.5318035206067","Shaheed Fazal Rahu, Golarchi",Golarchi-S.F.Rao-Tc
1486,GBPS : ABDUL KHALIQUE SOOMRO,401020229,"24.6608730816566, 68.4863555244667","Shaheed Fazal Rahu, Golarchi",Golarchi-S.F.Rao-Tc
1494,GBPS : LAKHA DINO CHANG @ KHAN MUHAMMAD NA,401020269,"24.6754062854507, 68.4717536014305","Shaheed Fazal Rahu, Golarchi",Golarchi-S.F.Rao-Tc
1497,GBPS : DHANI BUX KHASKHILI,401020280,"24.695, 68.5022","Shaheed Fazal Rahu, Golarchi",TC - Shaheed Fazil Rahu
1553,GBPS : MITHAN RAHOOKRO,401020045,"24.6539657094096, 68.6778355359695","Shaheed Fazal Rahu, Golarchi",Tarai
1644,GBPS : HYDER BUX BHATTI @ SONO CHOAN,401020244,"24.6540111449131, 68.5306897741562","Shaheed Fazal Rahu, Golarchi",Kario Ghanwar
1645,GBPS : FAIZ MUHAMMAD SAMEJO@MIR MUHAMMAD N,401020247,"24.6301278613095, 68.6606468181442","Shaheed Fazal Rahu, Golarchi",Dadhako
1646,GBPS : HAJI MEHMOOD NOHANI,401020248,"24.6653667697349, 68.5879697232188","Shaheed Fazal Rahu, Golarchi",Dadhako
1647,GBPS : PAROO RIND,401020249,"24.6688888036655, 68.560556172977","Shaheed Fazal Rahu, Golarchi",Dadhako
1652,GBPS : CHANDIA MAGSI GOTH @ SODHO CHANG,401020254,"24.7458027410192, 68.5435442610954","Shaheed Fazal Rahu, Golarchi",Rahuki
1653,GBPS : JAFFER SHAH,401020255,"0, 0","Shaheed Fazal Rahu, Golarchi",Kandiari
1701,GGPS : PIR MUHAMMAD SADDIQUE QURESHI,401020148,"24.656534226747, 68.6793351183332","Shaheed Fazal Rahu, Golarchi",Fateh Abad
1705,GBPS : SADDIQUE JAT,401020165,"24.659289957515, 68.7009295875313","Shaheed Fazal Rahu, Golarchi",Fateh Abad
1858,GBLSS : CHAK NO. 10,401020560,"24.5060840775333, 68.6442384125292","Shaheed Fazal Rahu, Golarchi",Muhammad Shah @ Mureed Chang
21270,GBPS : CHAK NO. 05 AHMED ABAD,401020520,"24.5811451047514, 68.4424062074224","Shaheed Fazal Rahu, Golarchi",Khorwah Chowk
21274,GGPS : MUHAMMAD ESSA CHANDIO,401020095,"0, 0","Shaheed Fazal Rahu, Golarchi",Kandiari
34380,GBPS : CHAK NO. 29,401020179,"24.5803718583878, 68.5411725191524","Shaheed Fazal Rahu, Golarchi",Muhammad Shah @ Mureed Chang
34381,GBPS : MIR MUHAMMAD SOOMRO,401020197,"24.5263527432286, 68.6628153923153","Shaheed Fazal Rahu, Golarchi",Muhammad Shah @ Mureed Chang
34382,GBPS : CHAK NO. 41,401020210,"24.5148479199742, 68.5244911912083","Shaheed Fazal Rahu, Golarchi",Durga Sharif Ahmed Rajo
34488,GBPS : WALI MUHAMMAD ARAIN,401020037,"24.6368929929593, 68.3986332253123","Shaheed Fazal Rahu, Golarchi",Khorwah
34489,GGPS : NAZEER AHMED ARAIN AT CHAK NO 20,401020152,"24.5562805976941, 68.4219101077813","Shaheed Fazal Rahu, Golarchi",Khorwah Chowk
34491,GBPS : MUHAMMAD RAMZAN DAL,401020410,"24.6645610945223, 68.3787225185335","Shaheed Fazal Rahu, Golarchi",Khorwah Chowk
34494,GBPS : KHAMISO KACHHI,401020273,"24.6459822938755, 68.5333813705054","Shaheed Fazal Rahu, Golarchi",Golarchi-S.F.Rao-Tc
34495,GBPS : ABDUL HASSAN SHEIKH,401020446,"24.6077007426391, 68.5258805760738","Shaheed Fazal Rahu, Golarchi",Golarchi-S.F.Rao-Tc
34511,GGELS : CHAK NO. 5,401020008,"24.5603315194014, 68.6204123497009","Shaheed Fazal Rahu, Golarchi",Fateh Abad
34513,GBPS : LAKHA DINO MANDHRO,401020177,"24.5626502742572, 68.6567804214359","Shaheed Fazal Rahu, Golarchi",Fateh Abad
1141,GBPS : BHAWANDO NOOHANI,401020007,"24.8265402984812, 68.6709062191966","Shaheed Fazal Rahu, Golarchi",KARIO GANHWAR-Tc
1142,GBPS : SOHRAB KHAN NIZAMANI,401020010,"24.8258926636758, 68.6334589741475","Shaheed Fazal Rahu, Golarchi",KARIO GANHWAR-Tc
1143,GBPS : UMAR KALHORO,401020011,"24.823499, 68.659341","Shaheed Fazal Rahu, Golarchi",Kario Ghanwar
1144,GBPS : BACHAL PANHWAR,401020012,"24.819776509484, 68.6467231573586","Shaheed Fazal Rahu, Golarchi",KARIO GANHWAR-Tc
1145,GBPS : JAFFER PANWHAR,401020013,"24.8280665677307, 68.6528122988515","Shaheed Fazal Rahu, Golarchi",KARIO GANHWAR-Tc
1147,GBPS : SONO NOHANI,401020018,"24.8278730369069, 68.6766311417262","Shaheed Fazal Rahu, Golarchi",KARIO GANHWAR-Tc
1148,GBPS : IBRAHIM RAHEMOON,401020023,"24.8080238735009, 68.6222458430904","Shaheed Fazal Rahu, Golarchi",KARIO GANHWAR-Tc
1149,GBPS : WAHID DINO KHEBAR,401020024,"24.8597263633994, 68.6019988739522","Shaheed Fazal Rahu, Golarchi",KARIO GANHWAR-Tc
1150,GBPS : MUHAMMAD KHAN CHANDIO,401020025,"24.8617760546088, 68.6289437369607","Shaheed Fazal Rahu, Golarchi",KARIO GANHWAR-Tc
1151,GBPS : G MUHAMMAD CHANDIO @ HAJI PALYO CHA,401020026,"24.8555314167334, 68.6281550621215","Shaheed Fazal Rahu, Golarchi",KARIO GANHWAR-Tc
1152,GBPS : RAMZAN NIZAMANI,401020027,"24.8868921402344, 68.6617129961591","Shaheed Fazal Rahu, Golarchi",KARIO GANHWAR-Tc
1153,GBPS : RANOO CHANG,401020028,"24.859191123624, 68.6837305182857","Shaheed Fazal Rahu, Golarchi",KARIO GANHWAR-Tc
1154,GBPS : GHULAM HYDER NIZAMANI,401020029,"24.8266250654465, 68.6349372529439","Shaheed Fazal Rahu, Golarchi",KARIO GANHWAR-Tc
1156,GBPS : ACHAR HALEPOTO,401020031,"0, 0","Shaheed Fazal Rahu, Golarchi",TC - Kario Ghanwar
1157,GBPS : MIAN MUHAMMAD ALAM,401020032,"24.8404855677268, 68.6584757613757","Shaheed Fazal Rahu, Golarchi",KARIO GANHWAR-Tc
1158,GBPS : ABDUL KARIM NAZAMANI,401020053,"24.8768163313136, 68.6848993672118","Shaheed Fazal Rahu, Golarchi",KARIO GANHWAR-Tc
1160,GBPS : WALI MUHAMMAD NIZAMANI,401020067,"24.8340312832507, 68.6196243871775","Shaheed Fazal Rahu, Golarchi",KARIO GANHWAR-Tc
1161,GBPS : GHULAM HUSSAIN CHANDIO,401020069,"24.8540984772814, 68.643135597437","Shaheed Fazal Rahu, Golarchi",KARIO GANHWAR-Tc
1162,GBPS : UMER SHEEDI,401020081,"24.8099441643085, 68.6142587879649","Shaheed Fazal Rahu, Golarchi",KARIO GANHWAR-Tc
1163,GBPS : GUL HASSAN NOTKANI,401020082,"24.8205592978531, 68.6139200591453","Shaheed Fazal Rahu, Golarchi",KARIO GANHWAR-Tc
1164,GBPS : ALI BUX CHANG,401020083,"24.8830832334327, 68.6750782045046","Shaheed Fazal Rahu, Golarchi",KARIO GANHWAR-Tc
1165,GGPS : HAJI TAYYAB KHATTI,401020102,"24.839864545023, 68.6247280242045","Shaheed Fazal Rahu, Golarchi",KARIO GANHWAR-Tc
1166,GGPS : SOHRAB NIZAMANI,401020109,"24.8274493606178, 68.6353265148634","Shaheed Fazal Rahu, Golarchi",Kario Ghanwar
1167,GGPS : MUHAMMAD KHAN NIZAMANI,401020116,"0, 0","Shaheed Fazal Rahu, Golarchi",TC - Kario Ghanwar
1169,GGPS : JUNA VILLAGE,401020129,"24.8570421603726, 68.6509783002683","Shaheed Fazal Rahu, Golarchi",Kario Ghanwar
1170,GGPS : NAZEER AHMED SAHETO,401020131,"24.830814357677, 68.5650006100106","Shaheed Fazal Rahu, Golarchi",KARIO GANHWAR-Tc
1171,GGPS : MUHAMMAD BACHAL PANHWER,401020132,"24.8197911181084, 68.6466742343326","Shaheed Fazal Rahu, Golarchi",Kario Ghanwar
1172,GBPS : MUHAMMAD KHAN NIZAMANI,401020199,"24.8225030232215, 68.6352066877402","Shaheed Fazal Rahu, Golarchi",KARIO GANHWAR-Tc
1173,GBPS : ALI BUX NIZAMANI,401020246,"24.8251593725666, 68.6021961235412","Shaheed Fazal Rahu, Golarchi",Kario Ghanwar
1174,GBPS : NAWAZ ALI CHANDIO@VEERO MAHARAJ,401020385,"24.8485252576154, 68.6334626383647","Shaheed Fazal Rahu, Golarchi",KARIO GANHWAR-Tc
1175,GBPS : JOONA VILLAGE,401020396,"24.8611321432894, 68.6566366000842","Shaheed Fazal Rahu, Golarchi",Kario Ghanwar
1177,GBHS : JOONA VILLAGE,401020550,"24.8611145503635, 68.6566333799552","Shaheed Fazal Rahu, Golarchi",Kario Ghanwar
1219,GBPS : SAJAN BARAN,401020221,"24.8389298639778, 68.6017347866795","Shaheed Fazal Rahu, Golarchi",KARIO GANHWAR-Tc
1349,GBPS : KHORWAH,401020051,"24.7531425328742, 68.4134282930688","Shaheed Fazal Rahu, Golarchi",Khorwah
1355,GGPS : KHORWAH (CMS),401020114,"24.7526407644343, 68.4134262844905","Shaheed Fazal Rahu, Golarchi",Khorwah
1374,GBPS : MUHAMMAD KHAN KHASKHELI,401020283,"24.7508455849658, 68.3996812972932","Shaheed Fazal Rahu, Golarchi",Khorwah
1376,GBPS : NIM JAT,401020285,"24.7411555414429, 68.3992668972417","Shaheed Fazal Rahu, Golarchi",Khorwah
1377,GBPS : MUHAMMAD SALEH RIND,401020286,"24.7254130922184, 68.3765673681086","Shaheed Fazal Rahu, Golarchi",Khorwah
1378,GBPS : HAJI JAMALUDDIN CHANDIO,401020325,"24.7427048275515, 68.4088584775728","Shaheed Fazal Rahu, Golarchi",Khorwah
1388,GBPS : RISALDAR KHUSHI MUHAMMAD@BACHIYO JO,401020366,"24.7705576643914, 68.4063962108391","Shaheed Fazal Rahu, Golarchi",Khorwah
1389,GBPS : IBRAHIM RAHIMOON,401020367,"24.743984316858, 68.4217008949568","Shaheed Fazal Rahu, Golarchi",Khorwah
1393,GBPS : MIR KHAN LASHARI,401020384,"24.7497190144873, 68.3701702951392","Shaheed Fazal Rahu, Golarchi",Khorwah
1396,GBPS : MUHAMMAD RAHIM RIND,401020390,"24.7289383834401, 68.4002780918031","Shaheed Fazal Rahu, Golarchi",Khorwah
1401,GBPS : MUHAMMAD SULEMAN RIND,401020435,"24.7238806451646, 68.3985105151933","Shaheed Fazal Rahu, Golarchi",Khorwah
1406,GBPS : ALLAH DINO DARS,401020517,"24.7580529452571, 68.403484670868","Shaheed Fazal Rahu, Golarchi",Khorwah
1413,GBELS : NOOR MUHAMMAD KUMBHAR MOHALLA,401020565,"24.7522900128096, 68.4173999746634","Shaheed Fazal Rahu, Golarchi",Khorwah
1430,GGPS : CHAK NO. 24,401020123,"24.8628497280475, 68.5633537204553","Shaheed Fazal Rahu, Golarchi",Dubi
1484,GGPS : GHULAM MUHAMMAD CHANDIO,401020120,"24.8665999046233, 68.6600232690583","Shaheed Fazal Rahu, Golarchi",Kario Ghanwar
1485,GBPS : SHAFI GHAMAN,401020200,"24.8478697855189, 68.5944700321982","Shaheed Fazal Rahu, Golarchi",Kario Ghanwar
1495,GBPS : ISMAIL CHANG,401020276,"24.7855145451286, 68.4346961978077","Shaheed Fazal Rahu, Golarchi",Khorwah
1498,GBPS : HAJI MIR MUHAMMAD BAKAR,401020281,"24.7714605948496, 68.4197764083748","Shaheed Fazal Rahu, Golarchi",Khorwah
1499,GBPS : MUHAMMAD NIDHOO,401020282,"24.7731166635639, 68.4257470074791","Shaheed Fazal Rahu, Golarchi",Khorwah
1513,GBPS : HAJID SAID KHAN CHANDIO,401020316,"24.8697390992007, 68.5343054027964","Shaheed Fazal Rahu, Golarchi",Kario Ghanwar
1515,GBPS : HAJI GUL MUHMMAD MAHERI,401020320,"0, 0","Shaheed Fazal Rahu, Golarchi",TC - Kario Ghanwar
1516,GBPS : AHMAD KHAN RIND,401020321,"24.8704946883469, 68.5728393530474","Shaheed Fazal Rahu, Golarchi",KARIO GANHWAR-Tc
1517,GBPS : SHAFI MUHAMMAD RINDH,401020322,"24.8569334761503, 68.5887837470644","Shaheed Fazal Rahu, Golarchi",Kario Ghanwar
1527,GBPS : NAZIR AHMAD SEHTO,401020400,"24.8307875906009, 68.565008644334","Shaheed Fazal Rahu, Golarchi",Golarchi-S.F.Rao-Tc
1534,GBPS : SOOMAR CHANG,401020434,"24.7691420635339, 68.4332719412457","Shaheed Fazal Rahu, Golarchi",Khorwah
1536,GBPS : ALI MUHAMMAD KATHABABHAN,401020504,"24.8691380242284, 68.5809007256691","Shaheed Fazal Rahu, Golarchi",KARIO GANHWAR-Tc
1542,GBPS : JAN MUHAMMAD SHAR@MUHAMMAD KHAN MAH,401020510,"24.8621464154893, 68.5602504055416","Shaheed Fazal Rahu, Golarchi",Kario Ghanwar
1545,GBPS : RAMZAN MALLAH @ABBAS RIND,401020513,"24.8697, 68.5767","Shaheed Fazal Rahu, Golarchi",Kario Ghanwar
1550,GBLSS : BAGHLI,401020554,"24.8622437740681, 68.5602986772145","Shaheed Fazal Rahu, Golarchi",Dubi
1940,GGPS : YOUSIF ALI ARAIN,401030129,"25.0721950184171, 69.0429527818314",Matli,Aman Abad
1943,GGPS : SOBHO GAHLRO,401030133,"25.0795159754787, 69.0688428361184",Matli,Aman Abad
1959,GBPS : HAJI NABI BUX PUNJABI,401030347,"25.0717795360824, 69.0432760178273",Matli,Aman Abad
1960,GBPS : HAJI HAKEEM DIN,401030348,"25.0850183143305, 69.0579986485975",Matli,Aman Abad
1991,GBPS : HAJI SHAH DIN ARAIN,401030411,"25.0612630222868, 69.0244428758545",Matli,Bhudo Kambrani
1992,GBPS : MUHAMMAD BUX ARAIN,401030414,"25.0769590925676, 69.0355177160925",Matli,Aman Abad
1994,GBPS : MUHAMMAD SIDIQ JUNEJO,401030419,"25.0608742681942, 69.0449631080783",Matli,Bhudo Kambrani
1995,GBPS : TAJ MUHAMMAD JUNEJO,401030420,"25.0694205355462, 69.048789302772",Matli,Bhudo Kambrani
2000,GBPS : IBRAHIM JUNEJO,401030594,"25.0729638807521, 69.0544085279125",Matli,Aman Abad
2007,GBPS : LAKHADINO CHELIO,401030628,"25.0771656301552, 69.0498393656363",Matli,Aman Abad
2015,GBLSS : MUHAMMED IBRAHIM JUNEJO,401030673,"25.0729371289809, 69.054399123315",Matli,Aman Abad
2075,GBPS : PAKASHAD,401030069,"25.0514297617478, 68.6551737380872",Matli,Matli-Mc
2085,GBPS : DIN MUHAMMAD SHEIKH,401030471,"25.0441884329431, 68.669156134208",Matli,Matli-Mc
2089,GBPS : FAZAL MUHAMMAD NIZAMANI,401030592,"25.0558197917041, 68.6505637335371",Matli,Matli-Mc
2100,GBPS : PAK MUSLIM,401030492,"25.0407115801865, 68.658166452448",Matli,Matli-Mc
2101,GBPS : MAL PIRI,401030493,"25.0395299741209, 68.660100325942",Matli,Matli-Mc
2106,GBPS : HAJI HANIF RAJPUT,401030635,"25.0357419513086, 68.6635865302071",Matli,Matli-Mc
2164,GBPS : TALIB SEHTO,401030035,"25.1474956448229, 68.6622713470332",Matli,Phalkara
2165,GBPS : GAHNOO KHAN LAGHARI,401030038,"25.1034218205805, 68.6317272484303",Matli,Ghulam Muhammad Halepoto
2166,GBPS : PHALKARA,401030039,"25.1374352242357, 68.6626958192942",Matli,Phalkara
2170,GBPS : MUHAMMAD YOUSIF PANHWAR,401030064,"25.1802263868854, 68.6779065793703",Matli,Haji Muhammad Hashim Panhwar
2171,GBPS : HAJI ALI BUX LAGHARI,401030066,"25.0831796534409, 68.6127217840808",Matli,Ghulam Muhammad Halepoto
2172,GBPS : LEEMOON ALMAMI,401030076,"25.1698407859558, 68.6618766479431",Matli,Haji Muhammad Hashim Panhwar
2176,GBPS : HAJI AHMED KHAN NIZAMANI,401030090,"25.171372270407, 68.6502042521767",Matli,Haji Muhammad Hashim Panwar
2177,GGPS : TALIB SEHTO,401030121,"25.147505463802, 68.6622826646011",Matli,Phalkara
2178,GGELS : GAHINOO LAGHARI,401030122,"25.1029243458339, 68.6318836851902",Matli,Ghulam Muhammad Halepoto
2180,GGPS : GUHLAM HYDER SHAH ( PHALKHARA),401030149,"25.1382446822409, 68.6624036002311",Matli,Phalkara
2181,GGPS : ALI BUX LAGHARI,401030162,"25.0831123520093, 68.6126951128436",Matli,Ghulam Muhammad Halepoto
2183,GGELS : KOLO SEHTO,401030184,"25.1436717329438, 68.6612866164672",Matli,Phalkara
2188,GBPS : ABDUL RAZAQ LAGHARI AT MUHAMMAD IBR,401030330,"25.09734958348, 68.6300781314851",Matli,Ghulam Muhammad Halepoto
2189,GBPS : MITHO WASAN,401030340,"25.15657, 68.637291",Matli,Haji Muhammad Hashim Panhwar
2193,GBPS : GHULAM ALI CHANDIO,401030346,"25.1856023621917, 68.6761792767112",Matli,Haji Muhammad Hashim Panhwar
2199,GBPS : BARAN LAGHARI,401030428,"25.1049681115357, 68.599591124336",Matli,Ghulam Muhammad Halepoto
2202,GBPS : ALI MUHAMMAD NIZAMANI,401030450,"25.0782346709974, 68.6408124164181",Matli,Ghulam Muhammad Halepoto
2203,GBPS : FATEH MUHAMMAD MASHAK,401030451,"25.0915751547497, 68.6534013308454",Matli,Ghulam Muhammad Halepoto
2204,GBPS : QADU MACHHI,401030453,"25.0729543408745, 68.6510962844959",Matli,Ghulam Muhammad Halepoto
2205,GBPS : MUHAMMAD KHAN LAGHARI,401030454,"25.1042729672517, 68.6405511800272",Matli,Ghulam Muhammad Halepoto
2206,GBPS : HAFIZ KHAIR MUHAMMAD LAGHARI,401030455,"25.105593418857, 68.6359926258733",Matli,Ghulam Muhammad Halepoto
2207,GBPS : NASEER KHAN LAGHARI,401030456,"25.0847124497393, 68.6241025968176",Matli,Ghulam Muhammad Halepto
2210,GBPS : MEHRAB KHAN,401030461,"25.0829378910719, 68.6315229171928",Matli,Ghulam Muhammad Halepoto
2212,GBPS : OTO SHARIF,401030464,"25.1082903130484, 68.6610256280824",Matli,Ghulam Muhammad Halepoto
2213,GBPS : SOOMRO LAGHARI,401030465,"25.0829199441226, 68.6183655007552",Matli,Ghulam Muhammad Halepoto
2214,GBPS : ALLAH BACHAYO PANHWAR,401030504,"25.1826695797262, 68.6736265915271",Matli,Haji Muhammad Hashim Panhwar
2215,GBPS : MUHAMMAD PANHWAR,401030505,"25.1877787882447, 68.6876872981442",Matli,Haji Muhammad Hashim Panhwar
2216,GBPS : ABDUL SALAM NIZAMANI,401030507,"25.1568625361757, 68.6295392382741",Matli,Haji Muhammad Hashim Panhwar
2227,GBPS : MUHAMMAD KHAN NOTKANI,401030617,"25.0661, 68.6375",Matli,Ghulam Muhammad Halepto
2229,GBHS : PHALKARA,401030664,"25.1383075985054, 68.6614948511",Matli,Phalkara
2230,GBHS : PEROZ LAGHARI,401030694,"25.1123877267455, 68.6117601503458",Matli,Ghulam Muhammad Halepoto
2231,GBHS : DOST MUHAMMAD PANHWAR,401030695,"25.1723189943145, 68.6804528497813",Matli,Haji Muhammad Hashim Panhwar
2263,GBPS : IBRAHIM HINGORO,401030430,"25.1947654803644, 68.6765640621772",Matli,Haji Muhammad Hashim Panhwar
2267,GBPS : OBHAYO PANHWAR,401030436,"25.1972286732191, 68.6600651836797",Matli,Haji Muhammad Hashim Panhwar
2285,GBPS : ALI BUX TANGRI,401030582,"25.190841186891, 68.6700603674287",Matli,Haji Muhammad Hashim Panhwar
21043,GBPS : ALLAH BUX PANHWAR@ALLAH BACHAYO KHA,901000066,"25.0865935409613, 68.5942516676487",Matli,Ghulam Muhammad Halepto
21268,GBPS : HASOO PANWHAR,401020021,"24.8099022191873, 68.6543024149695","Shaheed Fazal Rahu, Golarchi",Kario Ghanwar
21283,GBPS : MEHAR KHASKHELI,401030485,"25.0518731918372, 68.6768513967172",Matli,Matli-Mc
21285,GBPS : AZEEM KHASKHELI,401030449,"25.0907447384212, 68.6664203190924",Matli,Ghulam Muhammad Halepoto
34377,GBPS : HAJI TAYYAB KHATTI,401020022,"24.8403135953007, 68.6251196272172","Shaheed Fazal Rahu, Golarchi",KARIO GANHWAR-Tc
34378,GBPS : AAMIR SAHTO,401020068,"24.872585347475, 68.673548861973","Shaheed Fazal Rahu, Golarchi",KARIO GANHWAR-Tc
34379,GBPS : HAJI MANOON JAT,401020498,"24.8776, 68.6212","Shaheed Fazal Rahu, Golarchi",TC - Kario Ghanwar
34492,GBHSS : KHORWAH,401020569,"24.7537928821443, 68.413497358064","Shaheed Fazal Rahu, Golarchi",Khorwah
34499,GBPS : BAGHULI,401020373,"24.8593866469384, 68.5589468519603","Shaheed Fazal Rahu, Golarchi",KARIO GANHWAR-Tc
34500,GBPS : A BDUL JABBAR NIZAMANI AT MUHAMMAD,401020536,"24.8532317192711, 68.5408821724245","Shaheed Fazal Rahu, Golarchi",KARIO GANHWAR-Tc
34969,GBPS : FATEH ALI KHOSO AT HAJI HAROON LAGH,401030434,"25.1026568385416, 68.596157635148",Matli,Ghulam Muhammad Halepoto
35637,GGPS : BARAN LAGHARI,401030713,"25.1052753583904, 68.5998141220228",Matli,Ghulam Muhammad Halepoto
50247,GBPS : GHULAM HYDER RIND,401020577,"24.8617680036607, 68.5835561141975","Shaheed Fazal Rahu, Golarchi",Dubi
50726,GGPS : HAJI IBRAHIM PANHWAR,401030721,"25.1973230818305, 68.660093823934",Matli,Auli Khan Shah
1773,GBPS : PANDHI KHASKHELI,401030586,"0, 0",Matli,Nabi Bux Kamboh
1778,GBPS : CHAUDHARY ABDULLAH,401030011,"25.1188202996004, 68.9059791255609",Matli,Tando Ghulam Ali-Tc
1779,GGPS : TANDO GHULAM ALI,401030102,"25.1230661783502, 68.8875335297248",Matli,Tando Ghulam Ali-Tc
1780,GGPS : CHOUDHRY ABDULLAH,401030103,"25.1187336816778, 68.9066434001854",Matli,Tando Ghulam Ali-Tc
1781,GGPS : DODO KHAN NIZAMANI,401030150,"25.1182463645117, 68.9347654514034",Matli,Tando Ghulam Ali-Tc
1782,GGPS : FAZAL AHMED JAT,401030172,"25.1327230122866, 68.9159300779991",Matli,Tando Ghulam Ali-Tc
1783,GBPS : ALI BUX KHASKHELI,401030212,"25.1297143134637, 68.8847699971784",Matli,Tando Ghulam Ali-Tc
1784,GBPS : WAGHREJI,401030265,"25.1133162664795, 68.9268690251964",Matli,Tando Ghulam Ali-Tc
1785,GBPS : HAJI MUHAMMAD BACHAL NIZAMANI,401030271,"25.1403515746004, 68.919922119658",Matli,Tando Ghulam Ali-Tc
1786,GBPS : BAKHSHO KHOSO,401030277,"25.1104147803237, 68.909949662158",Matli,Tando Ghulam Ali-Tc
1787,GBPS : BUXAN JASKANI,401030284,"25.1426250320774, 68.9355468401301",Matli,Tando Ghulam Ali-Tc
1788,GBPS : HAJI NOORDIN ARAIN @ NAWAB ABAD,401030418,"25.1238481565708, 68.8807162538585",Matli,Tando Ghulam Ali-Tc
1789,GBPS : ALI DOWAKAR,401030526,"25.1047719836592, 68.8979959712644",Matli,Tando Ghulam Ali-Tc
1790,GBPS : ALLAH BUX KHASKHELI,401030574,"25.1019751537557, 68.9235466814382",Matli,Tando Ghulam Ali-Tc
1791,GBPS : ALLAH BACHAYIO KHASKHELI,401030615,"25.1456997951058, 68.9226410137162",Matli,Tando Ghulam Ali-Tc
1792,GGHS : TANDO GHULAM ALI,401030689,"25.1226679589544, 68.8872581768411",Matli,Tando Ghulam Ali-Tc
1793,GBHSS : TANDO GHULAM ALI,401030701,"25.1253618320358, 68.8877597556202",Matli,Tando Ghulam Ali-Tc
1794,GBPS : ALI MUHAMMAD NOHERIO,401030003,"25.2408191050409, 68.9057390396593",Matli,halepota
1796,GBPS : MALHAR KHASKHELI,401030005,"25.2619475403607, 68.965080230475",Matli,Ghazi Khan Chang
1799,GBPS : HAJI KAMAL HALEPOTO,401030023,"25.2602119596834, 68.9387154591872",Matli,Ghazi Khan Chang
1800,GBPS : MUHAMMAD BACHAL ARISAR,401030024,"25.2292422963675, 68.9152246734291",Matli,halepota
1801,GBPS : AHMED BUBAR,401030048,"25.2275498813155, 68.8688573241234",Matli,halepota
1802,GBPS : HAJI RAWAT KHASKHELI,401030084,"25.2647613215003, 68.9715470421291",Matli,Ghazi Khan Chang
1803,GBPS : MUBARAK KHASKHELI,401030096,"25.2299762753848, 68.8808307255009",Matli,halepota
1804,GGPS : BACHAL ARISAR,401030159,"25.2290603114903, 68.9153373239836",Matli,halepota
1805,GGPS : GHULAM RASOOL MANDHRO,401030160,"25.190188739944, 68.9432242485696",Matli,halepota
1806,GGPS : SABAN DASTI,401030181,"25.2162472549656, 68.872004893225",Matli,halepota
1807,GGPS : ALI MUHAMMAD NOHRIO,401030190,"25.2410556437429, 68.90577927343",Matli,halepota
1808,GGPS : H KAMAL KHAN HALEPOTA,401030210,"25.2605878210137, 68.9375324648907",Matli,Ghazi Khan Chang
1809,GBPS : MUHAMMAD SIDDIQUE SAHTO,401030215,"25.1963801826018, 68.9016889035702",Matli,halepota
1810,GBPS : RAMZAN KUMBHAR,401030219,"25.2516936504824, 68.9393873550873",Matli,Ghazi Khan Chang
1811,GBPS : SULEMAN SEPIO,401030220,"25.2530291439854, 68.9489038277473",Matli,Ghazi Khan Chang
1812,GBPS : CHOUDHRY ABDUL SATTAR,401030221,"25.2724964671275, 68.9445056842528",Matli,Ghazi Khan Chang
1813,GBPS : HABIB PANHWAR,401030222,"25.2684931, 68.9261929",Matli,Ghazi Khan Chang
1818,GBPS : KAPRI MORI,401030312,"25.2400245047471, 68.9213414642735",Matli,halepota
1819,GBPS : SABAN DASTI,401030314,"25.2163188964686, 68.8722302024362",Matli,halepota
1820,GBPS : BACHAL HALEPOTO,401030316,"25.2172009229112, 68.9195403558363",Matli,halepota
1821,GBPS : CHOUDHRY ABDUL RAZZAQ,401030512,"0, 0",Matli,Ghazi Khan Chang
1822,GBPS : GHANWAR CHANG,401030557,"25.2446183576956, 68.9313098854986",Matli,Ghazi Khan Chang
1823,GBPS : MUHAMMAD ALI AHMEDANIA,401030578,"25.1897991783437, 68.8983964902569",Matli,halepota
1824,GBPS : HAJI IMDAD RIND,401030637,"25.2231228689856, 68.8968998214394",Matli,halepota
1826,GBHS : SULEMAN PAHORE,401030647,"25.2083605000434, 68.9027416642539",Matli,halepota
1827,GBLSS : BACHAL ARISAR,401030672,"25.2292034404672, 68.9152488090208",Matli,halepota
1828,GBLSS : SABAN DASTI,401030676,"25.2165208451311, 68.8721470613441",Matli,halepota
1856,GBPS : AMEEN ABAD,401030263,"25.2531498215981, 68.9676839948054",Matli,Ghazi Khan Chang
1859,GBPS : SOBHO CHANDIO,401030007,"25.1156856285125, 69.0020220904457",Matli,Dumbalo
1862,GBPS : HAJI MUHAMMAD HASSAN BAGRANI,401030030,"25.125325137698, 68.9970954782141",Matli,Dumbalo
1863,GBPS : HAJI BAKHSHAN CHANDIO,401030031,"25.1212467927146, 69.0068117316132",Matli,Dumbalo
1870,GGPS : HAJI MUHAMMAD HASSAN BAGRANI,401030202,"25.1253073549006, 68.9971269622685",Matli,Dumbalo
1925,GBPS : HAFIZ IBRAHIM,401030042,"25.0786, 69.0708",Matli,Chhato Madrani
1926,GBPS : HAJI RAHMATULLAH ARAIN,401030043,"25.0619046434841, 69.0120711161715",Matli,Budho Qambrani
1927,GBPS : BUDHO QAMBRANI,401030044,"25.0380585208759, 69.016070344333",Matli,Bhudo Kambrani
1928,GBPS : UMED ALI JATOI,401030049,"25.1041542264073, 69.0047071729016",Matli,Aman Abad
1929,GBPS : HAJI MUHAMMAD ARAIN,401030050,"25.1096225074902, 68.9754429047728",Matli,Bhudo Kambrani
1930,GBPS : MUHAMMAD KHAN JARWAR,401030051,"25.0427074413002, 69.1273568712991",Matli,Aman Abad
1931,GBPS : LAL MUHAMMAD JARWAR,401030052,"25.0304326412032, 69.0877363317164",Matli,Aman Abad
1932,GBPS : JARAR JUNEJO @ RAB DINO NOOHANI,401030053,"25.0275087066222, 69.0496113790468",Matli,Bhudo Kambrani
1933,GBPS : MASSU KHAN AHMEDANI,401030054,"25.1075727934477, 68.9873184377454",Matli,Bhudo Kambrani
1934,GBPS : ESSA KHAN JARWAR,401030079,"25.0280506518955, 69.0918132568637",Matli,Aman Abad
1936,GBPS : HAJI KAPARI KHOSO,401030085,"25.0615188320239, 68.9895386213526",Matli,Bhudo Kambrani
1937,GGPS : DR. ABDUL AZIZ,401030126,"25.0322575991018, 69.0204719050234",Matli,Bhudo Kambrani
1938,GGPS : DADO MANDHRANI,401030127,"25.088489653865, 68.9928303607972",Matli,Bhudo Kambrani
1939,GGPS : RAHMATULLAH ARAIN,401030128,"25.058783575565, 69.0135852855253",Matli,Bhudo Kambrani
1945,GGPS : BUDHO QUMBRANI,401030135,"25.0412554299819, 69.0140707783007",Matli,Bhudo Kambrani
1946,GGPS : MUHAMMAD HASHIM JARWAR,401030156,"25.0150501214794, 69.0909401574295",Matli,Aman Abad
1948,GGPS : MASOO KHAN AHMEDANI,401030158,"25.1072109063665, 68.9872661232948",Matli,Bhudo Kambrani
1949,GGPS : MUHAMMED KHAN JARWAR,401030163,"25.0441212448982, 69.1139370566053",Matli,Aman Abad
1950,GGPS : LAL MUHAMMAD JARWAR,401030164,"25.0306949509516, 69.0864193392416",Matli,Aman Abad
1951,GGPS : GHULAM RASOOL JARWAR,401030177,"25.0284165082608, 69.0917234040384",Matli,Aman Abad
1953,GGPS : RASOOL BUX JARWAR,401030200,"25.034972460329, 69.1304632143419",Matli,Aman Abad
1954,GGPS : GUL BEG MAZARI,401030206,"25.0428131095104, 68.9905799631153",Matli,Bhudo Kambrani
1955,GGPS : PADHI JATOI,401030209,"25.1024540585414, 69.0121476152177",Matli,Aman Abad
1956,GBPS : JALAL KHAN KHOSO,401030273,"25.0581384268365, 68.9936645344688",Matli,Bhudo Kambrani
1957,GBPS : GUL BAIG MAZARI,401030274,"25.042582173087, 68.990690025075",Matli,Bhudo Kambrani
1958,GBPS : DODO MANDHRANI,401030335,"25.0882030109201, 68.9921088606926",Matli,Bhudo Kambrani
1962,GBPS : SOHRADI,401030353,"25.0314166654517, 69.1193957583674",Matli,Aman Abad
1963,GBPS : HAJI EADAL DARS,401030354,"25.0113956220019, 69.1398114311152",Matli,Aman Abad
1964,GBPS : HAJI NIZAMDIN,401030355,"25.0752038169774, 69.0042378063278",Matli,Aman Abad
1970,GBPS : HAJI FAZAL TALPUR,401030387,"25.1114029148671, 69.005590965871",Matli,Bhudo Kambrani
1972,GBPS : LOUNG KHAN JATOI,401030390,"25.1033782356789, 69.0116473993179",Matli,Aman Abad
1973,GBPS : HAJI RASOOL BUX KALOI,401030391,"25.0092, 69.0383",Matli,Budho Qambrani
1975,GBPS : HAJI FATEH MUHAMMAD CHANG,401030394,"25.0894066490959, 68.9813625863521",Matli,Bhudo Kambrani
1978,GBPS : RASOOL BUX JARWAR,401030397,"25.0419, 69.1297",Matli,Chhato Madrani
1980,GBPS : MURAD JARWAR,401030399,"25.0433, 69.1059",Matli,Chhato Madrani
1981,GBPS : SARDAR KHAN JARWAR,401030400,"25.0205686433145, 69.1394680926721",Matli,Aman Abad
1987,GBPS : HAJI LOUNG KHASKHELI,401030407,"25.0177, 69.0467",Matli,Chhato Madrani
1993,GBPS : MUHAMMAD HASHIM ARAIN,401030415,"0, 0",Matli,Budho Qambrani
1996,GBPS : MUHAMMAD SHARIF FATEH MUHAMMAD,401030421,"25.0872, 69.0397",Matli,Chhato Madrani
1997,GBPS : RAMZAN BHURGRI,401030466,"25.0919158889023, 68.9712345572672",Matli,Bhudo Kambrani
1998,GBPS : KIRIR CHANG,401030554,"25.0929179068212, 68.9843425342957",Matli,Bhudo Kambrani
1999,GBPS : MUHAMMAD ISMAIL SAMOON,401030573,"25.0446404416689, 68.9770683559911",Matli,Bhudo Kambrani
2002,GBPS : SHAIKHO KALOI,401030622,"25.0356, 69.0367",Matli,Budho Qambrani
2004,GBPS : HAKIM MUHAMMAD HASHIM JARWAR,401030624,"25.036983186703, 69.0967753400112",Matli,Aman Abad
2005,GBPS : MUHAMMAD QASIM HAJANO,401030625,"25.0536092596965, 69.0966224780235",Matli,Aman Abad
2008,GBPS : MUHAMMAD HASHIM AHMEDANI,401030630,"25.1138971307043, 68.9844672381878",Matli,Bhudo Kambrani
2010,GGLSS : MUHAMMED KHAN JARWAR,401030659,"25.0440814948145, 69.1132494924913",Matli,Aman Abad
2011,GBLSS : SORHADI,401030665,"25.0315491377385, 69.1196492192747",Matli,Aman Abad
2012,GBLSS : BUDHO QUMBRANI,401030667,"25.037845872194, 69.0161991339035",Matli,Bhudo Kambrani
2013,GBHS : CHHUTTO MADRANI,401030668,"25.1115109927329, 68.9885616396626",Matli,Aman Abad
2014,GBLSS : DODO MANDHRANI,401030669,"25.0878288418269, 68.9908843965842",Matli,Bhudo Kambrani
2016,GBHS : ABDUL HAQUE BHURGRI,401030678,"25.0449692507244, 69.0954637183409",Matli,Aman Abad
2017,GBHSS : UMER DIN PUNJABI,401030693,"25.0761652303898, 68.979669205622",Matli,Bhudo Kambrani
2018,GBHS : GHULAM MUHAMMAD PUNJABI,401030696,"25.0942465744971, 69.0182331367159",Matli,Aman Abad
2019,GBHSS : AMAN ABAD,401030697,"25.0272741900001, 69.1008294143868",Matli,Aman Abad
2020,GBHS : NIZAM U DIN ARAIN,401030700,"25.0750013913582, 69.0041166433917",Matli,Aman Abad
2158,GBPS : PIR BUX KHOSO,401030570,"25.0733, 68.8167",Matli,Nabi Bux Kamboh
2160,GBPS : MUHAMMAD SOOMAR LUND,401030604,"25.0864, 68.8286",Matli,Nabi Bux Kamboh
2299,GBPS : MOLVI MUHAMMAD DILAWAR GASHKORI,401030213,"25.1972309522466, 68.885854901533",Matli,halepota
2300,GBPS : MANGO KHASKHELI,401030214,"25.1859436086508, 68.8893829309929",Matli,halepota
2301,GBPS : DARGAH PIR SAKHI USMAN SHAH,401030216,"25.2077464727848, 68.8774980630068",Matli,halepota
2304,GBPS : HAJI USMAN AHMEDANI,401030315,"25.2040638512273, 68.8980665785481",Matli,halepota
2306,GBPS : GHULAM MUHAMMAD TALPUR,401030320,"25.1889254173688, 68.8824225974872",Matli,halepota
2320,GBPS : MOLVI ABDULLAH,401030511,"25.191443, 68.875433",Matli,halepota
2325,GBPS : ALLAH DINO RATHORE,401030591,"25.2088276970206, 68.8696271246242",Matli,halepota
2326,GBPS : KHUDA BUX AHMEDANI,401030595,"25.2033600697901, 68.8956780779338",Matli,halepota
5745,GBPS : MUHAMMAD QASIM MACHHI,901000084,"25.2445055183032, 68.9550957096412",Matli,Ghazi Khan Chang
21183,GGPS : MUHAMMAD DIN CHANG,401030716,"25.2503703663809, 68.9365240928334",Matli,Ghazi Khan Chang
21184,GBPS : BELO NATHAN SHAH,901000082,"25.2764729657838, 68.9726065088119",Matli,Ghazi Khan Chang
21278,GBPS : AHMED BHAN,401030217,"25.2200193800169, 68.9170713776721",Matli,halepota
21280,GBPS : MUHAMMAD SOOMAR CHANDIO,401030389,"25.1147208596336, 69.0066728129536",Matli,Aman Abad
21810,GBPS : RASOOL BUX JUNEJO,901000086,"25.0709288830391, 69.0525376452666",Matli,Budho Qambrani
21929,GGPS : KHAIR MUHAMMAD SHAH,901000048,"25.1342912222251, 68.9146556000865",Matli,TC - Tando Ghulam Ali
21930,GBPS : LUQMAN PANHWAR,401030720,"25.2541122641872, 68.9255659328279",Matli,Ghazi Khan Chang
34875,GBPS : AHMED SHAH,401030278,"25.1076581826815, 68.9279169023419",Matli,Tando Ghulam Ali-Tc
34877,GBPS : SABIR ALI SHAH,401030313,"25.2766730840628, 68.9603716203338",Matli,Ghazi Khan Chang
34878,GBHSS : KAPRI MORI,401030686,"25.2396096795326, 68.9196557129065",Matli,halepota
34885,GBPS : GHAZI MAZARI,401030018,"25.0438441879164, 69.0126009299786",Matli,Bhudo Kambrani
34888,GBPS : MUHAMMAD ISMAIL SOBEDAR,401030392,"24.99, 69.0142",Matli,Budho Qambrani
34890,GBPS : PIR BUX CHANDIO,401030417,"25.0523190712369, 69.074459373951",Matli,Aman Abad
34979,GBPS : TAJAN SHORO,401030367,"25.1227727551421, 68.8475025510984",Matli,Nabi Bux Lamboh
40693,GBPS : MUHAMMAD ISMAIL PAHORE,401030527,"25.2097, 68.9017",Matli,halepota
51288,GBPS : ALLAH DINO JASKANI,301000005,"25.1284191787066, 68.8646614908975",Matli,Tando Ghulam Ali-Tc
51475,GBPS : ALI KHAN  JASKANI,401030722,"25.1325118648918, 68.9212849604168",Matli,-
51729,GGPS : ABDUL HAQ BHURGRI,401030724,"25.045059590328, 69.0953765584962",Matli,Chhato Madrani
592,GBPS : QASIM KHOSO,401010681,"24.6254141355738, 68.9010774386911",Badin,Muhammad Khan Bhurgari
595,GBPS : MUHAMMAD HASSAN KHOSO,401010684,"24.6235275418448, 68.8998328131774",Badin,Muhammad Khan Bhurgari
623,GBPS : HAJI MITHAN NOTAYAR,401010031,"24.4423099762665, 68.9554068459318",Badin,Shaheed Rani @ Allah Dino Jamali
632,GBPS : TAHIR BAJEER,401010302,"24.4682321489396, 68.9343220013806",Badin,Shaheed Rani @ Allah Dino Jamali
633,GBPS : ALLAH JURIO BAJIR,401010417,"24.4639182447042, 68.9560156767705",Badin,Shaheed Rani @ Allah Dino Jamali
637,GBPS : SHAKAR NOTIAR,401010431,"24.5067088415317, 68.9692765309553",Badin,Shaheed Rani @ Allah Dino Jamali
640,GBPS : MOLVI USMAN CHANDIO,401010439,"24.4635557345057, 68.9602743869065",Badin,Kadhan-Tc
650,GBPS : MUHAMMAD KHAN CHANDIO,401010556,"24.464548161766, 68.9757755419002",Badin,Shaheed Rani @ Allah Dino Jamali
659,GBPS : BAHAWAL KHAN CHANDIO,401010728,"24.4946982161676, 68.9689922342633",Badin,Shaheed Rani @ Allah Dino Jamali
673,GBPS : MUHAMMAD KHAN PUSIO,401010013,"24.4560005631773, 68.8136520986754",Badin,Seerani
678,GBPS : MUHAMMAD IBRAHIM RIND,401010120,"24.4910564728149, 68.8616528218102",Badin,Shaheed Dado Soomro
688,GBPS : MAKHAN KOREJO,401010240,"24.4991599360148, 68.7967139480512",Badin,Seerani
692,GBPS : WALI MUHAMMAD JUNEJO,401010248,"24.5134812858068, 68.81028860867",Badin,Seerani
693,GBPS : MURAD ALI GOPANG,401010249,"24.4655735594688, 68.7962606552242",Badin,Seerani
705,GBPS : MUHAMMAD IBRAHIM SHORO,401010285,"24.447992, 68.802327",Badin,Bhugra Memon
706,GBPS : NOOR MUHAMMAD GHIRANOO,401010286,"24.4772989232923, 68.8741788276034",Badin,Shaheed Dodo Soomro@ Lakho Pir
708,GBPS : TAYYAB MALLAH,401010288,"24.4593649792216, 68.7992781406639",Badin,Seerani
712,GBPS : JAFAR MALLAH,401010401,"24.4726533315377, 68.8886439846851",Badin,Shaheed Dado Soomro
713,GBPS : JALALUDDIN PUNJABI @ MAMMON MALLAH,401010424,"24.51008347955, 68.9403113743656",Badin,Shaheed Rani @ Allah Dino Jamali
714,GBPS : JAN MUHAMMAD MALLAH,401010441,"24.4151637458215, 68.7994109099108",Badin,Bhugra Memon
716,GBPS : MUHAMMAD YOUSIF MALLAH,401010467,"24.4325764972084, 68.8834431996313",Badin,Shaheed Dado Soomro
720,GBPS : MAJNOO KHASKHELI,401010490,"24.5092738826831, 68.800997436841",Badin,Seerani
724,GBPS : MOHAR PALI,401010528,"24.4241976722073, 68.802247345836",Badin,Bhugra Memon
730,GBPS : HAJI SAHIB ZADA SHAH,401010547,"24.4985814865679, 68.8070940977333",Badin,Seerani
735,GBPS : SAYED MURAD SHAH,401010625,"24.4352040869175, 68.8095375894507",Badin,Bhugra Memon
740,GBPS : BACHAL GHIRANOO,401010638,"24.4751531358854, 68.8768020276227",Badin,Shaheed Dodo Soomro@ Lakho Pir
741,GBPS : QADIR BUX CHANG @ ALLAH JURIO CHANG,401010639,"24.4577389385935, 68.8249495630461",Badin,Shaheed Dodo Soomro@ Lakho Pir
750,GBPS : GHULAM NABI GOPANG,401010753,"24.454955514585, 68.7936991437282",Badin,Bhugra Memon
755,GBPS : ALI NAWAZ MALLAH,401010758,"24.4730829973519, 68.8713383681573",Badin,Shaheed Dodo Soomro@ Lakho Pir
756,GBPS : MIAN JI MUBARAK,401010759,"24.5190173426981, 68.8127964692329",Badin,Pir Fatah Shah
757,GBPS : MITHAN KHASKHELI,401010760,"24.4936352410666, 68.8291713593901",Badin,Seerani
758,GBPS : SYED GUL SHAH,401010761,"24.4810386836865, 68.7981623404724",Badin,Seerani
760,GBPS : HAJI KARIM BUX CHANG,401010784,"24.5142841842503, 68.7911430006224",Badin,Seerani
763,GBHSS : SEERANI,401010830,"24.4931018902803, 68.7975615200421",Badin,Seerani
775,GGPS : DEENAR TALPUR,401010138,"24.4069712342034, 68.7972094828675",Badin,Bhugra Memon
790,GBPS : NEW GOTH,401010298,"24.4412648979999, 68.9684014766755",Badin,Behdimi
805,GBPS : JEEYAND KHAN KACHHELO,401010397,"24.4532989533381, 68.9304529113133",Badin,Behdimi
811,GBPS : BEER MALLAH,401010535,"24.4273504914197, 68.9430338135501",Badin,Behdami
826,GBPS : MITHAN GHIRANOO,401010632,"24.4366057560313, 68.9000326395035",Badin,Shaheed Dodo Soomro@ Lakho Pir
827,GBPS : CHANWAR MALAH,401010636,"24.4452285302203, 68.8894472987168",Badin,Shaheed Dodo Soomro@ Lakho Pir
829,GBPS : WAHID DINO NOTIAR,401010666,"24.430191840073, 68.9561022119123",Badin,Behdimi
832,GBPS : MIR HASSAN NOTIAR,401010673,"24.4279915116662, 68.9716905367876",Badin,Behdimi
840,GBPS : GHAZI CHANG,401010749,"24.4115807543753, 68.8739870488971",Badin,Shaheed Dodo Soomro@ Lakho Pir
841,GBPS : SHAIR MUHAMMAD CHANG,401010750,"24.4218067506376, 68.8803009670548",Badin,Shaheed Dodo Soomro@ Lakho Pir
843,GBPS : MUHAMMAD SIDDIQUE GHIRANO,401010752,"24.4318512087312, 68.8874275966035",Badin,Shaheed Dodo Soomro@ Lakho Pir
844,GBPS : VIKIO MALLAH,401010777,"24.3981980222516, 68.8722932153875",Badin,Shaheed Dado Soomro
848,GBELS : DOST ALI CHANG,401010815,"24.4242525909135, 68.8824185743411",Badin,Shaheed Dodo Soomro@ Lakho Pir
946,GBPS : LAWARI SHAREEF,401010024,"24.5574016030346, 68.9046795626485",Badin,Luari Sharif
948,GGPS : LAWARI SHARIF,401010128,"24.5595679503303, 68.9049196253882",Badin,Luari Sharif
950,GGPS : KHAN SAHIB A REHMAN,401010194,"24.5785608276792, 68.8950450808463",Badin,Luari Sharif
955,GBPS : ISHAQE SAMOON,401010268,"24.4937383641924, 68.8865498455994",Badin,Luari Sharif
957,GBPS : ALLAH DINO BAJIR,401010367,"24.4842999276002, 68.9341074232864",Badin,Shaheed Rani @ Allah Dino Jamali
960,GBPS : AYOOB JAT,401010404,"24.5164219757396, 68.9390158625146",Badin,Shaheed Rani @ Allah Dino Jamali
962,GBPS : TAJ MUHAMMAD GHARANO,401010408,"24.4814805337307, 68.8808132702516",Badin,Luari Sharif
965,GBPS : WALI MUHAMMAD UNAR,401010413,"24.5140437739035, 68.8962802247112",Badin,Luari Sharif
966,GBPS : KHABAR KHAN CHANDIO,401010435,"24.5123928528688, 68.8906744104199",Badin,Luari Sharif
974,GBPS : KOREJA,401010499,"24.5751873588776, 68.8737925840034",Badin,Muhammad Khan Bhurgari
977,GBPS : MITHO RIND,401010505,"24.4963286547914, 68.8670682810284",Badin,Luari Sharif
978,GBPS : AHMAD KHAN CHANG,401010506,"24.4935875901839, 68.9098226994004",Badin,Luari Sharif
980,GBPS : LUARI SHARIF 2,401010589,"24.5672193419614, 68.8973799304073",Badin,Luari Sharif
982,GBPS : MUHAMMAD RAMZAN SHEEDI,401010612,"24.5806036160346, 68.8785427749593",Badin,Muhammad Khan Bhurgari
983,GBPS : MUHAMMAD RAHIM SOLANGI,401010614,"24.5036300079871, 68.9247465333076",Badin,Shaheed Rani @ Allah Dino Jamali
984,GBPS : BANGAL LAGHARI,401010647,"24.5190685563977, 68.9476056395654",Badin,Luari Sharif
986,GBPS : ROSHAN ABAD,401010679,"24.5661679479041, 68.9102357568427",Badin,Luari Sharif
987,GBPS : JAFFAR CHANG,401010744,"24.4740289403222, 68.8975167270552",Badin,Luari Sharif
988,GBPS : MUHAMMAD KHAN JUNEJO@ABDULLAH KHASK,401010745,"24.5104416426723, 68.9634856536576",Badin,Shaheed Rani @ Allah Dino Jamali
989,GBPS : YAQOOB JUNEJO,401010746,"24.5414301038775, 68.8965357061986",Badin,Luari Sharif
990,GBPS : YAR MUHAMMAD CHANDIO,401010747,"24.5109681756075, 68.8958497333353",Badin,Luari Sharif
994,GBELS : KHAN SAHIB ABDUL REHMAN,401010817,"24.5784742342853, 68.8913020493561",Badin,Luari Sharif
998,GBPS : HAJI QASIM ABRO,401010001,"24.6376359857507, 68.9137789605558",Badin,Haji Soomar Abro
999,GBPS : HAJI SIKNO SOOMRO,401010002,"24.6460395832718, 68.9208747441075",Badin,Haji Soomar Abro
1000,GBPS : HASHIM ABRO,401010003,"24.6506983131349, 68.9156310139637",Badin,Haji Soomar Abro
1002,GBPS : NABI BUX BHURGARI,401010005,"24.6046914655802, 68.8817211990553",Badin,Muhammad Khan Bhurgari
1007,GGPS : MUHAMMAD BACHAL SOOMRO,401010125,"24.6467806909932, 68.9241001015403",Badin,Haji Soomar Abro
1008,GGPS : NABI BUX BHURGRI,401010135,"24.6038525477581, 68.8819867373506",Badin,Muhammad Khan Bhurgari
1013,GGPS : SOOMAR ABRO,401010177,"24.6508152975975, 68.9153346399473",Badin,Haji Soomar Abro
1016,GBPS : ALI MUHAMMAD SOOMRO,401010208,"24.6037281233332, 68.8644987345735",Badin,Muhammad Khan Bhurgari
1021,GBPS : HAJI ILYAS SOOMRO,401010217,"24.6528166813486, 68.8793662159652",Badin,Haji Soomar Abro
1023,GBPS : PEERO MEMON,401010220,"24.6229106541721, 68.8754971331852",Badin,Muhammad Khan Bhurgari
1028,GBPS : HAJI ISMAIL SOOMRO,401010335,"24.616928106114, 68.86980012089",Badin,Muhammad Khan Bhurgari
1044,GBPS : ISMAIL KHASKHELI,401010359,"24.6130241219142, 68.8660168656704",Badin,Muhammad Khan Bhurgari
1046,GBPS : QABOOL MUHAMMAD AT YOUSIF SHAH,401010399,"24.6456190616232, 68.9197079830868",Badin,Haji Soomar Abro
1051,GBPS : HAJI HUSSAIN MALLAH,401010480,"24.6456458708713, 68.8988752659163",Badin,Haji Soomar Abro
1053,GBPS : HAJI SIDDIQUE ABRO,401010519,"24.6555200800224, 68.9002485569319",Badin,Haji Soomar Abro
1064,GBPS : PIR BUX MUGHERI,401010608,"24.6288490399045, 68.9005315300823",Badin,Haji Soomar Abro
1067,GBPS : HAJI RAMZAN CHANDIO @ HAJI M KHAN U,401010620,"24.7411738154361, 68.892209976564",Badin,Zainul Abdin Alias / Jhando Shah Dargah
1074,GBPS : MANIK MUGHARI,401010695,"24.610257, 68.90103",Badin,Muhammad Khan Bhurgari
1078,GBPS : MUHAMMAD RAHIM MALLAH,401010700,"24.6278329001442, 68.8568059315831",Badin,Haji Soomar Abro
1085,GBLSS : HAJI QASIM ABRO,401010788,"24.6391963234539, 68.9150087531906",Badin,Haji Soomar Abro
2473,GBPS : PIR IMAM ALI SHAH,401050001,"24.771738234677, 68.925293684403",Talhar,Pir Bahadur Shah Siqiqui
2480,GBPS : UMER UMRANI,401050014,"24.7616869162493, 68.9007380611696",Talhar,Pir Bahadur Shah Siqiqui
2489,GBPS : JAMAL KHAN UMRANI,401050025,"24.758134, 68.895001",Talhar,Pir Bahadur Shah Siqiqui
2506,GBPS : ALLAH DINO SOOMRO,401050090,"24.7464001432261, 68.9159046111505",Talhar,Pir Bahadur Shah Siqiqui
2516,GBPS : MIRZO KHAN DALWANI,401050108,"24.7938254416233, 68.8883650141015",Talhar,Pir Bahadur Shah Siqiqui
2517,GBPS : TAHIR KHASKHELI,401050110,"24.7953594042035, 68.8608013095458",Talhar,Peeru Lashari
2520,GBPS : HAJI SAIN DINO UMRANI,401050113,"24.739106, 68.885614",Talhar,Pir Bahadur Shah Siqiqui
2521,GBPS : HAJI MAKO,401050114,"24.7453161612708, 68.8950893287856",Talhar,Pir Bahadur Shah Siqiqui
2522,GBPS : KHALIFO DOST MUHAMMAD,401050115,"24.7610073922633, 68.9113676548004",Talhar,Pir Bahadur Shah Siqiqui
2523,GBPS : NATHO NAREJO,401050116,"24.776934, 68.909779",Talhar,Pir Bahadur Shah Siqiqui
2527,GBPS : DODO KHAN LASHARI @ UMER MANAN,401050129,"24.7406749908186, 68.8906522306748",Talhar,Pir Bahadur Shah Siqiqui
2528,GBPS : LAL KHAN LUND,401050130,"24.7973158678128, 68.8753992319107",Talhar,Pir Bahadur Shah Siqiqui
2529,GBPS : ALLAN KHAN UMRANI,401050131,"24.774445, 68.892102",Talhar,Pir Bahadur Shah Siqiqui
2545,GBPS : BACHAL MACHHI,401050152,"24.755937, 68.937221",Talhar,Pir Bahadur Shah Siqiqui
2548,GBPS : LOUNG SHEEDI,401050155,"24.8041370403933, 68.8891401893892",Talhar,Pir Bahadur Shah Siqiqui
2550,GBPS : SHAH TURAIL,401050159,"24.7731751249478, 68.9014622565112",Talhar,Pir Bahadur Shah Siqiqui
2552,GBPS : SADRATULLAH SHAH,401050161,"24.7453380950343, 68.9289119841654",Talhar,Pir Bahadur Shah Siqiqui
2555,GBPS : HAJI BEHAWAL TALPUR,401050269,"24.806515813868, 68.8549017906189",Talhar,Haji Muhammad Ashraf Thebo
2558,GBPS : SAJIN JE WASI @ VAJO KOLHI,401050273,"24.8082931369731, 68.8695345818996",Talhar,Pir Bahadur Shah Siqiqui
2559,GBPS : TEJO KOLHI,401050274,"24.7910076983277, 68.9038306468727",Talhar,Pir Bahadur Shah Siqiqui
2563,GBLSS : MIRZO DALWANI,401050287,"24.7895884636051, 68.8819599151611",Talhar,Pir Bahadur Shah Siqiqui
2584,GBPS : MIR MUHAMMAD JOYO,401050109,"24.8026055983969, 68.883176293275",Talhar,Pir Bahadur Shah Siqiqui
5217,GGPS : ISHAQUE SAMOON,401010842,"24.4917472489623, 68.8871794939041",Badin,Luari Sharif
21185,GBPS : SUKHIO JATT,901000038,"24.7497482436963, 68.9347283543646",Talhar,Pir Ali Bahadur Shah @ Chaneri
21263,GBPS : HAJI SOOMAR MALLAH,401010629,"24.4988060391284, 68.8148376335704",Badin,Seerani
21264,GBPS : DEENAR KHAN TALPUR,401010293,"24.4069229761898, 68.7970398382142",Badin,Bhugra Memon
34258,GBPS : ALI MUHAMMAD MALLAH,401010542,"24.4356240881704, 68.8851276207314",Badin,Shaheed Dado Soomro
34363,GBPS : ALLAH DINO JAMALI,401010430,"24.522000563267, 68.93470019344",Badin,Shaheed Rani @ Allah Dino Jamali
34364,GBPS : MUHAMMAD SIDDIQ,401010507,"24.5293858493705, 68.8928751659895",Badin,Luari Sharif
34995,GGPS : MIRZO KHAN DALWANI,401050082,"24.7937718218197, 68.8882389867094",Talhar,Pir Ali Bahadur Shah @ Chaneri
34997,GBPS : YOUSIF KATYAR,401050117,"24.7860588020142, 68.919349237631",Talhar,Pir Bahadur Shah Siqiqui
35632,GBPS : BENAZIRABAD,401010841,"24.5225850719964, 68.9427012233891",Badin,Luari Sharif
1736,GGPS : GHAIL PUR,401030205,"25.0732141649065, 68.8778346763059",Matli,Thari
1737,GBPS : THARI,401030246,"25.0656286894251, 68.8297645420398",Matli,Thari
1738,GBPS : GHEL PUR II,401030252,"25.0731267357729, 68.8776442458216",Matli,Thari
1739,GBPS : ARAB NIZAMANI,401030266,"25.1017570402056, 68.9385495845681",Matli,Tharo Kot @ Ali Muhammad Bozdar
1741,GBPS : THAROO KOT,401030275,"25.0862966941969, 68.9405301837527",Matli,Tharo Kot @ Ali Muhammad Bozdar
1742,GBPS : MUHAMMAD MOOSA BHURGARI,401030276,"25.083332011341, 68.9574287872674",Matli,Tharo Kot @ Ali Muhammad Bozdar
1743,GBPS : NOOR AHMED ARAIN,401030281,"25.0919697828739, 68.8831829143188",Matli,Tharo Kot @ Ali Muhammad Bozdar
1744,GBPS : MOLVI MUHAMMAD YAQOOB @ ALLAH BACHA,401030282,"25.0586256103171, 68.8765874540794",Matli,Thari
1745,GBPS : DHANI BUX BUBAR,401030286,"25.0436092528123, 68.9468675760017",Matli,Tharo Kot @ Ali Muhammad Bozdar
1746,GBPS : MASTER YAQOOB,401030287,"0, 0",Matli,Tharo Kot @ Ali Muhammad Bozdar
1747,GBPS : ASHRAF GUJJAR,401030288,"25.0506306269771, 68.9022003217258",Matli,Tharo Kot @ Ali Muhammad Bozdar
1748,GBPS : MUHAMMAD ARAB KHASKHELI,401030289,"25.0644, 68.9114",Matli,Tharo Kot @ Ali Muhammad Bozdar
1749,GBPS : HAJI BASHIR NIZAMANI,401030290,"25.0485758545363, 68.8770918835526",Matli,Thari
1750,GBPS : DOULAT BAGRANI,401030293,"25.0562586170041, 68.8576430240014",Matli,Thari
1751,GBPS : ALLAN KHASKHELI,401030297,"25.0629152655136, 68.875456902632",Matli,Thari
1752,GBPS : HAJI MOHARRAM KHASKHELI,401030298,"25.0672203578069, 68.8388102546765",Matli,Thari
1756,GBPS : ALI BUX NIZAMANI,401030317,"25.0941490179125, 68.8905801141368",Matli,Thari
1757,GBELS : HAJI KHAMISO JALALANI,401030332,"25.1066107888768, 68.9497682119295",Matli,Tharo Kot @ Ali Muhammad Bozdar
1758,GBPS : SOOMAR KHASKHELI,401030333,"25.0947680020949, 68.9569797365697",Matli,Tharo Kot @ Ali Muhammad Bozdar
1759,GBPS : HAJI MEVO BHURGRI,401030334,"25.1029268059888, 68.9592070007671",Matli,Tharo Kot @ Ali Muhammad Bozdar
1760,GBPS : SHAH MUHAMMAD PUNJABI,401030336,"25.04103871162, 68.966627050671",Matli,Tharo Kot @ Ali Muhammad Bozdar
1761,GBPS : MUHAMMAD SANAULLAH,401030467,"25.0552624316114, 68.9473840631194",Matli,Tharo Kot @ Ali Muhammad Bozdar
1762,GBPS : HAMZO KHAN NIZAMANI,401030513,"25.0801672572683, 68.891540434263",Matli,Thari
1763,GBPS : GUL MUHAMMAD NIZAMANI,401030528,"25.0845132312022, 68.8684238237027",Matli,Thari
1764,GBPS : MUHAMMAD RAMZAN KHASKHELI,401030529,"25.0871054526972, 68.9472642142998",Matli,Tharo Kot @ Ali Muhammad Bozdar
1765,GBPS : HAJI KHAMISO KHASKHELI,401030530,"25.0467541546591, 68.9257878125911",Matli,Tharo Kot @ Ali Muhammad Bozdar
1766,GBPS : HAJI ZAHOOR AHMED NIZAMANI,401030534,"25.0686, 68.8925",Matli,Tharee
1767,GBPS : HAJI JANI JALALANI,401030538,"25.0609253528172, 68.92966780245",Matli,Tharo Kot @ Ali Muhammad Bozdar
1768,GBPS : PIR BUX NIZAMANI,401030556,"25.0765793169847, 68.8469619214867",Matli,Thari
1769,GBPS : JAN MUHAMMAD BOZDAR,401030559,"25.0842044766574, 68.9250407771351",Matli,Tharo Kot @ Ali Muhammad Bozdar
1770,GBPS : ARAB KHASKHELI,401030561,"25.0861, 68.9475",Matli,Tharo Kot @ Ali Muhammad Bozdar
1771,GBPS : MITHO CHANDIO,401030563,"25.0161096379376, 68.9269038014552",Matli,Tharo Kot @ Ali Muhammad Bozdar
1772,GBPS : BAGO RIND,401030583,"25.0708, 68.9425",Matli,Tharo Kot @ Ali Muhammad Bozdar
1774,GBLSS : ALI MUHAMMAD BOZDAR,401030674,"25.0692526519332, 68.9483209315253",Matli,Tharo Kot @ Ali Muhammad Bozdar
1775,GBHS : ALLAH DAD BHURGRI,401030679,"25.0828717012271, 68.9008277087728",Matli,Tharo Kot @ Ali Muhammad Bozdar
1776,GBLSS : GEHUL PUR,401030680,"25.0719508535687, 68.8771158488581",Matli,Thari
1777,GBHS : THARI,401030690,"25.0641521280439, 68.8281476703402",Matli,Thari
1860,GBPS : ALTAF JAT,401030008,"25.1760982230572, 68.9666940833336",Matli,Dumbalo
1861,GBPS : PIR SAKHI USMAN SHAH,401030021,"25.1829160101882, 68.9386222758821",Matli,Dumbalo
1864,GBPS : BHAGAT ARGAN DAS,401030093,"25.1587976244816, 68.9720519642853",Matli,Dumbalo
1865,GGPS : SHAH MUHAMMAD PUNJABI,401030136,"25.1471839134305, 68.9456235811329",Matli,Dumbalo
1866,GGPS : ALTAF JAT,401030137,"25.1579237207778, 68.9405656029926",Matli,Dumbalo
1867,GGPS : PIR SAKHI USMAN,401030142,"25.1821540073018, 68.939632611778",Matli,Dumbalo
1868,GGPS : KOT AHMEDIA,401030144,"25.1749687141225, 68.9749680702046",Matli,Dumbalo
1869,GGPS : DODO GISHKORI,401030146,"25.1724679548391, 68.9362382515406",Matli,Dumbalo
1872,GBPS : SONO KHAN KORAI,401030226,"25.1877529422271, 68.9191337032287",Matli,Dumbalo
1874,GBPS : QAZI MUHAMMAD YAQOOB,401030228,"25.1692925636504, 68.8923986002995",Matli,Dumbalo
1875,GBPS : NOOR MUHAMMAD WIRK,401030229,"25.1822519568854, 68.9558163151456",Matli,Dumbalo
1876,GBPS : HAJI MISRI GASHKORI,401030230,"25.1716851978658, 68.9406207452988",Matli,Dumbalo
1877,GBPS : KHAN MUHAMMAD PANHWAR,401030231,"25.1767, 68.9603",Matli,Dumbalo
1878,GBPS : LOUNG PANHWAR,401030233,"25.1472, 68.9764",Matli,Dumbalo
1879,GBPS : KIRAR PANHWAR,401030234,"25.1466603493136, 68.9807491997976",Matli,Dumbalo
1882,GBPS : QAMAR DIN AHMEDANI,401030238,"25.1176925600417, 68.9798973575593",Matli,Dumbalo
1883,GBPS : HAJI DHINGANO TALPUR,401030239,"25.129696439595, 68.9645815620197",Matli,Dumbalo
1884,GBPS : HAJI KANBHOO KORAI,401030240,"25.1394199864403, 68.9423933197426",Matli,Dumbalo
1885,GBPS : SHER MUHAMMAD DARS,401030241,"25.1569287309662, 68.9261567309207",Matli,Dumbalo
1886,GBPS : HAJI MUHAMMAD QASIM LUND,401030242,"25.1477979509101, 68.9533904190532",Matli,Dumbalo
1887,GBPS : SOHRAB CHANG,401030243,"25.155, 68.955",Matli,Dumbalo
1888,GBPS : ABDUL WAHAB DARS,401030245,"25.1496473312781, 68.9683701614392",Matli,Dumbalo
1890,GBPS : KOT AHMEDIA @ NIM CHANG,401030264,"25.1746427297015, 68.9443808174196",Matli,Dumbalo
1891,GBPS : QAZI FATEH MUHAMMAD ARAIN,401030267,"25.1221148617861, 68.969943844761",Matli,Dumbalo
1892,GBPS : MUNSHI ABDUL AZIZ,401030279,"25.1226759620935, 68.9380446921107",Matli,Tharo Kot @ Ali Muhammad Bozdar
1893,GBELS : KHAN MUHAMMAD JASKANI,401030283,"25.1368904466471, 68.9278417797027",Matli,Tharo Kot @ Ali Muhammad Bozdar
1894,GBPS : HAJI MUHAMMAD JASKANI,401030285,"25.1363774913365, 68.9424044113901",Matli,Tharo Kot @ Ali Muhammad Bozdar
1895,GBPS : SOOMAR LUND,401030303,"25.1535328147573, 68.9373707293377",Matli,Dumbalo
1896,GBPS : HAJI DODO KHAN GISHKORI,401030304,"25.1724795172093, 68.9362438245294",Matli,Dumbalo
1897,GBPS : HAJI DHANI BUX KORAI,401030305,"25.1527236659317, 68.9604916549202",Matli,Dumbalo
1898,GBPS : SAITH AZIZ,401030306,"25.1534242418003, 68.9748262729892",Matli,Dumbalo
1899,GBPS : ABDUL REHMAN HALEPOTO,401030308,"25.167228541094, 68.9253042092886",Matli,Ghulam Shah Laghari
1901,GBPS : KARAM ALI KORAI,401030311,"25.1881207952717, 68.9083269415143",Matli,Dumbalo
1902,GBPS : KANJI KOLHI,401030509,"25.1292946088361, 68.9496454510506",Matli,Tharo Kot @ Ali Muhammad Bozdar
1903,GBPS : MUHAMMAD KHALID JAT,401030517,"25.1736088927551, 68.9249864520941",Matli,Dumbalo
1904,GBPS : SHAH MUHAMMAD CHANG,401030525,"25.1692, 68.9508",Matli,Dumbalo
1905,GBPS : HAJI DIN MUHAMMAD,401030537,"25.1468, 68.9494",Matli,Dumbalo
1907,GBPS : MUHAMMAD BACHAL PANHWAR,401030562,"25.1208372194118, 68.9253310227773",Matli,Tharo Kot @ Ali Muhammad Bozdar
1908,GBPS : IMMAM BUX LAGHARI,401030577,"25.170294341016, 68.8991352320173",Matli,Ghulam Shah Laghari
1909,GBPS : RORO KOLHI,401030579,"25.141447359472, 68.9537002930725",Matli,Dumbalo
1910,GBPS : GHULAM MUHAMMAD SAMRAH,401030584,"25.1853084902208, 68.9678585362351",Matli,Dumbalo
1911,GBPS : METHO KOLHI,401030585,"25.1614761288573, 68.9656789145361",Matli,Dumbalo
1913,GBPS : KANDO ARIAN,401030631,"25.1471618560747, 68.968838679319",Matli,Dumbalo
1914,GBPS : KHAMOON NIZAMANI,401030632,"25.1139895424324, 68.9398112643163",Matli,Tharo Kot @ Ali Muhammad Bozdar
1915,GBPS : SATHI PANHWAR,401030634,"25.1382567017016, 68.9800831732873",Matli,Dumbalo
1916,GBPS : GHULAM MUHAMMAD AHMEDANI @ VERSI KO,401030638,"25.1826443663301, 68.9441288495561",Matli,Dumbalo
1917,GBPS : BHAROO KOLHI,401030643,"25.1482097596213, 68.9731621723271",Matli,Dumbalo
1918,GBPS : MANIK KHAN JISKANI,401030645,"25.1369816995879, 68.9390670709904",Matli,Tharo Kot @ Ali Muhammad Bozdar
1921,GBLSS : PIR SAKHI USMAN SHAH,401030666,"25.1828759889336, 68.938480531686",Matli,Dumbalo
1922,GBLSS : DHANI BUX KORAI,401030670,"25.152643324988, 68.9610416610851",Matli,Dumbalo
1923,GBELS : NEW DUMBALO,401030685,"25.1475910032157, 68.9578796033687",Matli,Dumbalo
2009,GBPS : OTAQUE ARSHAD CHANDIO AT PUNHAL KHA,401030642,"25.0590730494528, 68.9428996408301",Matli,Thari
2021,GBPS : GUL HASSAN NIZAMANI,401030009,"25.050731547704, 68.8650488331795",Matli,Thari
2028,GGPS : GUL HASAN NIZAMANI,401030116,"25.0502220694036, 68.8651612427822",Matli,Thari
2033,GBPS : FAZAL BAGRANI,401030247,"25.0550052700511, 68.8378596077227",Matli,Haji Sawan
2041,GBPS : KARO LUND,401030291,"25.036669, 68.842092",Matli,Thari
2042,GBPS : ABDULLAH KHAN LAGHARI,401030292,"25.0400740994773, 68.8486294966288",Matli,Thari
2109,GBPS : SOONHARO KHASKHELI,401030012,"25.069074013084, 68.7286324144859",Matli,Malhan
2113,GBPS : MALHAN,401030056,"25.0622498628031, 68.7070309915922",Matli,Malhan
2116,GBPS : HAJI DHANI BUX KHASKHELI,401030073,"25.0675131918597, 68.7332395082636",Matli,Malhan
2117,GBPS : SAHIB KHAN TALPUR,401030075,"25.0812497043514, 68.8218812081327",Matli,Nabi Bux Lamboh
2119,GBPS : MUHAMMAD IBRAHIM KHOSO,401030097,"25.0740724105072, 68.7968058139086",Matli,Nabi Bux Lamboh
2124,GGPS : IBRAHIM KHOSO,401030148,"25.0742991785593, 68.7960304756042",Matli,Nabi Bux Lamboh
2127,GGPS : DHANI BUX KHASKHELI UC MALHAN,401030173,"25.0675431226295, 68.7332315270595",Matli,Malhan
2129,GGPS : SOONHARO KHASKHELI,401030179,"25.0685427150296, 68.7290823187164",Matli,Malhan
2130,GGPS : SAHIB KHAN TALPUR,401030192,"25.0806086437552, 68.8227825411729",Matli,Nabi Bux Lamboh
2136,GBPS : YARU MANGARIO,401030362,"25.1015759824728, 68.8052332909953",Matli,Nabi Bux Lamboh
2137,GBPS : GAHI DASTI,401030363,"25.0964871813315, 68.804613989686",Matli,Nabi Bux Lamboh
2138,GBELS : KIRAR KHOSO,401030366,"25.0755460774964, 68.7919454458185",Matli,Nabi Bux Lamboh
2144,GBPS : SAYED SANPO SHAH,401030468,"25.0740042714096, 68.7072980403838",Matli,Malhan
2146,GBPS : BABU MEHAR,401030473,"25.0744610646138, 68.7134459850943",Matli,Malhan
2295,GGPS : JAN MUHAMMAD LAGHARI,401030169,"25.1647924427117, 68.9536073008939",Matli,Ghulam Shah Laghari
2308,GBPS : LOUNG KHAN DASTI,401030374,"25.1158900399601, 68.8905486924836",Matli,Haji Allah Dino Surewal @ Kalro Mori
2333,GBPS : MAJNOON SOHO,401030019,"25.0517340317827, 68.9648673097723",Matli,Tharo Kot @ Ali Muhammad Bozdar
2334,GBPS : HUSSAIN BUX ARAIN,401030033,"25.0665059017038, 68.9620589186665",Matli,Tharo Kot @ Ali Muhammad Bozdar
2335,GBPS : ALI MUHAMMAD BOZDAR,401030034,"25.0664696020895, 68.9489675725477",Matli,Tharo Kot @ Ali Muhammad Bozdar
2336,GBPS : HAJI AHMED KHAN BAGRANI,401030081,"25.0719657639754, 68.8608651874247",Matli,Thari
2337,GGPS : HUSSAIN BUX ARAIN,401030117,"25.0658831005307, 68.9626182366111",Matli,Tharo Kot @ Ali Muhammad Bozdar
2338,GGPS : BASER ABAD,401030139,"25.0484530668491, 68.8771533976989",Matli,Thari
2339,GGPS : AHMED KHAN BAGRANI,401030168,"25.0697219626654, 68.8612282342985",Matli,Thari
2340,GGPS : ALI MUHAMMAD BOZDAR,401030174,"25.0658275802296, 68.9473273938595",Matli,Tharo Kot @ Ali Muhammad Bozdar
21026,GGPS : DOST MUHAMMAD JUNEJO@ JUMOO JAT,901000046,"25.136430452897, 68.9423747884107",Matli,Khanpur
21030,GBPS : KIRSHAN BHEEL,401030719,"25.1705689363712, 68.9123943534525",Matli,Dumbalo
21031,GBPS : ALLAH DINO KHASKHELI,401030717,"25.1865594505952, 68.8983749891703",Matli,Dumbalo
21179,GBPS : HAMID HALEPOTO@PATEL SOOMRO KHASKHE,401030711,"25.0676942966662, 68.9226543883489",Matli,Tharo Kot @ Ali Muhammad Bozdar
27514,GBPS : HAJI CHHUTTO BHURGRI,401030560,"25.0974432209595, 68.9611437470688",Matli,Tharo Kot @ Ali Muhammad Bozdar
27515,GBPS : HAJI MUHAMMAD BHATTI,401030309,"25.1580288471275, 68.9099101229115",Matli,Ghulam Shah Laghari
28246,GBLSS : SALEH SHAH,401030712,"25.1724556414402, 68.9362395381694",Matli,Dumbalo
28571,GBHS : MALHAN,401030698,"25.0635482917537, 68.7034046904436",Matli,Malhan
34872,GBPS : FATEH PUR AT M. ISMAIL BURGARI,401030280,"25.1064227382635, 68.9593165412976",Matli,Tharo Kot @ Ali Muhammad Bozdar
34873,GBPS : MUHAMMAD USMAN NIZAMANI,401030302,"25.0877681661012, 68.8808369741528",Matli,Thari
34874,GBPS : HAJI PUNHOON CHANDIO,401030555,"25.0990402098176, 68.8888330893807",Matli,Thari
34881,GBPS : AHMED SEHTO,401030232,"25.1647410485235, 68.953560613217",Matli,Dumbalo
34882,GBPS : HAJI GULAB ARAIN,401030244,"25.1468543399473, 68.9703310985206",Matli,Dumbalo
34883,GBPS : SAKHI ABAD,401030516,"25.1467294899568, 68.9486045618681",Matli,Dumbalo
51302,GGPS : HAJI MUHAMMAD HASSAN NIZAMANI,301000009,"25.0899037885351, 68.9118075363232",Matli,Tharo Kot @ Ali Muhammad Bozdar
863,GGPS : CHANDIA NAGAR,401010185,"24.6690777030368, 68.8357025360279",Badin,Badin-Mc
868,GBPS : ITEFAQ COLONY,401010384,"24.6689290282799, 68.8282831068122",Badin,Badin-Mc
882,GBPS : RAMZAN BHATTI,401010066,"24.6456109182327, 68.8485436177433",Badin,Badin-Mc
889,GGPS : WARD NO. 5 BADIN,401010142,"24.6535211731371, 68.8409703975914",Badin,Badin-Mc
892,GGPS : QAMBRANI MOHALLA,401010163,"24.6446967174965, 68.8483902873989",Badin,Badin-Mc
895,GGPS : GHARIBABAD BADIN,401010172,"24.656595508136, 68.8415036999839",Badin,Badin-Mc
901,GBPS : MALLAH MOHALA BADIN,401010386,"24.6553301400908, 68.8451381057633",Badin,Badin-Mc
909,GBPS : KHAIR MUHAMMED NIZAMANI,401010586,"24.652943439104, 68.850111362339",Badin,Badin-Mc
930,GGPS : KOT PIR ALI SHAH,401010184,"24.6514466491069, 68.8353404412664",Badin,Badin-Mc
1015,GGPS : KANDO CHANDIO@IMAM BUX KHOSO,401010206,"24.6980710293757, 68.9277170593542",Badin,Zainul Abdin Alias / Jhando Shah Dargah
1017,GBPS : ARAB KHOSO,401010210,"24.6795666828221, 68.9345593731609",Badin,Zainul Abdin Alias / Jhando Shah Dargah
1018,GBPS : HAJI ALI MUHAMMAD KHOSO,401010211,"24.7077509837655, 68.9345580266937",Badin,Zainul Abdin Alias / Jhando Shah Dargah
1019,GBPS : BALOCH KHAN KHOSO,401010213,"24.6926257662792, 68.9293424783648",Badin,Zainul Abdin Alias / Jhando Shah Dargah
1024,GBPS : SHAH JO KOT,401010221,"24.6830750017361, 68.9185881610713",Badin,Zainul Abdin Alias / Jhando Shah Dargah
1029,GBPS : MIAN MALLAH,401010338,"24.7152642507625, 68.8893882944679",Badin,Zainul Abdin Alias / Jhando Shah Dargah
1031,GBPS : AMEEN UMRANI,401010340,"24.735618390703, 68.9307479556403",Badin,Zainul Abdin Alias / Jhando Shah Dargah
1032,GBPS : GAJO KHOSO @ BHOORO UMRANI,401010341,"24.7431627963055, 68.9304783943295",Badin,Zainul Abdin Alias / Jhando Shah Dargah
1040,GBPS : MEENHAN WASAYO UMRANI,401010354,"24.7406914885716, 68.9101445668938",Badin,Zainul Abdin Alias / Jhando Shah Dargah
1047,GBPS : CHHUTO HALEPOTO,401010461,"24.6892932036041, 68.9149564499658",Badin,Zainul Abdin Alias / Jhando Shah Dargah
1056,GBPS : MURAD ALI KHOSO,401010522,"24.6974398640923, 68.9280965920291",Badin,Zainul Abdin Alias / Jhando Shah Dargah
1057,GBPS : DHANOO THEBO,401010549,"24.7252309235093, 68.8813202081125",Badin,Zainul Abdin Alias / Jhando Shah Dargah
1058,GBPS : AJAIB JUNEJO,401010551,"24.7306145178792, 68.9274206753077",Badin,Zainul Abdin Alias / Jhando Shah Dargah
1060,GBPS : HAJI KHAN KHOSO,401010569,"24.6988995450224, 68.9208465813101",Badin,Zainul Abdin Alias / Jhando Shah Dargah
1061,GBPS : HAJI MUHAMMAD RAHIM KHOSO,401010571,"24.6823487193884, 68.935378789008",Badin,Zainul Abdin Alias / Jhando Shah Dargah
1062,GBPS : DR. MAZHAR FORM@ YOUSIF JUNEJO,401010572,"24.7369484984261, 68.9314413065714",Badin,Zainul Abdin Alias / Jhando Shah Dargah
1063,GBPS : MALWANI @ HAJI MUHAMMAD SOOMRO,401010575,"24.7018517630051, 68.8806778186562",Badin,Zainul Abdin Alias / Jhando Shah Dargah
1066,GBPS : ALAM KHAN KHOSO,401010617,"24.6837768761178, 68.9450964338579",Badin,Zainul Abdin Alias / Jhando Shah Dargah
1069,GBPS : MUHAMMAD URS MALLAH,401010651,"24.7131600891449, 68.9391902088126",Badin,Zainul Abdin Alias / Jhando Shah Dargah
1070,GBPS : ALOO SOOMRO,401010652,"24.7225626312361, 68.9145024412216",Badin,Zainul Abdin Alias / Jhando Shah Dargah
1071,GBPS : BACHAL HINGORJO,401010655,"24.7336024899266, 68.9229400454462",Badin,Zainul Abdin Alias / Jhando Shah Dargah
1072,GBPS : HAJI LAKHADINO KHOSO,401010693,"24.6918703080179, 68.9454746249317",Badin,Zainul Abdin Alias / Jhando Shah Dargah
1075,GBPS : MUHAMMAD QASIM UMRANI,401010696,"24.7390678810678, 68.9184299103422",Badin,Zainul Abdin Alias / Jhando Shah Dargah
1077,GBPS : UMED ALI KHOSO,401010699,"24.6943511108486, 68.9290883812037",Badin,Zainul Abdin Alias / Jhando Shah Dargah
1079,GBPS : IBRAHIM MALLAH,401010701,"24.6824913027684, 68.9240585270027",Badin,Zainul Abdin Alias / Jhando Shah Dargah
2362,GGPS : SOBHO KOLHI,401040165,"24.7684375726388, 69.0264853837092",Tando Bago,Saeed Khan Bhurgri @ Khoski
2479,GBPS : SHAMOON UMRANI,401050013,"24.774502, 68.944103",Talhar,Pir Bahadur Shah Siqiqui
2733,GBPS : ALLAH DITO PATHAN,401040472,"24.7721267979754, 69.0406786760246",Tando Bago,Haji Paryal Buledi @ Waryal Shah Stop
2806,GBPS : MUHAMMAD SARKI @ KAMAN SERKI,401040066,"24.6810838316182, 69.0116836115723",Tando Bago,Haji Paryal Buledi @ Waryal Shah Stop
2807,GBPS : HAJI QASIM SOOMRO,401040068,"24.6948116788085, 68.9635714895524",Tando Bago,Pahar Mari
2808,GBPS : HAJI TALIB JUNEJO,401040070,"24.7231704352664, 68.941195163527",Tando Bago,Pahar Mari
2809,GBPS : ALLAH WARAYO JAT,401040071,"24.769066566105, 68.94553363353",Tando Bago,Pahar Mari
2810,GBPS : GHULAM HUSSAIN JUNEJO @ PAROO KOLOH,401040074,"24.7610901881933, 68.9875095338126",Tando Bago,Pahar Mari
2811,GGPS : LAJ BAHIRO HALEPOTO,401040116,"24.7475121147233, 68.9775726194681",Tando Bago,Pahar Mari
2812,GGPS : HAJI QASIM SOOMRO,401040126,"24.6947288332583, 68.9632415780422",Tando Bago,Pahar Mari
2813,GGPS : HAJI AHMED ZAUR,401040127,"24.7563552200645, 68.9550273137286",Tando Bago,Pahar Mari
2814,GGPS : WALIDAD MACHHI,401040144,"24.7712608841875, 68.9519950751462",Tando Bago,Pahar Mari
2815,GGPS : ALI MUHAMMAD BHAN,401040145,"24.7722642734093, 68.9446458217503",Tando Bago,Pahar Mari
2816,GGPS : BEHRA MEMOON,401040146,"24.7194707762143, 68.9963856347399",Tando Bago,Haji Paryal Buledi @ Waryal Shah Stop
2817,GGPS : ALLAH WARAYO JAT,401040147,"24.7694282286989, 68.944805413286",Tando Bago,Pahar Mari
2819,GGPS : HAJI TALIB JUNEJO,401040149,"24.7231801764983, 68.9412783089279",Tando Bago,Pahar Mari
2820,GGPS : SIRAJ DIN HALEPOTA,401040168,"24.7168296845457, 69.0533772121863",Tando Bago,Haji Paryal Buledi @ Waryal Shah Stop
2821,GBPS : HAJI AHMED KALOI @ WAHID BUX BULEDI,401040197,"24.6846445151256, 69.0238139026366",Tando Bago,Haji Paryal Buledi @ Waryal Shah Stop
2824,GBPS : WALI SHAH,401040264,"24.764357, 68.945553",Tando Bago,Pahar Mari
2825,GBPS : SAEED KHAN JAMALI,401040265,"24.7323953513115, 69.0018278360367",Tando Bago,Haji Paryal Buledi @ Waryal Shah Stop
2826,GBPS : BACHOO SOOMRO,401040266,"24.6845201795464, 68.9637887483833",Tando Bago,Pahar Mari
2827,GBPS : QAZI IBRAHIM MEMON,401040268,"24.7561994049816, 69.0276655552289",Tando Bago,Haji Paryal Buledi @ Waryal Shah Stop
2828,GBELS : MAQBOOL SHAH,401040269,"24.7208595365014, 68.9425081023571",Tando Bago,Pahar Mari
2829,GBPS : BOHRA MEMON,401040270,"24.7194220350809, 68.9964459842441",Tando Bago,Haji Paryal Buledi @ Waryal Shah Stop
2830,GBPS : HAJI MUHAMMAD PARYAL BULEDI,401040271,"24.6877950191103, 69.0071117878954",Tando Bago,Haji Paryal Buledi @ Waryal Shah Stop
2831,GBPS : QADIR BUX HINGORJO,401040274,"24.7369435990283, 68.9568337802091",Tando Bago,Pahar Mari
2832,GBPS : RAHIMDAD CHANDIO,401040275,"24.746046955497, 69.0389576550326",Tando Bago,Haji Paryal Buledi @ Waryal Shah Stop
2833,GBPS : SIRAJUDDIN HALEPOTO,401040276,"24.7168515887703, 69.0534818136704",Tando Bago,Haji Paryal Buledi @ Waryal Shah Stop
2834,GBPS : SALAR HALEPATO,401040277,"24.7253059122717, 69.0278184405965",Tando Bago,Haji Paryal Buledi @ Waryal Shah Stop
2835,GBPS : UMAR MALLAH,401040363,"24.7752475964132, 68.9590144161382",Tando Bago,Pahar Mari
2836,GBPS : MINYAGI USMAN MALLAH,401040364,"24.7622787563884, 69.0153568983078",Tando Bago,Pahar Mari
2838,GBPS : HAJI AHMED MALLAH,401040367,"24.721069037453, 68.976574838658",Tando Bago,Haji Paryal Buledi @ Waryal Shah Stop
2839,GBPS : DODO MALLAH,401040368,"24.742411291351, 69.0196216106415",Tando Bago,Haji Paryal Buledi @ Waryal Shah Stop
2840,GBPS : UMER KHOKHAR,401040370,"24.6950821792253, 68.9504031844931",Tando Bago,Pahar Mari
2841,GBPS : KAMDAR ALI MUHAMMAD MALLAH,401040371,"24.7091155391358, 68.9553599060575",Tando Bago,Pahar Mari
2842,GBPS : MUHAMMAD SEHTO,401040373,"24.7369460256893, 68.9704459945348",Tando Bago,Pahar Mari
2843,GBPS : MAJNOO SHEEDI,401040375,"24.7473732742795, 68.9656743417677",Tando Bago,Pahar Mari
2844,GBPS : SOOMAR SOHO AT JAFFER MALLAH,401040378,"24.724448300762, 68.9833071842785",Tando Bago,Haji Paryal Buledi @ Waryal Shah Stop
2845,GBPS : YOUSAF KHASKHELI,401040379,"24.7440981798459, 68.955224455396",Tando Bago,Pahar Mari
2846,GBPS : KHAN MUHAMMAD HINGRO,401040380,"24.730253, 68.952761",Tando Bago,Pahar Mari
2847,GBPS : TAYYAB HALEPOTO,401040431,"24.7315037113084, 68.9892509587603",Tando Bago,Pahar Mari
2848,GBPS : ALLAH DINO BAKARI,401040432,"24.7378790675778, 68.9341717960436",Tando Bago,Pahar Mari
2849,GBPS : ALI MUHAMMAD BHAN,401040433,"24.7722691368676, 68.9446941015125",Tando Bago,Pahar Mari
2850,GBPS : USMAN HINGORJO,401040434,"24.7001374308824, 68.9743083724377",Tando Bago,Pahar Mari
2851,GBPS : BACHAL KHOKHER,401040435,"24.6883098492524, 68.9470195775229",Tando Bago,Pahar Mari
2852,GBPS : KHUDA BUX CHANDIO,401040436,"24.7194269404054, 69.0467467904091",Tando Bago,Haji Paryal Buledi @ Waryal Shah Stop
2853,GBPS : ABDUL RAHMAN HALEPOTO,401040437,"24.7284779541829, 69.0203189852833",Tando Bago,Pahar Mari
2854,GBPS : HAJI AHMED ZAUR,401040439,"24.757989613074, 68.952992857595",Tando Bago,Pahar Mari
2855,GBPS : WALI MUHAMMAD KHOSO AT WALI DAD MAC,401040468,"24.771242, 68.952005",Tando Bago,Pahar Mari
2856,GBPS : LAUNG THEBO,401040469,"24.7590296390817, 68.9965921643375",Tando Bago,Pahar Mari
2857,GBPS : JAMIL AHMED SOHO,401040470,"24.746283214195, 68.9417865872383",Tando Bago,Pahar Mari
2858,GBPS : ABDULLAH KHAN BULEDI,401040478,"24.7062914699338, 69.0375924094523",Tando Bago,Haji Paryal Buledi @ Waryal Shah Stop
2859,GBPS : HAJI MUHAMMAD BULEDI,401040480,"24.7040740682677, 69.0366965532303",Tando Bago,Haji Paryal Buledi @ Waryal Shah Stop
2860,GBPS : SHARIF CHANDIO,401040541,"24.7429728056443, 69.0475957086686",Tando Bago,Haji Paryal Buledi @ Waryal Shah Stop
2861,GBPS : NOOR MUHAMMAD NAHIYOON,401040542,"24.7114132570708, 69.0479162332417",Tando Bago,Haji Paryal Buledi @ Waryal Shah Stop
2862,GBPS : HAJI DOST MUHAMMAD MEMON,401040544,"24.7166225626689, 68.9930972463884",Tando Bago,Haji Paryal Buledi @ Waryal Shah Stop
2863,GBPS : HAJI SALEEM JUNEJO,401040545,"24.7418668432012, 68.9967584615944",Tando Bago,Pahar Mari
2864,GBPS : USMAN NAHIYOON,401040546,"24.7131408056848, 69.0386411542199",Tando Bago,Haji Paryal Buledi @ Waryal Shah Stop
2865,GBPS : COMMUNITY SUPPORTAED CENTRE KAMAL S,401040565,"24.7536004503547, 68.9503562450409",Tando Bago,Pahar Mari
2866,GBPS : GUL MUHAMMAD MLLAH,401040566,"24.7107724145788, 68.9838919036589",Tando Bago,Pahar Mari
2867,GBPS : CHOUDHRI GHULAM QADIR,401040567,"24.6858264770628, 69.0219497680664",Tando Bago,Haji Paryal Buledi @ Waryal Shah Stop
2868,GBPS : RAMZAN HALEPOTA,401040568,"24.7555612168831, 68.9597600708402",Tando Bago,Pahar Mari
2869,GBPS : ALI MUHAMMED SOOMRO,401040575,"24.7191369767794, 68.9584833393491",Tando Bago,Pahar Mari
2870,GBPS : ALI MUHAMMED SOOMRO,401040576,"24.7256859608972, 69.0027129654088",Tando Bago,Haji Paryal Buledi @ Waryal Shah Stop
2871,GBPS : YAR MUHAMMED HALEPOTO,401040579,"24.7091496663597, 69.054104089737",Tando Bago,Haji Paryal Buledi @ Waryal Shah Stop
2872,GBPS : DARGAH SAIL SHAH,401040595,"24.7332967007534, 69.0011559427778",Tando Bago,Haji Paryal Buledi @ Waryal Shah Stop
2873,GBPS : IBRAHIM BAKARI,401040596,"24.7235736645179, 68.9567613605657",Tando Bago,Pahar Mari
2874,GBPS : KHAIR MUHAMMED LAGHARI,401040597,"24.7551702951201, 68.9438612762093",Tando Bago,Pahar Mari
2875,GBPS : MUHAMMAD KHAN BULADI,401040598,"24.6897330689039, 69.017848670582",Tando Bago,Haji Paryal Buledi @ Waryal Shah Stop
2876,GBPS : RUSTAM LAGHARI,401040608,"24.748705, 68.961698",Tando Bago,Pahar Mari
2877,GBPS : PIR BUX BULEDI,401040610,"24.6988983208459, 69.0036195518572",Tando Bago,Haji Paryal Buledi @ Waryal Shah Stop
2878,GBPS : NOOR HASSAN PATHAN@HAJI USMAN SOOMR,401040619,"24.7064668944243, 68.9614391330877",Tando Bago,Pahar Mari
2879,GBPS : ALLAHDINO MALLAH @ WARYAM UMERANI,401040632,"24.7158014691923, 68.9672434334952",Tando Bago,Pahar Mari
2880,GBPS : ALI MUHAMMAD SOLANGI,401040687,"24.755874205565, 68.9441938696306",Tando Bago,Pahar Mari
2881,GBPS : ALLAH DINO MALLAH,401040689,"24.7472514723023, 68.9385317275422",Tando Bago,Pahar Mari
2885,GBPS : SHARIF KOSKI @ HAJI ALAN NOHRIO,401040694,"24.675865, 68.964529",Tando Bago,Pahar Mari
2887,GGPS : SYED MAQBOOL SHAH,401040721,"24.720920453833, 68.9425268762313",Tando Bago,Pahar Mari
2888,GBLSS : SALAR HALEPOTO,401040724,"24.7267579540102, 69.02628421704",Tando Bago,Haji Paryal Buledi @ Waryal Shah Stop
2922,GBPS : HASSAN KHAN BULEDI,401040296,"24.6957084713246, 69.0222783501926",Tando Bago,Khalifo Qasim
2923,GBPS : QADIR BUX DAL,401040297,"24.708153040152, 69.0251603959963",Tando Bago,Khalifo Qasim
2927,GBPS : ALI MUHAMMAD KHANGHAR@MINRO KOLHI,401040305,"0, 0",Tando Bago,Pahar Mari
2933,GBPS : MATARO SHAH,401040312,"24.7403, 69.0533",Tando Bago,Khalifo Qasim
20420,GBLSS : BARRAGE COLONY,401010791,"24.6521954485092, 68.8450140503708",Badin,Badin-Mc
34361,GGPS : PIR MALOOK SHAH,401010181,"24.6501010205419, 68.8376256844394",Badin,Badin-Mc
34366,GBPS : PEENGHAR KHASKHELI,401010025,"24.7343162790979, 68.8925184308986",Badin,Zainul Abdin Alias / Jhando Shah Dargah
34369,GBPS : MAKHDOOM ABDUL REHMAN,401010343,"24.7259478724309, 68.9376170930764",Badin,Zainul Abdin Alias / Jhando Shah Dargah
34370,GBPS : USMAN ODHEJO,401010479,"24.6984438537709, 68.9407660070557",Badin,Zainul Abdin Alias / Jhando Shah Dargah
35073,GBPS : JAM GULAN UNAR AT ABDUL SATTAR PATH,401040366,"24.7686916484958, 69.0266149582422",Tando Bago,Haji Paryal Buledi @ Waryal Shah Stop
35081,GBPS : BACHOO HALEPOTO,401040267,"24.7431067523716, 68.9838355788585",Tando Bago,Pahar Mari
35082,GBPS : LAJ BHARYO HALEPOTO,401040369,"24.746816, 68.978137",Tando Bago,Pahar Mari
35083,GBPS : UMED ALI SHAH,401040406,"24.7082261498624, 69.0115106103818",Tando Bago,Haji Paryal Buledi @ Waryal Shah Stop
35084,GBPS : NEHAL HELEPOTO,401040515,"24.7728512038936, 69.0144208070637",Tando Bago,Pahar Mari
35085,GBPS : AHMED SHAH @ MUNWAR SOLINGI,401040594,"24.7595959330888, 68.9421560614308",Tando Bago,Pahar Mari
1364,GBPS : UMER MAHERI,401020228,"24.7507676388168, 68.4559446569285","Shaheed Fazal Rahu, Golarchi",Khorwah
1380,GBPS : GUL MIR SHAH,401020329,"24.6920603935936, 68.462308198015","Shaheed Fazal Rahu, Golarchi",Khorwah
1390,GBPS : ZETOON MALLAH,401020377,"24.7016969946023, 68.4407123963025","Shaheed Fazal Rahu, Golarchi",Khorwah Chowk
1391,GBPS : BUX ALI MARI,401020379,"24.729316001959, 68.4540161501365","Shaheed Fazal Rahu, Golarchi",Khorwah
1394,GBPS : URS MAHERI,401020386,"24.6974813005247, 68.4740495681763","Shaheed Fazal Rahu, Golarchi",Khorwah
1397,GBPS : ALI DAD MARI CHAK NO. 6,401020391,"24.7191863345791, 68.4644439069927","Shaheed Fazal Rahu, Golarchi",Khorwah
1398,GBPS : ABDUL REHMAN MAHERI,401020418,"24.7381988046216, 68.465067522848","Shaheed Fazal Rahu, Golarchi",Khorwah
1400,GBPS : WAHID BUX MARI,401020433,"24.7045065582712, 68.4485833230157","Shaheed Fazal Rahu, Golarchi",Khorwah Chowk
1402,GBPS : GHULAMULLAH MARI,401020447,"24.7194586143177, 68.4391111011348","Shaheed Fazal Rahu, Golarchi",Khorwah
1404,GBPS : HAJI DATOO PANHWER,401020501,"24.7121746899781, 68.4198877248157","Shaheed Fazal Rahu, Golarchi",Khorwah
1405,GBPS : HAJI SHARE MUHAMMAD MAREE,401020516,"24.7586533376168, 68.4413158860813","Shaheed Fazal Rahu, Golarchi",Khorwah
1407,GBPS : HAJI JUMAN CHANNA,401020518,"24.7638399672975, 68.4465810666479","Shaheed Fazal Rahu, Golarchi",Khorwah
1409,GBPS : PARIO MAHERI,401020521,"24.7442425269782, 68.4517939388256","Shaheed Fazal Rahu, Golarchi",Khorwah
1410,GBPS : MANRO MALL KOLHI,401020522,"24.7148307238788, 68.4397011995812","Shaheed Fazal Rahu, Golarchi",Khorwah
1411,GBPS : GHULAM NABI MAREE,401020523,"24.7122831253751, 68.4544399364795","Shaheed Fazal Rahu, Golarchi",Khorwah
1473,GBPS : MOLVI ALI MUHAMMAD MAHERI,401020016,"24.8512358414201, 68.5212859683274","Shaheed Fazal Rahu, Golarchi",Dubi
1474,GBPS : PANDHI CHANG,401020017,"24.8438879937922, 68.5270077671988","Shaheed Fazal Rahu, Golarchi",Dubi
1475,GBPS : HAJI SULTAN PANHWAR,401020039,"24.7245725607974, 68.4830980068606","Shaheed Fazal Rahu, Golarchi",Dubi
1476,GBPS : DILSHAD MARI,401020063,"24.7329168135697, 68.4850788682709","Shaheed Fazal Rahu, Golarchi",Dubi
1478,GGPS : BIJARI SHARIF,401020084,"24.748290380637, 68.4612869501647","Shaheed Fazal Rahu, Golarchi",Dubi
1479,GGPS : SUKHYO MAHERI,401020085,"24.8060384964709, 68.5471344722182","Shaheed Fazal Rahu, Golarchi",Dubi
1480,GGPS : ALI PANHWAR,401020092,"24.7243605831578, 68.4833836717268","Shaheed Fazal Rahu, Golarchi",Dubi
1481,GBPS : QASIM SAMOON,401020100,"24.8185183805149, 68.5029838999468","Shaheed Fazal Rahu, Golarchi",Dubi
1483,GGELS : ALI MUHAMMAD MAHERI (CMS),401020119,"24.8510972437115, 68.5213268485052","Shaheed Fazal Rahu, Golarchi",Dubi
1487,GBPS : HAJI GHAZI KUNBHAR,401020230,"24.8154794886595, 68.5422058373157","Shaheed Fazal Rahu, Golarchi",Dubi
1488,GBPS : SHER MUHAMMAD BUBAR,401020231,"24.7804566464572, 68.5470110319557","Shaheed Fazal Rahu, Golarchi",Dubi
1489,GBPS : MULLAN HASSAN,401020232,"24.7474841428122, 68.4991657754141","Shaheed Fazal Rahu, Golarchi",Dubi
1490,GBPS : BIJARI SHARIF,401020233,"24.7483610437865, 68.4616148719569","Shaheed Fazal Rahu, Golarchi",Dubi
1491,GBPS : NOOR MUHAMMAD MARRI,401020235,"24.7250768482411, 68.5020062390932","Shaheed Fazal Rahu, Golarchi",Dubi
1492,GBPS : MUHAMMAD RAHIM MALLAH,401020263,"24.7581588547231, 68.5043732941092","Shaheed Fazal Rahu, Golarchi",Dubi
1493,GBPS : MUHAMMAD ALAM UMRAN @ M.USMAN JAT,401020265,"24.8310772675584, 68.4541583111777","Shaheed Fazal Rahu, Golarchi",Dubi
1500,GBPS : HAJI CHAKAR MAHERI,401020301,"24.8089090937844, 68.5275060079994","Shaheed Fazal Rahu, Golarchi",Dubi
1502,GBPS : HAJI PIROO MALLAH,401020303,"24.8145306352529, 68.4787568409527","Shaheed Fazal Rahu, Golarchi",Dubi
1503,GBPS : MUHAMMAD UMER WADHO,401020304,"24.7851369916708, 68.5192823410034","Shaheed Fazal Rahu, Golarchi",Dubi
1504,GBPS : MUHAMMAD UMAR UNAR,401020305,"24.8351861888653, 68.5436032687041","Shaheed Fazal Rahu, Golarchi",KARIO GANHWAR-Tc
1505,GBPS : HAJI USMAN MALLAH,401020306,"24.8118623248914, 68.4614699998071","Shaheed Fazal Rahu, Golarchi",Dubi
1508,GBPS : MITHO SAMOON,401020309,"24.7837295626126, 68.4873667369464","Shaheed Fazal Rahu, Golarchi",Dubi
1510,GBPS : HAJI JAFFER BUBAR,401020312,"24.7744268416457, 68.5282677351363","Shaheed Fazal Rahu, Golarchi",Dubi
1511,GBPS : RUSTAM KHAN MAHERI,401020313,"24.7905697924989, 68.5506266356508","Shaheed Fazal Rahu, Golarchi",Dubi
1512,GBPS : HAJI BHAI KHAN MAHERI,401020314,"24.7951565059136, 68.543291601723","Shaheed Fazal Rahu, Golarchi",Dubi
1514,GBPS : HAJI SIDDIQUE NOONDANI,401020317,"24.8167923267525, 68.5431405901909","Shaheed Fazal Rahu, Golarchi",Dubi
1518,GBPS : MUHAMMAD ESSA MALLAH AT ARJAN KOLHI,401020324,"24.8066959644133, 68.5593102887539","Shaheed Fazal Rahu, Golarchi",KARIO GANHWAR-Tc
1519,GBPS : HAFIZ ABDULLAH SAMOON,401020349,"24.8151441053977, 68.5673046233401","Shaheed Fazal Rahu, Golarchi",KARIO GANHWAR-Tc
1520,GBPS : MUHAMMAD MOOSA WADHO,401020350,"24.7847815814808, 68.5338896512985","Shaheed Fazal Rahu, Golarchi",Dubi
1521,GBPS : ALI MUHAMMAD DASRO,401020351,"24.7845624449196, 68.5028766075415","Shaheed Fazal Rahu, Golarchi",Dubi
1522,GBPS : KHAMISO MALLAH,401020354,"24.7646437150641, 68.4722819964801","Shaheed Fazal Rahu, Golarchi",Dubi
1524,GBPS : HAJI SOOMAR NOONDANI,401020372,"24.7957544791678, 68.534604443064","Shaheed Fazal Rahu, Golarchi",Dubi
1529,GBPS : AHMED SAMOON@ACHAR MALLAH,401020402,"24.7917751475355, 68.4546840018989","Shaheed Fazal Rahu, Golarchi",Dubi
1530,GBPS : MUHAMMAD QASIM MALLAH,401020403,"24.8191123946033, 68.4544694352894","Shaheed Fazal Rahu, Golarchi",Dubi
1531,GBPS : DODO MALLAH,401020404,"24.8432356887815, 68.4958746978746","Shaheed Fazal Rahu, Golarchi",Dubi
1532,GBPS : HASHMIN PANHWAR,401020411,"24.720216324589, 68.4884342561343","Shaheed Fazal Rahu, Golarchi",Dubi
1533,GBPS : SUKHIO MAHERI,401020412,"24.8062059556937, 68.547232980707","Shaheed Fazal Rahu, Golarchi",Dubi
1537,GBPS : GULAN ABBAS CHANDIO,401020505,"24.8352129333511, 68.5435992337761","Shaheed Fazal Rahu, Golarchi",Dubi
1539,GBPS : ALLAH BACHAYO MALLAH,401020507,"24.8070976853721, 68.5058820298209","Shaheed Fazal Rahu, Golarchi",Dubi
1540,GBPS : ALLAH DINO MALLAH,401020508,"24.8014757413648, 68.4553652839998","Shaheed Fazal Rahu, Golarchi",Dubi
1543,GBPS : SIKEELABDHO,401020511,"24.7085819462158, 68.5041922310633","Shaheed Fazal Rahu, Golarchi",Golarchi-S.F.Rao-Tc
1546,GBPS : HAFIZ BAKIR @ SLLAR CHANDIO,401020514,"24.8280185928475, 68.4863474958741","Shaheed Fazal Rahu, Golarchi",Dubi
1547,GBLSS : SUKHIO MAHERI,401020515,"24.8057172176746, 68.5473382381987","Shaheed Fazal Rahu, Golarchi",Dubi
1548,GBLSS : BIJARI SHARIF,401020540,"24.7489504950208, 68.4601248775475","Shaheed Fazal Rahu, Golarchi",Dubi
1549,GBLSS : DUBI,401020542,"24.8045960479547, 68.515969806803","Shaheed Fazal Rahu, Golarchi",Dubi
1551,GBLSS : ALI MUHAMMAD DASRO,401020557,"24.7845624776356, 68.5027974783309","Shaheed Fazal Rahu, Golarchi",Dubi
1552,GBLSS : MOLVI ALI MUHAMMAD MAHERI,401020558,"24.8510996589518, 68.5213261893286","Shaheed Fazal Rahu, Golarchi",Dubi
1660,GBPS : CHANESAR CHANG,401020318,"24.8456410551891, 68.5267133924716","Shaheed Fazal Rahu, Golarchi",Dubi
1674,GBPS : MUHAMMAD SIDDIQUE ARAIN,401020489,"24.8034869577952, 68.583591654544","Shaheed Fazal Rahu, Golarchi",Kario Ghanwar
1825,GBPS : HAMZO ARISER,401030644,"25.1961629768214, 68.714922661466",Matli,halepota
2077,GGPS : NOOR MUHAMMAD TURK,401030143,"25.0415396620798, 68.6884613365317",Matli,Matli-Mc
2080,GBPS : SHAFI MUHAMMAD NIZAMANI,401030452,"25.0483060483269, 68.6708419039243",Matli,Matli-Mc
2081,GBPS : MUHAMMAD ISMAIL THEBO @ HAMIR MACHI,401030459,"25.0736660362377, 68.6737266187666",Matli,Matli-Mc
2083,GBPS : OVER CROWDED,401030469,"25.0448427082614, 68.650117814382",Matli,Matli-Mc
2084,GBPS : DILAWAR KHASKHELI,401030470,"25.0435170891033, 68.6661406538917",Matli,Matli-Mc
2088,GBPS : HAJI RAMZAN THEBO,401030572,"25.0449951999729, 68.6624928507436",Matli,Matli-Mc
2090,GBLSS : JAMIL COLONY MATLI,401030650,"25.0436574827931, 68.6661279280941",Matli,Matli-Mc
2092,GGHS : MATLI,401030688,"25.0446478671662, 68.6562010690349",Matli,Matli-Mc
2093,GBPS : NOOR MUHAMMAD TURK,401030068,"25.0420402811755, 68.6888234315714",Matli,Matli-Mc
2096,GGPS : MAIN SCHOOL MATLI,401030185,"25.0444302853366, 68.6565604826599",Matli,Matli-Mc
2115,GBPS : MURAD CHHALGARI,401030059,"25.0819520667687, 68.6936187473523",Matli,Malhan
2122,GGPS : NOOR MUHAMMAD DARS,401030125,"25.0459472066574, 68.6991811452847",Matli,Malhan
2126,GGPS : MURAD CHHALGARI,401030167,"25.0816684409282, 68.6915572023747",Matli,Malhan
2141,GBPS : SEAL GAYON,401030424,"25.0912595981927, 68.7004561408426",Matli,Malhan
2159,GBPS : DR. AZAM NIZAMANI,401030600,"25.0848916036123, 68.7243328981231",Matli,Malhan
2174,GBPS : TAMACHI JAHEJO,401030082,"25.0667617740771, 68.6289347817315",Matli,Ghulam Muhammad Halepoto
2182,GGPS : GUHLAM HYDER SHAH,401030182,"25.1014886006805, 68.6557423069188",Matli,Ghulam Muhammad Halepoto
2184,GGPS : TAMACHI JAHEJO,401030188,"25.0671461126101, 68.6282870173277",Matli,Ghulam Muhammad Halepoto
2187,GBPS : AHMED HALEPOTO,401030329,"25.1009588258243, 68.6690107860232",Matli,Phalkara
2190,GBPS : HAJI MUHAMMAD HALEPOTA,401030342,"25.1224007574218, 68.6612443516714",Matli,Phalkara
2191,GBPS : DARGAH OTO SHARIF,401030343,"25.1015035626667, 68.6557234151215",Matli,Ghulam Muhammad Halepoto
2192,GBPS : HAJI MAHMOOD KHAN LAGHARI,401030344,"25.1457691097455, 68.6897630807316",Matli,Haji Muhammad Hashim Panhwar
2195,GBPS : MITHO KHOSO,401030368,"25.1226608316942, 68.7388476366094",Matli,Phalkara
2197,GBPS : NASEER CHANDIO,401030422,"25.1024444687578, 68.7056539583089",Matli,Phalkara
2200,GBPS : MUHAMMAD BACHAL HALEPOTO,401030438,"25.1262987926466, 68.6915283904778",Matli,Haji Muhammad Hashim Panhwar
2201,GBPS : GOHRAM MAZARI,401030445,"25.1478729679364, 68.6714178723565",Matli,Haji Muhammad Hashim Panhwar
2211,GBPS : BILAWAL KHASKHELI,401030462,"25.1258069872617, 68.7077799584835",Matli,Phalkara
2219,GBPS : KALOO SAHTO AT USMAN MAZARI,401030536,"25.1538385721306, 68.6702782279115",Matli,Haji Muhammad Hashim Panhwar
2221,GBPS : MUHAMMED UMER GAHELRO,401030548,"25.1233828489393, 68.7362400242049",Matli,Phalkara
2226,GBPS : HUSSAIN SEHRATH,401030603,"25.1162001968425, 68.6332474612646",Matli,Ghulam Muhammad Halepoto
2228,GBPS : KHAIRO BOZDAR,401030618,"25.1203, 68.6194",Matli,Ghulam Muhammad Halepto
2237,GBPS : HAJI AHMED KHAN DIADANO,401030083,"25.1852126965087, 68.7137220329143",Matli,Haji Allah Dino Surewal @ Kalro Mori
2245,GGPS : ALLAH JURIO DAI DANOO,401030112,"25.1845590253967, 68.7140626515104",Matli,Haji Muhammad Hashim Panhwar
2250,GGPS : HAJI RAHOO HALEPOTO,401030180,"0, 0",Matli,Haji Allah Dino Sirewal @ Kalro Mon
2259,GBPS : ALLAH BACHAYO DAIDANO,401030338,"25.21039783615, 68.7067674663445",Matli,Haji Muhammad Hashim Panhwar
2261,GBPS : BANHOON KHOSO,401030345,"25.14533124484, 68.7216536171688",Matli,Haji Allah Dino Surewal @ Kalro Mori
2262,GBPS : JANI KHASKHELI,401030429,"25.1564154989165, 68.7059223345279",Matli,Haji Allah Dino Surewal @ Kalro Mori
2264,GBPS : WALI MUHAMMAD LAGHARI,401030431,"25.1513299949866, 68.6968907501753",Matli,Haji Allah Dino Surewal @ Kalro Mori
2265,GBPS : NABI BUX LAGHARI,401030432,"25.204616, 68.702096",Matli,Haji Muhammad Hashim Panhwar
2269,GBPS : HAJI GHULAM MUSTAFA@MUHAMMAD AZEEM,401030439,"25.1343932646184, 68.7088914065254",Matli,Haji Allah Dino Surewal @ Kalro Mori
2273,GBPS : MUHAMMAD BACHAL WASAN,401030443,"25.1389463988531, 68.7028516770757",Matli,Haji Allah Dino Surewal @ Kalro Mori
2284,GBPS : JADO KHAN KHOSO,401030580,"25.1557436106388, 68.7222585150071",Matli,Haji Allah Dino Surewal @ Kalro Mori
2287,GBLSS : HAJI RAHOO HALEPOTO,401030663,"25.1705440537031, 68.7294231726566",Matli,Haji Allah Dino Surewal @ Kalro Mori
2289,GBLSS : AHMED KHAN @ WARYAM KHAN,401030683,"25.1851977877128, 68.7137199998547",Matli,Haji Muhammad Hashim Panhwar
21042,GBPS : LEEMON BHEEL,401030723,"25.0758475999739, 68.7232630100117",Matli,Malhan
21271,GBPS : KHUDA BUX MAGSI @ MALOOK MALLAH,401020262,"24.7953983630403, 68.5201835571654","Shaheed Fazal Rahu, Golarchi",Dubi
21272,GBPS : ALLAH DINO MALLAH,401020311,"24.801305344458, 68.513553150637","Shaheed Fazal Rahu, Golarchi",Dubi
27513,GBPS : HAJI GUL MUHAMMAD MAHERI,401020503,"24.7930851559156, 68.5499855865858","Shaheed Fazal Rahu, Golarchi",Dubi
34383,GBPS : CHAK NO. 15 AT ALLAH DINO MALLAH,401020225,"24.8245435956895, 68.5139286517104","Shaheed Fazal Rahu, Golarchi",Muhammad Shah @ Mureed Chang
34490,GBPS : MUHAMMAD KHAN MARI,401020360,"24.7188689888125, 68.4516249615941","Shaheed Fazal Rahu, Golarchi",Khorwah
34496,GGPS : MULLAN HASSAN,401020091,"24.747436639775, 68.4991255367174","Shaheed Fazal Rahu, Golarchi",Dubi
34497,GBPS : HAJI ZANGI NOONDANI,401020300,"24.805257042568, 68.5528179982943","Shaheed Fazal Rahu, Golarchi",Dubi
34498,GBPS : MUHAMMAD USMAN MALLAH,401020315,"24.7966535656344, 68.4909769882581","Shaheed Fazal Rahu, Golarchi",Dubi
34895,GGPS : JAMIL COLONY MATLI,401030099,"25.0467496570993, 68.6665396468602",Matli,Matli-Mc
34896,GBLSS : NIZAMANI MOHELLA MATLI,401030649,"25.0439563563249, 68.6490234680202",Matli,Matli-Mc
34898,GBPS : NOOR MUHAMMAD DARS,401030057,"25.0480815549489, 68.6994230201986",Matli,Malhan
34965,GBPS : PIRANO LUND,401030474,"25.0672881792528, 68.7204495235834",Matli,Malhan
34966,GBPS : BILAWAL CHANDIO,401030597,"25.0817334917689, 68.6874752867003",Matli,Phalkara
34967,GBPS : BACHAL KHOSO,401030062,"25.1607551088009, 68.6968923959905",Matli,Haji Muhammad Hashim Panhwar
34970,GBPS : GUL MUHAMMAD ZAUR,401030501,"25.1176713183351, 68.6767856013534",Matli,Phalkara
34971,GBPS : MUHAMMAD MALOOK JOKHIO,401030564,"25.1195867820386, 68.6206385057095",Matli,Ghulam Muhammad Halepoto
34972,GBPS : HAJI RAHOO HALEPOTO,401030036,"25.1705237462534, 68.7293926707059",Matli,Haji Allah Dino Surewal @ Kalro Mori
34974,GBPS : TALHO FARM,401030339,"25.1871133698515, 68.7196283568315",Matli,Haji Muhammad Hashim Panhwar
34976,GBPS : ALLAH BUX KHASKHELI,401030506,"25.1529128873251, 68.7026009203855",Matli,Haji Allah Dino Surewal @ Kalro Mori
1740,GBPS : MUHAMMAD RAHIM NIZAMANI,401030272,"25.0851505869327, 68.8720597111652",Matli,Nabi Bux Lamboh
1753,GBPS : ROHAL NIZAMANI,401030299,"25.0991867255675, 68.8779835166426",Matli,Nabi Bux Lamboh
1754,GBPS : ALI NAWAZ NIZAMANI,401030300,"25.1076955319798, 68.8877354709622",Matli,Nabi Bux Lamboh
1755,GBPS : JUMAN NIZAMANI,401030301,"25.1110818288919, 68.8692395570879",Matli,Nabi Bux Lamboh
1797,GBPS : GHULAM RASOOL MANDHRO,401030006,"25.1900042357186, 68.9438948092432",Matli,Ghazi Khan Chang
1798,GBPS : KOT ABDULLAH,401030016,"25.208652953093, 68.9383024016996",Matli,Ghazi Khan Chang
1814,GBPS : BASHIR BUS STAND,401030223,"25.2228329378475, 68.9443360394575",Matli,Ghazi Khan Chang
1815,GBPS : MUHAMMAD ASHRAF CHANG,401030224,"25.2145267841619, 68.9292338534969",Matli,Ghazi Khan Chang
1816,GBPS : BASHIR AHMED MUHAJIR@GHULAM HUSSAIN,401030225,"25.258607882105, 68.9712691852878",Matli,Ghazi Khan Chang
1817,GBPS : HAJI FATEH KHAN JASKANI,401030307,"25.2286223289543, 68.9569343647152",Matli,Ghazi Khan Chang
1871,GGPS : KOT ABDULLAH,401030207,"25.2083544451613, 68.9368928968907",Matli,halepota
1880,GBPS : MALHAR MASHAIK,401030235,"0, 0",Matli,Dumbalo
1881,GBPS : HAJI JUMA BAGRANI,401030237,"25.1196614456125, 68.9863695859718",Matli,Dumbalo
1889,GBPS : KOT JAN MUHAMMAD,401030262,"25.2212621907246, 68.9618956874079",Matli,Ghazi Khan Chang
1900,GBPS : KHAIRAN ABAD,401030310,"25.2090520757135, 68.9633089850274",Matli,Ghazi Khan Chang
1906,GBPS : MUHAMMAD ISHAQUE BAGRANI,401030540,"25.1282682411341, 68.996909804405",Matli,Dumbalo
1912,GBPS : HAMZO BAGRANI,401030598,"25.1237601145078, 68.9945020451385",Matli,Dumbalo
1920,GGHS : HAJI BUXAN CHANDIO,401030656,"25.1201019705972, 69.0065814587345",Matli,Dumbalo
1924,GBHS : GHULAM ALI PUNJABI,401030692,"25.1896649435269, 68.9545959472893",Matli,Ghazi Khan Chang
2022,GBPS : BURAGI,401030010,"25.0338798228272, 68.8826358342163",Matli,Thari
2023,GBPS : HAJI SAWAN,401030013,"25.0417996850134, 68.8051038973532",Matli,Haji Sawan
2024,GBPS : HUSSAIN SOOMRO,401030072,"24.9907367013955, 68.7770117780083",Matli,Haji Sawan
2025,GBPS : JEYAND DAL,401030092,"25.0093574609786, 68.7693594384694",Matli,Haji Sawan
2026,GBPS : MUHAMMAD AYOUB NIZAMANI,401030094,"25.0381, 68.8264",Matli,Haji Sawan
2027,GBPS : AHMED JUNEJO,401030095,"0, 0",Matli,Haji Sawan
2029,GGPS : HUSSAIN SOOMRO,401030161,"24.9907306738315, 68.7770292161902",Matli,Haji Sawan
2030,GGPS : ISMAIL NOTKANI,401030183,"25.0186096767266, 68.7844401593012",Matli,Haji Sawan
2031,GGPS : MITHAN SHAH,401030189,"24.9760381664303, 68.7640239526759",Matli,Haji Sawan
2032,GGPS : MUHAMMAD BUX CHANDIO,401030208,"24.9964202846886, 68.739837959438",Matli,Haji Sawan
2034,GBPS : ALI AKBAR NIZAMANI,401030248,"25.0225714074517, 68.8767376568905",Matli,Thari
2035,GBPS : BUKHSHO NIZAMANI,401030249,"25.002878236784, 68.8557037717102",Matli,Thari
2036,GBPS : NAZAR MUHAMMAD SHAH,401030250,"0, 0",Matli,Tharee
2037,GBPS : QADIR BUX TALPUR,401030255,"25.0346346258756, 68.7728947307102",Matli,Haji Sawan
2038,GBPS : HAJI CHANESAR TALPUR,401030256,"25.033384060952, 68.7773108492292",Matli,Haji Sawan
2039,GBPS : ISMAIL NOTKANI,401030258,"25.0183435418633, 68.7845809775585",Matli,Haji Sawan
2040,GBPS : GHEL PUR 1,401030259,"24.9957248631599, 68.8039507588931",Matli,Haji Sawan
2043,GBPS : ALLAN NIZAMANI,401030294,"24.9889564662997, 68.8201787572373",Matli,Thari
2044,GBPS : AMEER BUX CHANDIO,401030295,"25.0094705344177, 68.8845442278172",Matli,Thari
2045,GBPS : SALEH SHAH,401030296,"25.0249520232367, 68.8858169350514",Matli,Dumbalo
2046,GBPS : MUHAMMAD ALI GEHLRO,401030486,"25.0273343364223, 68.8022938554725",Matli,Haji Sawan
2047,GBPS : FAIZ MUHAMMAD NOTKANI,401030487,"25.0141690211844, 68.7887316936257",Matli,Haji Sawan
2048,GBPS : ALLAH BUX DAL,401030488,"25.008089863532, 68.8012321816607",Matli,Haji Sawan
2049,GBPS : JUMOON NAHIYOON,401030500,"24.9769968626526, 68.7634720073098",Matli,Haji Sawan
2050,GBPS : BACHAL KHAN LUND,401030515,"25.0425894561527, 68.8139873735113",Matli,Haji Sawan
2051,GBPS : JAM LAGHARI,401030533,"24.9695054250157, 68.785003424088",Matli,Haji Sawan
2053,GBPS : GAHINOO KHASKELI,401030545,"25.0599975952719, 68.7559852666679",Matli,Haji Sawan
2054,GBPS : HAKIM TALPUR,401030546,"25.0479500724415, 68.7660589848448",Matli,Haji Sawan
2055,GBPS : HAJI HAMEER TALPUR,401030569,"25.0331669320214, 68.771645381991",Matli,Haji Sawan
2056,GBPS : HAJI KHAN NOTKANI,401030571,"25.0601366963875, 68.7966066842599",Matli,Haji Sawan
2058,GBPS : AHMED SOOMRO,401030588,"25.0060261879147, 68.7674014276264",Matli,Haji Sawan
2059,GBPS : NOOR MUHAMMAD KHASKELI,401030589,"25.0108803420783, 68.8265360902246",Matli,Haji Sawan
2060,GBPS : FAZAL MUHAMMAD CHANDIO @ KHUDDI,401030599,"24.985, 68.7572",Matli,Haji Sawan
2061,GBPS : GUL MUHAMMAD JATOI,401030606,"25.0490532216614, 68.763722778757",Matli,Haji Sawan
2062,GBPS : MUSHTAQUE LUND,401030607,"25.0655686117371, 68.7829495052932",Matli,Haji Sawan
2063,GBPS : DOST MUHAMMAD LUND @ MITHO JUNEJO,401030608,"24.9948853285279, 68.8028115153431",Matli,Haji Sawan
2064,GBPS : GULOO JUNEJO,401030610,"0, 0",Matli,Haji Sawan
2065,GBPS : MAZAR PUR,401030611,"24.9715778741283, 68.7673838642347",Matli,Haji Sawan
2066,GBPS : NAZAR HUSSAIN KHOSO,401030613,"25.0639460392257, 68.7656668498243",Matli,Haji Sawan
2067,GBPS : RAHIM KHOSO,401030614,"25.0559866311083, 68.7717714182184",Matli,Haji Sawan
2068,GBPS : SAINDINO PANHWER,401030620,"25.0367, 68.8553",Matli,Tharee
2069,GBPS : GHULAM HYDER NIZAMANI,401030639,"25.0193291239729, 68.8797980575751",Matli,Thari
2070,GBPS : SYED ABDUL RASOOL SHAH,401030640,"24.9973061766665, 68.7690152588797",Matli,Haji Sawan
2071,GBPS : YASIR ABAD,401030641,"25.0284827768023, 68.6834127061902",Matli,Matli-Mc
2072,GBLSS : ISMAIL NOTKANI,401030681,"25.0186097038912, 68.7844428439929",Matli,Haji Sawan
2073,GBHS : HAJI SAWAN,401030691,"25.0417596127242, 68.8048276322578",Matli,Haji Sawan
2076,GBPS : AUDHO MACHHI,401030087,"25.0632372218398, 68.6920300118133",Matli,Matli-Mc
2087,GBPS : MATLI (UNIT NO. 10),401030541,"25.0433421644371, 68.6654023842009",Matli,Matli-Mc
2091,GBHS : MATLI,401030687,"25.045874758273, 68.6557746581711",Matli,Matli-Mc
2095,GGPS : HOT KHAN NOTKANI,401030152,"25.0405232724969, 68.6622132352992",Matli,Matli-Mc
2107,GGHS : KASHMIRI MOHALLA MATLI,401030658,"25.0373574084805, 68.6583615861723",Matli,Matli-Mc
2110,GBPS : BEERO LANGWANI,401030014,"25.0378026885261, 68.7409688786767",Matli,Malhan
2111,GBPS : HAIRO KHAN TALPUR,401030015,"25.0125643336457, 68.7496007833423",Matli,Malhan
2114,GBPS : SALEH SOOMRO,401030058,"25.0377189638878, 68.7240100197731",Matli,Malhan
2120,GGPS : SALEH SOOMRO,401030119,"25.0378102027476, 68.7253502192922",Matli,Malhan
2123,GGPS : BEERO LANGWANI,401030147,"25.0386699222297, 68.740439698457",Matli,Malhan
2125,GGPS : HAIRO KHAN TALPUR,401030151,"25.0122957989965, 68.7498405339505",Matli,Malhan
2132,GBPS : HAJI WASOO KHOSO,401030254,"25.0786646282166, 68.8158256760474",Matli,Nabi Bux Lamboh
2133,GBPS : AHMED DARS,401030260,"25.0238955425079, 68.7592094373604",Matli,Malhan
2142,GBPS : MUHAMMAD RAHIM ODHEJO,401030425,"25.0268089368432, 68.7328583147522",Matli,Malhan
2143,GBPS : SIDDIQUE SOOMRO,401030427,"25.0359530491124, 68.7039044499278",Matli,Malhan
2147,GBPS : ALAH BACHAYO MALLAH,401030476,"25.0100803987421, 68.7302133895308",Matli,Malhan
2149,GBPS : MUHAMMAD ODHEJO,401030480,"25.0193792575361, 68.7272371842128",Matli,Malhan
2154,GBPS : ESSA JUNEJO,401030519,"25.0380948062044, 68.7601839732852",Matli,Malhan
2155,GBPS : MUHAMMAD RAHIM MANGRIO,401030524,"25.1081127379591, 68.8129697013231",Matli,Nabi Bux Lamboh
2161,GBPS : HAJI HAMZA KHOSO,401030605,"25.0801823537611, 68.809439487201",Matli,Nabi Bux Lamboh
2162,GBPS : HAJI SIDDIQUE UDHEJO,401030636,"25.0139319600465, 68.7401534689605",Matli,Malhan
2163,GBHS : BEERO LUNGWANI,401030661,"25.0377993201688, 68.7409082854801",Matli,Malhan
2291,GBPS : JAN MUHAMMAD LAGHARI,401030025,"25.1627839559674, 68.8715151849285",Matli,Ghulam Shah Laghari
2293,GBPS : ALI MUHAMMAD MANGRIO,401030046,"25.1200203254178, 68.8147661517589",Matli,Nabi Bux Lamboh
2294,GBPS : GHAZI KHAN AHMEDANI,401030047,"25.1961455932942, 68.8595290335937",Matli,Ghulam Shah Laghari
2297,GGPS : ALI MUHAMMAD MANGRIO,401030198,"25.1141698026976, 68.8148111852432",Matli,Nabi Bux Lamboh
2298,GGPS : SHER MUHAMMAD LAGHARI,401030203,"25.1616700730224, 68.8678555449622",Matli,Ghulam Shah Laghari
2302,GBPS : JAN MUHAMMAD LAGHARI,401030268,"25.1545220741323, 68.8366584498495",Matli,Ghulam Shah Laghari
2303,GBPS : HAJI MIR KHAN RIND,401030270,"25.1783542440677, 68.830378388607",Matli,Ghulam Shah Laghari
2305,GBPS : TAMACHI GAHLRO,401030319,"25.1797027704901, 68.8721572734548",Matli,Ghulam Shah Laghari
2307,GBPS : KHAN MUHAMMAD DASTI,401030370,"25.13557, 68.794056",Matli,Ghulam Shah Laghari
2309,GBPS : MIRAN ARAIN,401030375,"25.2237872069407, 68.8536232574377",Matli,Ghulam Shah Laghari
2310,GBPS : SOBHO GEHLRO,401030376,"0, 0",Matli,Ghulam Shah Laghari
2311,GBPS : SHADMAN LAGHARI,401030377,"25.212067, 68.788558",Matli,Ghulam Shah Laghari
2313,GBPS : MUHAMMAD HAROON PANHWAR,401030380,"25.1019273145615, 68.8406834952483",Matli,Nabi Bux Lamboh
2314,GBPS : AMIR BUX LAGHARI,401030381,"25.2134441037807, 68.7977753350997",Matli,Ghulam Shah Laghari
2315,GBPS : HAJI ISHAQ GEHLRO,401030382,"25.1869002567423, 68.872693162249",Matli,Ghulam Shah Laghari
2316,GBPS : MUHAMMAD SIDDIQUE MACHHI,401030383,"25.1751048813887, 68.8566815956823",Matli,Ghulam Shah Laghari
2317,GBPS : HAJI JANI RIND,401030384,"25.1814608877502, 68.8451100141409",Matli,Ghulam Shah Laghari
2318,GBPS : MALIK NAIK MUHAMMAD@MEHAR KHAN LAGH,401030385,"25.1608, 68.8778",Matli,Ghulam Shah Laghari
2321,GBPS : HAJI MUHAMMAD RAHEEM RIND,401030520,"25.2230445345037, 68.8377776089087",Matli,Ghulam Shah Laghari
2322,GBPS : SONOO ARAIN,401030575,"25.2292272899893, 68.8597192676777",Matli,Ghulam Shah Laghari
2323,GBPS : MIR RANJHAN TALPUR,401030576,"25.2094, 68.8058",Matli,Ghulam Shah Laghari
2324,GBPS : JAHAN KHAN LAGHARI,401030581,"25.1945675399931, 68.8062392460709",Matli,Ghulam Shah Laghari
2327,GBPS : HYDER BUX RIND,401030601,"25.2159236107654, 68.8217266012697",Matli,Ghulam Shah Laghari
2328,GBPS : MUHAMMAD USMAN LAGHARI@MOLVI SHER M,401030602,"25.1617181116058, 68.8673714191777",Matli,Ghulam Shah Laghari
2329,GBPS : AHMED KHAN RIND,401030609,"25.1954080821834, 68.8234763676878",Matli,Ghulam Shah Laghari
2330,GBPS : MITHAN PHALKARO,401030619,"25.1638404667142, 68.7981246268424",Matli,Tando Ghulam Ali-Tc
2341,GGPS : MUHAMMAD RAHIM NIZAMANI,401030178,"25.0864241825949, 68.8725970474338",Matli,Nabi Bux Lamboh
2342,GGPS : GHULAM HYDER LUND,401030191,"25.0862658641969, 68.8295205548978",Matli,Nabi Bux Lamboh
21036,GGPS : FAIZ MUHAMMAD NOTKANI,401030714,"25.014164162021, 68.7887209685633",Matli,Haji Sawan
21037,GGPS : MIR MUHAMMAD HASSAN TALPUR,401030715,"25.0346356176915, 68.7726464877523",Matli,Haji Sawan
21038,GBPS : KHUDI,901000088,"24.985, 68.7572",Matli,Haji Sawan
21178,GBPS : HAJI MUHAMMAD KHAN RIND,401030718,"25.2262464665042, 68.8429884023273",Matli,Ghulam Shah Laghari
21277,GBPS : TANDO IQBAL,401030539,"25.0139069073762, 68.908604557991",Matli,Tharo Kot @ Ali Muhammad Bozdar
21279,GBPS : HAJI GHULAM MUHAMMAD BAGRANI,401030236,"25.1201094980286, 68.9971598805731",Matli,Dumbalo
21282,GBPS : SHAHBAZ NOTKANI,401030257,"25.0384597169658, 68.7935710730622",Matli,Haji Sawan
21811,GBPS : MUREED TALPUR,901000087,"0, 0",Matli,Haji Sawan
34884,GBPS : MUHAMMAD QASIM BAGRANI,401030633,"25.1165566859948, 68.9887947416073",Matli,Dumbalo
34891,GBPS : MUHAMMAD HANIF NIZAMANI,401030020,"24.997081724716, 68.8404808940986",Matli,Haji Sawan
34892,GBPS : ALLAH JURIO BHATTI,401030251,"25.0273003886807, 68.8497709484376",Matli,Thari
34893,GBPS : AHMED KHAN KHASKHELI,401030514,"25.0605774820505, 68.7589837427293",Matli,Haji Sawan
34894,GBPS : KIRAR NOTKANI,401030612,"25.0161961281621, 68.8002654309854",Matli,Haji Sawan
34897,GBPS : KACHHI MOHALLA,401030494,"25.0408039733679, 68.6538118846825",Matli,Matli-Mc
34977,GBPS : DIN MUHAMMAD LAGHARI,401030002,"25.1556, 68.8781",Matli,Ghulam Shah Laghari
34978,GBPS : HAJI QADIR BUX MEMON,401030269,"25.1435086442113, 68.8657951230495",Matli,Ghulam Shah Laghari
34980,GBPS : ALI BUX GEHLRO,401030386,"25.1778520225728, 68.8715766009943",Matli,Ghulam Shah Laghari
34981,GBLSS : HAJI ABDUL MAJEED GAHLRO,401030662,"25.1789556656957, 68.873336526475",Matli,Ghulam Shah Laghari
1403,GBPS : MUHAMMAD RAMZAN LUND,401020479,"24.628763654968, 68.6117923977235","Shaheed Fazal Rahu, Golarchi",Tarai
1431,GGPS : MUHAMMAD BUX JATOI,401020126,"24.6670741323916, 68.5438191895185","Shaheed Fazal Rahu, Golarchi",Golarchi-S.F.Rao-Tc
1433,GGPS : MASOO KHAN TALPUR,401020156,"24.6761240660094, 68.5470780723296","Shaheed Fazal Rahu, Golarchi",Golarchi-S.F.Rao-Tc
1435,GGPS : MANRO MAL MAKWANA,401020158,"24.6580844838934, 68.5352320975808","Shaheed Fazal Rahu, Golarchi",Golarchi-S.F.Rao-Tc
1438,GBPS : MUHAMMAD HASHIM SAMEJO,401020270,"24.6551605155656, 68.5189417008061","Shaheed Fazal Rahu, Golarchi",Golarchi-S.F.Rao-Tc
1441,GBPS : SHAFI MUHAMMAD JATOI,401020275,"24.6790463248228, 68.5340988647934","Shaheed Fazal Rahu, Golarchi",Golarchi-S.F.Rao-Tc
1444,GBPS : AHMED MEMON,401020287,"24.6460761490923, 68.5200105622903","Shaheed Fazal Rahu, Golarchi",Golarchi-S.F.Rao-Tc
1451,GBPS : IBRAHIM JATOI,401020352,"24.6675274956619, 68.5435274998096","Shaheed Fazal Rahu, Golarchi",Golarchi-S.F.Rao-Tc
1452,GBPS : SIDDIQUE JATOI,401020353,"24.6472255978338, 68.5243771970272","Shaheed Fazal Rahu, Golarchi",Golarchi-S.F.Rao-Tc
1461,GBPS : SATRAMDAS PERMAR,401020409,"24.6861073567732, 68.5298012935869","Shaheed Fazal Rahu, Golarchi",Golarchi-S.F.Rao-Tc
1463,GBPS : HAJI USMAN JAT,401020440,"24.6961647826695, 68.5300319643815","Shaheed Fazal Rahu, Golarchi",Golarchi-S.F.Rao-Tc
1466,GBPS : KIRSHAN LAL MAKWANA,401020448,"24.6541647197947, 68.5257048862194","Shaheed Fazal Rahu, Golarchi",Golarchi-S.F.Rao-Tc
1469,GBPS : MANRO MAL MAKWANA,401020524,"24.6580649824794, 68.5352173461512","Shaheed Fazal Rahu, Golarchi",Golarchi-S.F.Rao-Tc
1477,GBPS : MAHER DIN MARI AT NET RAJ CHAOHAN,401020077,"24.6618432272089, 68.5275649849632","Shaheed Fazal Rahu, Golarchi",Golarchi-S.F.Rao-Tc
1496,GBPS : ALLAH DINO NOTKANI,401020278,"24.7342858853456, 68.5324251712434","Shaheed Fazal Rahu, Golarchi",Dadhako
1506,GBPS : GHULAM ALI SAMOON,401020307,"24.7405904137785, 68.5320228419135","Shaheed Fazal Rahu, Golarchi",Dubi
1507,GBPS : SULEMAN KHASKHELI AT JAKHRO NOHANI,401020308,"24.722723393356, 68.5450100736956","Shaheed Fazal Rahu, Golarchi",Dadhako
1523,GBPS : HAJI MITHO NOTKANI,401020358,"24.7390556905383, 68.5430252572256","Shaheed Fazal Rahu, Golarchi",Dadhako
1526,GBPS : ARAB NOHANI,401020398,"24.7217904661856, 68.5529647912904","Shaheed Fazal Rahu, Golarchi",Dadhako
1544,GBPS : SIVIEE KOLHI,401020512,"24.7324940332164, 68.5392057879774","Shaheed Fazal Rahu, Golarchi",Dadhako
1555,GBPS : BADAL KHAN CHANDIO,401020047,"24.6574080399724, 68.6395177250105","Shaheed Fazal Rahu, Golarchi",Tarai
1559,GBPS : HAYAT KHAN RIND,401020072,"24.6474703560237, 68.5915987194578","Shaheed Fazal Rahu, Golarchi",Tarai
1561,GBPS : MUHAMMAD YOUSIF ZEEND PUR,401020075,"24.6548082702793, 68.6313155132586","Shaheed Fazal Rahu, Golarchi",Tarai
1562,GBPS : MUHAMMAD IBRAHIM CHANDIO,401020076,"24.6522901076989, 68.6406295002003","Shaheed Fazal Rahu, Golarchi",Tarai
1569,GGELS : MUHAMMAD IBRAHIM CHANDIO,401020124,"24.6507067859858, 68.6399294426544","Shaheed Fazal Rahu, Golarchi",Tarai
1573,GGPS : YOUSIF ZENDPUR,401020136,"24.6548411779049, 68.6313329636554","Shaheed Fazal Rahu, Golarchi",Tarai
1575,GGPS : ALLAH DINO JALALANI,401020139,"24.6593422907127, 68.6210292482408","Shaheed Fazal Rahu, Golarchi",Tarai
1577,GBPS : ALLAH DINO JALALANI,401020296,"24.6593057309683, 68.6208173696179","Shaheed Fazal Rahu, Golarchi",Tarai
1586,GBPS : PERSU MAL KHOLHI,401020382,"24.6255281546768, 68.6304344192162","Shaheed Fazal Rahu, Golarchi",Tarai
1589,GBPS : MUHAMMAD IQBAL,401020416,"24.6145725544365, 68.6269408480321","Shaheed Fazal Rahu, Golarchi",Tarai
1590,GBPS : DIL MURAD BROHI,401020419,"24.6289977562492, 68.6038389820848","Shaheed Fazal Rahu, Golarchi",Tarai
1591,GBPS : BACHAL NOHRI@THANWER KOLHI,401020420,"24.6384344790701, 68.6551402502261","Shaheed Fazal Rahu, Golarchi",Tarai
1594,GBPS : BACHOO NOHRIO,401020423,"24.6232541978702, 68.6697019944803","Shaheed Fazal Rahu, Golarchi",Tarai
1597,GBPS : MUHAMMAD ARAB NOHRIO,401020426,"24.5960497332843, 68.6190511337899","Shaheed Fazal Rahu, Golarchi",Tarai
1601,GBPS : ALI MUHAMMAD ODHEJO,401020430,"24.6187593001026, 68.5941159772857","Shaheed Fazal Rahu, Golarchi",Tarai
1602,GBPS : PHOTO KHAN KHOSO,401020443,"24.6440746487768, 68.6216676214345","Shaheed Fazal Rahu, Golarchi",Tarai
1605,GBPS : MUHAMMAD ESSA BROHI,401020459,"24.6417211670624, 68.6007084829907","Shaheed Fazal Rahu, Golarchi",Tarai
1610,GBPS : ALLAH BUX MEMON,401020464,"24.6604279004918, 68.6584352527088","Shaheed Fazal Rahu, Golarchi",Tarai
1615,GBPS : AHMED NOHERIO,401020470,"24.6034818710989, 68.6252321077347","Shaheed Fazal Rahu, Golarchi",Tarai
1616,GBPS : MUHAMMAD KHAN NOHERIO,401020471,"24.6121334680569, 68.6511698017667","Shaheed Fazal Rahu, Golarchi",Tarai
1619,GBPS : CHAKAR KHAN LUND,401020476,"24.6341585674924, 68.6394158005715","Shaheed Fazal Rahu, Golarchi",Tarai
1620,GBPS : CHAK NO.22,401020477,"24.6079099764554, 68.6403117207141","Shaheed Fazal Rahu, Golarchi",Tarai
1633,GGPS : SALEH KHASKHELI @ HAJI FAZAL MUHAMM,401020146,"24.672486965337, 68.6033387445479","Shaheed Fazal Rahu, Golarchi",Dadhako
1634,GGPS : ISHAQUE JAT @ MUHAMMAD ILYAS KALHOR,401020154,"24.7051950471421, 68.5869666097727","Shaheed Fazal Rahu, Golarchi",Dadhako
1639,GBPS : HAJI CHANESAR JAT,401020239,"24.7037840721387, 68.5543227168926","Shaheed Fazal Rahu, Golarchi",Dadhako
1640,GBPS : MOLVI ABDUL KARIM JAT,401020240,"24.6986228993713, 68.5660352509215","Shaheed Fazal Rahu, Golarchi",Dadhako
1641,GBPS : IMAM BUX BHATTI,401020241,"24.6810654305535, 68.5481687871386","Shaheed Fazal Rahu, Golarchi",Dadhako
1642,GBPS : BILAWAL LAGHARI,401020242,"24.6854591475733, 68.5944993030695","Shaheed Fazal Rahu, Golarchi",Dadhako
1643,GBPS : MUHAMMAD JUMAN SOLANGI,401020243,"24.6684644702628, 68.5699917648711","Shaheed Fazal Rahu, Golarchi",Dadhako
1648,GBPS : MUHAMMAD USMAN JAT,401020250,"24.703218734692, 68.5368206334357","Shaheed Fazal Rahu, Golarchi",Dadhako
1649,GBPS : HAJI KHAN AHMEDANI,401020251,"24.69633874169, 68.6013982481397","Shaheed Fazal Rahu, Golarchi",Dadhako
1650,GBPS : KHUDA BUX AHMEDANI,401020252,"24.6998685677035, 68.6153798877529","Shaheed Fazal Rahu, Golarchi",Dadhako
1651,GBPS : AHMED SAMOON,401020253,"24.7286737176738, 68.580621808046","Shaheed Fazal Rahu, Golarchi",Dadhako
1654,GBPS : CHAK NO. 13,401020256,"24.729981756937, 68.5985166379766","Shaheed Fazal Rahu, Golarchi",Dadhako
1657,GBPS : CHAK NO. 18,401020291,"24.6701207843285, 68.5787361922363","Shaheed Fazal Rahu, Golarchi",Dadhako
1658,GBPS : CHAK NO. 14,401020292,"24.7167309946826, 68.5844466090202","Shaheed Fazal Rahu, Golarchi",Dadhako
1659,GBPS : CHAK NO. 15,401020293,"24.6967325708687, 68.5865568335056","Shaheed Fazal Rahu, Golarchi",Dadhako
1663,GBPS : PUNHOON CHANG @ MUHAMMAD SALEH CHAN,401020368,"24.7124463651174, 68.5710255038276","Shaheed Fazal Rahu, Golarchi",Dadhako
1665,GBPS : MUHAMMAD JUMAN MEMON @ MUKHTIAR LAS,401020399,"24.7095931136575, 68.5998196891425","Shaheed Fazal Rahu, Golarchi",Dadhako
1667,GBPS : FAZAL MUHAMMAD DAHERI,401020450,"24.6724510298162, 68.6034520717592","Shaheed Fazal Rahu, Golarchi",Dadhako
1668,GBPS : ACHAR KAMDAR,401020454,"24.6808790981565, 68.5741335116892","Shaheed Fazal Rahu, Golarchi",Dadhako
1670,GBPS : NOOR MUHAMMAD GHAUBHER,401020484,"24.7359746584931, 68.56608688789","Shaheed Fazal Rahu, Golarchi",Dadhako
1672,GBPS : KHOSHI MUHAMMAD JAT,401020487,"24.7098672360597, 68.5548980524905","Shaheed Fazal Rahu, Golarchi",Dadhako
2232,GBPS : KHAN UNAR,401030027,"25.2578211812909, 68.7582329137077",Matli,Manik Laghari
2233,GBPS : MANIK LAGHARI,401030028,"25.2198399574714, 68.7458536740226",Matli,Manik Laghari
2234,GBPS : MUHAMMAD KHAN ZOUR,401030029,"25.2653092790423, 68.7386711011385",Matli,Manik Laghari
2235,GBPS : ALLAH DINO SIREWAL,401030063,"25.2331724903802, 68.7327967892106",Matli,Manik Laghari
2236,GBPS : SIKANDAR LAGHARI,401030065,"25.253798, 68.727695",Matli,Manik Laghari
2238,GBELS : KHUDA BUX LAGHARI,401030089,"25.1866298752723, 68.7806515474782",Matli,Haji Allah Dino Surewal @ Kalro Mori
2239,GGPS : MUHAMMAD KHAN ZOUNR,401030104,"25.2657591819979, 68.7373453484272",Matli,Manik Laghari
2240,GGELS : SHAH MUHAMMAD SHAHANI,401030107,"25.1939146306538, 68.7594445019535",Matli,Haji Allah Dino Surewal @ Kalro Mori
2241,GGPS : KHUDA BUX SHAHANI,401030108,"25.1863798367044, 68.781242035444",Matli,Manik Laghari
2242,GGPS : DAIM KHASKHELI,401030109,"25.1504986567941, 68.7654736933457",Matli,Haji Allah Dino Surewal @ Kalro Mori
2243,GGPS : SOOFI ABAD,401030110,"25.1939101522508, 68.7682296024155",Matli,Haji Allah Dino Surewal @ Kalro Mori
2244,GGPS : ALLAH DITO DANO,401030111,"25.24783890698, 68.7264316854009",Matli,Manik Laghari
2246,GGPS : HAJI ALLAH DINO LAGHARI,401030115,"25.2341284781679, 68.7344984689537",Matli,Manik Laghari
2247,GGPS : MANIK LAGHARI,401030154,"25.220764668224, 68.7457680308059",Matli,Manik Laghari
2248,GGPS : WALI MUHAMMAD LAGHARI,401030170,"25.181816308404, 68.7722589976708",Matli,Haji Allah Dino Surewal @ Kalro Mori
2249,GGPS : SIKANDAR KHAN LAGHARI,401030171,"25.2529669627773, 68.7291947312414",Matli,Manik Laghari
2251,GBPS : DITTO DAIDANO,401030321,"25.2486170373289, 68.7266734270885",Matli,Manik Laghari
2252,GBPS : GULAB LAGHARI,401030322,"25.213509383984, 68.7828942649661",Matli,Manik Laghari
2253,GBPS : WALI MUHAMMAD LAGHARI,401030323,"25.181834700742, 68.7722180607196",Matli,Haji Allah Dino Surewal @ Kalro Mori
2254,GBPS : SHER MUHAMMAD LAGHARI,401030324,"25.2283383773717, 68.771016415398",Matli,Manik Laghari
2255,GBPS : SHAH MUHAMMAD SHAHANI,401030325,"25.193570339467, 68.7592636217587",Matli,Haji Allah Dino Surewal @ Kalro Mori
2256,GBPS : KHAN MUHAMMAD LAGHARI,401030326,"25.1800727296566, 68.7471297068613",Matli,Haji Allah Dino Surewal @ Kalro Mori
2257,GBPS : BACHAL MACHHI,401030327,"25.2328821280912, 68.7158906219539",Matli,Manik Laghari
2258,GBPS : HUSSAIN BUX LAGHARI,401030328,"25.185275416046, 68.7745535024568",Matli,Haji Allah Dino Surewal @ Kalro Mori
2260,GBPS : SAJAN KHASKHELI,401030341,"25.1495881587917, 68.7652221980728",Matli,Haji Allah Dino Surewal @ Kalro Mori
2266,GBPS : THAROO DAL,401030435,"25.163220454511, 68.7689477025257",Matli,Haji Allah Dino Surewal @ Kalro Mori
2268,GBPS : HAJI KHADIM HUSSAIN MACHHI,401030437,"25.233756198982, 68.7020915624612",Matli,Manik Laghari
2270,GBPS : NOOR MUHAMMAD NIZAMANI AT AGHAMANO,401030440,"25.2323979032048, 68.7771367208826",Matli,Manik Laghari
2271,GBPS : USMAN KHASKELI,401030441,"25.1415183400729, 68.7826712733613",Matli,Haji Allah Dino Surewal @ Kalro Mori
2272,GBPS : SARANG LAGHARI,401030442,"25.2348107570052, 68.7697569819346",Matli,Manik Laghari
2274,GBPS : AZAM DASTI,401030444,"25.1515694491095, 68.7799567742148",Matli,Haji Allah Dino Surewal @ Kalro Mori
2275,GBPS : NAWAB IMDAD ALI TALPUR,401030446,"25.1595708406993, 68.7463139853872",Matli,Haji Allah Dino Surewal @ Kalro Mori
2276,GBPS : BELANDO BAGRANI,401030447,"25.2627983484125, 68.7466491668762",Matli,Manik Laghari
2277,GBPS : PIR MUHAMMAD NIZAMANI,401030448,"25.1444, 68.7878",Matli,Haji Allah Dino Sirewal @ Kalro Mon
2278,GBPS : KALROO MORI,401030542,"25.1424118875831, 68.7611468095682",Matli,Haji Allah Dino Surewal @ Kalro Mori
2279,GBPS : HAJIN ISHAQUE SHAHANI @ BILAWAL LAG,401030543,"25.2513491636618, 68.7748952329617",Matli,Manik Laghari
2280,GBPS : HAJI MUHAMMAD HASHIM LAGHARI,401030544,"25.1939122034861, 68.7526379326225",Matli,Haji Allah Dino Surewal @ Kalro Mori
2281,GBPS : SHAH MUHAMMAD TALPUR,401030565,"25.1911, 68.7961",Matli,Manik Laghari
2282,GBPS : MITHO LAGHARI / SHAHANI,401030566,"25.2014792248779, 68.7750262283019",Matli,Haji Allah Dino Surewal @ Kalro Mori
2283,GBPS : KHAIR MUHAMMAD LAGHARI,401030567,"25.1807494216601, 68.7463625814797",Matli,Haji Allah Dino Surewal @ Kalro Mori
2286,GBLSS : MANIK LAGHARI,401030648,"25.2198590056007, 68.7457012289295",Matli,Manik Laghari
2288,GBLSS : KALRO MORI,401030675,"25.1443078056741, 68.7656363848857",Matli,Haji Allah Dino Surewal @ Kalro Mori
2290,GBHSS : GULAB LAGHARI,401030699,"25.214386740455, 68.7833057588318",Matli,Manik Laghari
2292,GBPS : ALLAH BUX PHALKARO,401030026,"25.174956430908, 68.7906060189584",Matli,Haji Allah Dino Surewal @ Kalro Mori
2296,GGPS : PANDHI PHALKARA,401030197,"25.1745223515249, 68.7909190255751",Matli,Haji Allah Dino Surewal @ Kalro Mori
2312,GBPS : RANJHO DASTI,401030378,"25.137424771948, 68.7970898831753",Matli,Haji Allah Dino Surewal @ Kalro Mori
2319,GBPS : HAJI MEVO PHALKARO,401030508,"25.166094101995, 68.8193816625927",Matli,Haji Allah Dino Surewal @ Kalro Mori
2331,GBPS : WALI MUHAMMAD LAGHARI,401030646,"25.1763102963851, 68.784579929729",Matli,Haji Allah Dino Surewal @ Kalro Mori
2332,GBLSS : HAJI MEVO PHALKARO,401030684,"25.1659700881076, 68.8186398425654",Matli,Haji Allah Dino Surewal @ Kalro Mori
21017,GBPS : BRANCH GHAREEB ABAD,401020579,"24.7300401664753, 68.5856173919853","Shaheed Fazal Rahu, Golarchi",Dadhako
21273,GBPS : FAIZ MUHAMMAD SAMEJO @ MIR MUHAMMAD,401020137,"24.7005249014838, 68.6266679401753","Shaheed Fazal Rahu, Golarchi",Tarai
34493,GGPS : BHAGWAN DAS,401020088,"24.6755653228999, 68.529726863677","Shaheed Fazal Rahu, Golarchi",Golarchi-S.F.Rao-Tc
34503,GBPS : MUHAMOOD KHOSO,401020417,"24.6466168976383, 68.6086025520371","Shaheed Fazal Rahu, Golarchi",Tarai
34508,GBPS : MUHAMMAD UMER JAT,401020245,"24.6724601781491, 68.6126010861446","Shaheed Fazal Rahu, Golarchi",Dadhako
34509,GBPS : ISMAIL AHMEDANI,401020294,"24.6792609100008, 68.5638114337317","Shaheed Fazal Rahu, Golarchi",Golarchi-S.F.Rao-Tc
34510,GBPS : MUHAMMAD HASHIM KHASKHELI,401020486,"24.6758373545285, 68.5719222266281","Shaheed Fazal Rahu, Golarchi",Dadhako
34975,GBPS : JIANDO KHAN LAGHARI,401030433,"25.2070257519837, 68.7810389701333",Matli,Haji Allah Dino Surewal @ Kalro Mori
40036,GGLSS : GULAB LAGHARI,401030655,"25.2157235409259, 68.778395322103",Matli,Manik Laghari
